Timestamp [h],BATT_007_OCV_V_100-SOC
0,1.471
0.0166666666666667,1.435
0.0333333333333333,1.43
0.05,1.427
0.0666666666666667,1.425949
0.0833333333333333,1.423935
0.1,1.422
0.116666666666667,1.421
0.133333333333333,1.42
0.15,1.419
0.166666666666667,1.418149
0.183333333333333,1.418
0.2,1.417819
0.216666666666667,1.417
0.233333333333333,1.416
0.25,1.415
0.266666666666667,1.415
0.283333333333333,1.414
0.3,1.414
0.316666666666667,1.414
0.333333333333333,1.413
0.35,1.413
0.366666666666667,1.412
0.383333333333333,1.412
0.4,1.411
0.416666666666667,1.411
0.433333333333333,1.411
0.45,1.41
0.466666666666667,1.41
0.483333333333333,1.41
0.5,1.409
0.516666666666667,1.409
0.533333333333333,1.408501
0.55,1.408486
0.566666666666667,1.408
0.583333333333333,1.408
0.6,1.408
0.616666666666667,1.407592
0.633333333333333,1.407
0.65,1.407
0.666666666666667,1.407
0.683333333333333,1.407
0.7,1.406315
0.716666666666667,1.406
0.733333333333333,1.406
0.75,1.406
0.766666666666667,1.405244
0.783333333333333,1.405
0.8,1.405
0.816666666666667,1.405
0.833333333333333,1.405
0.85,1.404838
0.866666666666667,1.404
0.883333333333333,1.404
0.9,1.404
0.916666666666667,1.404
0.933333333333333,1.404
0.95,1.404
0.966666666666667,1.404
0.983333333333333,1.403
1,1.403
1.01666666666667,1.403
1.03333333333333,1.403
1.05,1.402974
1.06666666666667,1.402042
1.08333333333333,1.402062
1.1,1.402
1.11666666666667,1.402
1.13333333333333,1.402
1.15,1.402
1.16666666666667,1.402
1.18333333333333,1.401153
1.2,1.401
1.21666666666667,1.401
1.23333333333333,1.401
1.25,1.401
1.26666666666667,1.401
1.28333333333333,1.401
1.3,1.400739
1.31666666666667,1.400716
1.33333333333333,1.4
1.35,1.4
1.36666666666667,1.4
1.38333333333333,1.4
1.4,1.4
1.41666666666667,1.399613
1.43333333333333,1.4
1.45,1.4
1.46666666666667,1.399441
1.48333333333333,1.39946
1.5,1.399
1.51666666666667,1.399
1.53333333333333,1.399
1.55,1.399
1.56666666666667,1.399
1.58333333333333,1.399
1.6,1.399
1.61666666666667,1.398591
1.63333333333333,1.398603
1.65,1.398384
1.66666666666667,1.398
1.68333333333333,1.398
1.7,1.398
1.71666666666667,1.398319
1.73333333333333,1.398
1.75,1.398
1.76666666666667,1.398
1.78333333333333,1.398
1.8,1.397229
1.81666666666667,1.397209
1.83333333333333,1.39719
1.85,1.397
1.86666666666667,1.397
1.88333333333333,1.397
1.9,1.397
1.91666666666667,1.397
1.93333333333333,1.397
1.95,1.397
1.96666666666667,1.397
1.98333333333333,1.396028
2,1.396
2.01666666666667,1.397
2.03333333333333,1.396
2.05,1.396
2.06666666666667,1.396
2.08333333333333,1.396
2.1,1.396
2.11666666666667,1.396
2.13333333333333,1.396
2.15,1.396
2.16666666666667,1.396
2.18333333333333,1.395846
2.2,1.395166
2.21666666666667,1.395819
2.23333333333333,1.395196
2.25,1.395789
2.26666666666667,1.396
2.28333333333333,1.395761
2.3,1.395
2.31666666666667,1.395
2.33333333333333,1.395
2.35,1.395
2.36666666666667,1.395
2.38333333333333,1.395
2.4,1.395
2.41666666666667,1.395
2.43333333333333,1.395
2.45,1.395
2.46666666666667,1.395
2.48333333333333,1.395
2.5,1.395
2.51666666666667,1.395
2.53333333333333,1.395
2.55,1.395
2.56666666666667,1.394489
2.58333333333333,1.395
2.6,1.394523
2.61666666666667,1.394458
2.63333333333333,1.394
2.65,1.394
2.66666666666667,1.394
2.68333333333333,1.39462
2.7,1.394
2.71666666666667,1.394
2.73333333333333,1.394
2.75,1.394
2.76666666666667,1.394
2.78333333333333,1.394
2.8,1.394
2.81666666666667,1.394
2.83333333333333,1.394
2.85,1.393768
2.86666666666667,1.394
2.88333333333333,1.393811
2.9,1.393171
2.91666666666667,1.393156
2.93333333333333,1.393139
2.95,1.393
2.96666666666667,1.393
2.98333333333333,1.393
3,1.393
3.01666666666667,1.393
3.03333333333333,1.393
3.05,1.393
3.06666666666667,1.393
3.08333333333333,1.393
3.1,1.393
3.11666666666667,1.393
3.13333333333333,1.393
3.15,1.392914
3.16666666666667,1.393
3.18333333333333,1.393
3.2,1.393
3.21666666666667,1.392842
3.23333333333333,1.393
3.25,1.392191
3.26666666666667,1.393
3.28333333333333,1.392789
3.3,1.392
3.31666666666667,1.392
3.33333333333333,1.392243
3.35,1.392258
3.36666666666667,1.392
3.38333333333333,1.392
3.4,1.392686
3.41666666666667,1.392
3.43333333333333,1.392
3.45,1.392
3.46666666666667,1.392
3.48333333333333,1.392
3.5,1.392
3.51666666666667,1.392
3.53333333333333,1.392
3.55,1.392
3.56666666666667,1.392
3.58333333333333,1.392
3.6,1.392
3.61666666666667,1.392
3.63333333333333,1.392
3.65,1.392
3.66666666666667,1.392
3.68333333333333,1.392
3.7,1.391597
3.71666666666667,1.391
3.73333333333333,1.392
3.75,1.391347
3.76666666666667,1.391329
3.78333333333333,1.391693
3.8,1.391
3.81666666666667,1.391725
3.83333333333333,1.39126
3.85,1.391
3.86666666666667,1.391
3.88333333333333,1.391
3.9,1.391
3.91666666666667,1.391
3.93333333333333,1.39185
3.95,1.391
3.96666666666667,1.391
3.98333333333333,1.391
4,1.391
4.01666666666667,1.391
4.03333333333333,1.391
4.05,1.391
4.06666666666667,1.391
4.08333333333333,1.391
4.1,1.391
4.11666666666667,1.391
4.13333333333333,1.391
4.15,1.391
4.16666666666667,1.391
4.18333333333333,1.391
4.2,1.391
4.21666666666667,1.391
4.23333333333333,1.390846
4.25,1.390828
4.26666666666667,1.391
4.28333333333333,1.391
4.3,1.391
4.31666666666667,1.391
4.33333333333333,1.390258
4.35,1.390272
4.36666666666667,1.391
4.38333333333333,1.39
4.4,1.39
4.41666666666667,1.391
4.43333333333333,1.39
4.45,1.390359
4.46666666666667,1.390624
4.48333333333333,1.39
4.5,1.39
4.51666666666667,1.39
4.53333333333333,1.39
4.55,1.39
4.56666666666667,1.39
4.58333333333333,1.39
4.6,1.39
4.61666666666667,1.39
4.63333333333333,1.39
4.65,1.39
4.66666666666667,1.39
4.68333333333333,1.39
4.7,1.39
4.71666666666667,1.39
4.73333333333333,1.39
4.75,1.389374
4.76666666666667,1.39
4.78333333333333,1.39
4.8,1.39
4.81666666666667,1.39
4.83333333333333,1.39
4.85,1.39
4.86666666666667,1.389275
4.88333333333333,1.389
4.9,1.389
4.91666666666667,1.389232
4.93333333333333,1.389776
4.95,1.389
4.96666666666667,1.389
4.98333333333333,1.38983
5,1.389
5.01666666666667,1.389
5.03333333333333,1.389113
5.05,1.389899
5.06666666666667,1.389
5.08333333333333,1.389
5.1,1.389
5.11666666666667,1.389
5.13333333333333,1.389
5.15,1.389
5.16666666666667,1.389
5.18333333333333,1.389
5.2,1.389
5.21666666666667,1.389
5.23333333333333,1.389
5.25,1.389
5.26666666666667,1.388886
5.28333333333333,1.389
5.3,1.389
5.31666666666667,1.389
5.33333333333333,1.389
5.35,1.389
5.36666666666667,1.389
5.38333333333333,1.389
5.4,1.388234
5.41666666666667,1.389
5.43333333333333,1.388738
5.45,1.389
5.46666666666667,1.388
5.48333333333333,1.38831
5.5,1.388672
5.51666666666667,1.388
5.53333333333333,1.388638
5.55,1.388384
5.56666666666667,1.388
5.58333333333333,1.388
5.6,1.388
5.61666666666667,1.388
5.63333333333333,1.388
5.65,1.388
5.66666666666667,1.388
5.68333333333333,1.388
5.7,1.388
5.71666666666667,1.388
5.73333333333333,1.388
5.75,1.388
5.76666666666667,1.388
5.78333333333333,1.388
5.8,1.388
5.81666666666667,1.388
5.83333333333333,1.388
5.85,1.388
5.86666666666667,1.388
5.88333333333333,1.388
5.9,1.388
5.91666666666667,1.388
5.93333333333333,1.388
5.95,1.388
5.96666666666667,1.388
5.98333333333333,1.388
6,1.387214
6.01666666666667,1.3872
6.03333333333333,1.387185
6.05,1.387832
6.06666666666667,1.387849
6.08333333333333,1.387
6.1,1.387
6.11666666666667,1.387895
6.13333333333333,1.387921
6.15,1.387
6.16666666666667,1.387
6.18333333333333,1.387
6.2,1.387
6.21666666666667,1.387
6.23333333333333,1.387
6.25,1.387
6.26666666666667,1.387
6.28333333333333,1.387
6.3,1.387
6.31666666666667,1.387
6.33333333333333,1.387
6.35,1.387
6.36666666666667,1.387
6.38333333333333,1.387
6.4,1.387
6.41666666666667,1.387
6.43333333333333,1.387
6.45,1.387
6.46666666666667,1.387
6.48333333333333,1.387
6.5,1.387
6.51666666666667,1.387
6.53333333333333,1.386727
6.55,1.387
6.56666666666667,1.386
6.58333333333333,1.386326
6.6,1.387
6.61666666666667,1.386359
6.63333333333333,1.386
6.65,1.386
6.66666666666667,1.386
6.68333333333333,1.386
6.7,1.386
6.71666666666667,1.386
6.73333333333333,1.386491
6.75,1.386505
6.76666666666667,1.386
6.78333333333333,1.386
6.8,1.386
6.81666666666667,1.386
6.83333333333333,1.386
6.85,1.386
6.86666666666667,1.386
6.88333333333333,1.386
6.9,1.386
6.91666666666667,1.386
6.93333333333333,1.386
6.95,1.386
6.96666666666667,1.386
6.98333333333333,1.386
7,1.386
7.01666666666667,1.386
7.03333333333333,1.386
7.05,1.385231
7.06666666666667,1.386
7.08333333333333,1.386
7.1,1.386
7.11666666666667,1.386
7.13333333333333,1.385855
7.15,1.386
7.16666666666667,1.385888
7.18333333333333,1.385908
7.2,1.385081
7.21666666666667,1.386
7.23333333333333,1.386
7.25,1.385033
7.26666666666667,1.385986
7.28333333333333,1.386
7.3,1.386
7.31666666666667,1.385
7.33333333333333,1.385043
7.35,1.385936
7.36666666666667,1.385919
7.38333333333333,1.385
7.4,1.385111
7.41666666666667,1.385
7.43333333333333,1.385
7.45,1.385
7.46666666666667,1.385
7.48333333333333,1.385
7.5,1.385
7.51666666666667,1.385
7.53333333333333,1.385
7.55,1.385
7.56666666666667,1.385
7.58333333333333,1.385
7.6,1.385
7.61666666666667,1.385
7.63333333333333,1.385
7.65,1.385
7.66666666666667,1.385
7.68333333333333,1.384372
7.7,1.385
7.71666666666667,1.385
7.73333333333333,1.385
7.75,1.384568
7.76666666666667,1.384549
7.78333333333333,1.384536
7.8,1.384482
7.81666666666667,1.384497
7.83333333333333,1.385
7.85,1.385
7.86666666666667,1.384537
7.88333333333333,1.384
7.9,1.384419
7.91666666666667,1.384405
7.93333333333333,1.385
7.95,1.384
7.96666666666667,1.384634
7.98333333333333,1.384
8,1.384
8.01666666666667,1.384
8.03333333333333,1.384
8.05,1.38429
8.06666666666667,1.384732
8.08333333333333,1.384
8.1,1.384244
8.11666666666667,1.384777
8.13333333333333,1.384
8.15,1.384
8.16666666666667,1.384
8.18333333333333,1.384
8.2,1.384
8.21666666666667,1.384
8.23333333333333,1.384
8.25,1.384
8.26666666666667,1.384
8.28333333333333,1.384
8.3,1.384
8.31666666666667,1.384
8.33333333333333,1.384
8.35,1.384
8.36666666666667,1.384
8.38333333333333,1.384
8.4,1.384
8.41666666666667,1.384
8.43333333333333,1.383
8.45,1.384
8.46666666666667,1.383884
8.48333333333333,1.384
8.5,1.384
8.51666666666667,1.383168
8.53333333333333,1.383815
8.55,1.383797
8.56666666666667,1.383784
8.58333333333333,1.383
8.6,1.38375
8.61666666666667,1.383
8.63333333333333,1.383
8.65,1.383
8.66666666666667,1.383
8.68333333333333,1.383
8.7,1.383
8.71666666666667,1.383
8.73333333333333,1.383
8.75,1.383
8.76666666666667,1.383
8.78333333333333,1.383
8.8,1.383
8.81666666666667,1.383
8.83333333333333,1.383
8.85,1.383
8.86666666666667,1.383
8.88333333333333,1.383
8.9,1.383
8.91666666666667,1.383
8.93333333333333,1.383
8.95,1.383
8.96666666666667,1.383
8.98333333333333,1.383
9,1.383
9.01666666666667,1.383
9.03333333333333,1.383
9.05,1.382702
9.06666666666667,1.383
9.08333333333333,1.383
9.1,1.382252
9.11666666666667,1.382
9.13333333333333,1.383
9.15,1.382205
9.16666666666667,1.382189
9.18333333333333,1.382
9.2,1.382
9.21666666666667,1.382
9.23333333333333,1.382
9.25,1.382
9.26666666666667,1.382897
9.28333333333333,1.382
9.3,1.382
9.31666666666667,1.382
9.33333333333333,1.382
9.35,1.382
9.36666666666667,1.382
9.38333333333333,1.382
9.4,1.382
9.41666666666667,1.382
9.43333333333333,1.382
9.45,1.382
9.46666666666667,1.382
9.48333333333333,1.382
9.5,1.382
9.51666666666667,1.382
9.53333333333333,1.382
9.55,1.382
9.56666666666667,1.382
9.58333333333333,1.382
9.6,1.381729
9.61666666666667,1.381303
9.63333333333333,1.381338
9.65,1.381374
9.66666666666667,1.382
9.68333333333333,1.382
9.7,1.382
9.71666666666667,1.381454
9.73333333333333,1.382
9.75,1.382
9.76666666666667,1.381
9.78333333333333,1.382
9.8,1.381
9.81666666666667,1.381551
9.83333333333333,1.381569
9.85,1.381409
9.86666666666667,1.38161
9.88333333333333,1.38137
9.9,1.381
9.91666666666667,1.381
9.93333333333333,1.381
9.95,1.381312
9.96666666666667,1.381
9.98333333333333,1.381
10,1.381
10.0166666666667,1.381
10.0333333333333,1.381
10.05,1.381
10.0666666666667,1.381
10.0833333333333,1.381
10.1,1.381
10.1166666666667,1.381
10.1333333333333,1.381
10.15,1.381
10.1666666666667,1.381
10.1833333333333,1.381
10.2,1.381
10.2166666666667,1.381
10.2333333333333,1.381
10.25,1.381
10.2666666666667,1.381
10.2833333333333,1.381
10.3,1.381
10.3166666666667,1.381
10.3333333333333,1.381
10.35,1.381
10.3666666666667,1.381
10.3833333333333,1.381
10.4,1.381
10.4166666666667,1.381
10.4333333333333,1.380174
10.45,1.381
10.4666666666667,1.381
10.4833333333333,1.380225
10.5,1.381
10.5166666666667,1.380257
10.5333333333333,1.381
10.55,1.381
10.5666666666667,1.381
10.5833333333333,1.38
10.6,1.38
10.6166666666667,1.380657
10.6333333333333,1.380354
10.65,1.380633
10.6666666666667,1.380622
10.6833333333333,1.38
10.7,1.381
10.7166666666667,1.38
10.7333333333333,1.38
10.75,1.38
10.7666666666667,1.38
10.7833333333333,1.380509
10.8,1.38
10.8166666666667,1.38
10.8333333333333,1.38
10.85,1.38
10.8666666666667,1.38
10.8833333333333,1.38
10.9,1.38
10.9166666666667,1.38
10.9333333333333,1.38
10.95,1.38
10.9666666666667,1.38
10.9833333333333,1.38
11,1.38
11.0166666666667,1.38
11.0333333333333,1.38
11.05,1.38
11.0666666666667,1.38
11.0833333333333,1.38
11.1,1.38
11.1166666666667,1.38
11.1333333333333,1.38
11.15,1.38
11.1666666666667,1.38
11.1833333333333,1.38
11.2,1.38
11.2166666666667,1.38
11.2333333333333,1.38
11.25,1.379036
11.2666666666667,1.379018
11.2833333333333,1.38
11.3,1.379
11.3166666666667,1.38
11.3333333333333,1.38
11.35,1.38
11.3666666666667,1.38
11.3833333333333,1.379901
11.4,1.38
11.4166666666667,1.379131
11.4333333333333,1.379153
11.45,1.379
11.4666666666667,1.379816
11.4833333333333,1.3798
11.5,1.379
11.5166666666667,1.379771
11.5333333333333,1.379
11.55,1.379734
11.5666666666667,1.379
11.5833333333333,1.379305
11.6,1.379317
11.6166666666667,1.379
11.6333333333333,1.379
11.65,1.379
11.6666666666667,1.379
11.6833333333333,1.379
11.7,1.379
11.7166666666667,1.379
11.7333333333333,1.379
11.75,1.379
11.7666666666667,1.379
11.7833333333333,1.379
11.8,1.379
11.8166666666667,1.379
11.8333333333333,1.379
11.85,1.379
11.8666666666667,1.379
11.8833333333333,1.379
11.9,1.379
11.9166666666667,1.379
11.9333333333333,1.379
11.95,1.379
11.9666666666667,1.379
11.9833333333333,1.379
12,1.379
12.0166666666667,1.379
12.0333333333333,1.378
12.05,1.379
12.0666666666667,1.379
12.0833333333333,1.379
12.1,1.379
12.1166666666667,1.379
12.1333333333333,1.379
12.15,1.379
12.1666666666667,1.378878
12.1833333333333,1.379
12.2,1.378913
12.2166666666667,1.378
12.2333333333333,1.379
12.25,1.378964
12.2666666666667,1.378975
12.2833333333333,1.378994
12.3,1.378008
12.3166666666667,1.378021
12.3333333333333,1.378
12.35,1.378059
12.3666666666667,1.379
12.3833333333333,1.378
12.4,1.378883
12.4166666666667,1.378136
12.4333333333333,1.378
12.45,1.378163
12.4666666666667,1.378
12.4833333333333,1.378
12.5,1.378
12.5166666666667,1.378
12.5333333333333,1.378
12.55,1.378
12.5666666666667,1.378
12.5833333333333,1.378
12.6,1.378
12.6166666666667,1.378
12.6333333333333,1.378
12.65,1.378
12.6666666666667,1.378
12.6833333333333,1.378
12.7,1.378
12.7166666666667,1.378
12.7333333333333,1.378
12.75,1.378
12.7666666666667,1.378
12.7833333333333,1.378
12.8,1.378
12.8166666666667,1.378
12.8333333333333,1.378
12.85,1.378
12.8666666666667,1.378
12.8833333333333,1.377594
12.9,1.378
12.9166666666667,1.378
12.9333333333333,1.377631
12.95,1.378
12.9666666666667,1.378
12.9833333333333,1.378
13,1.378
13.0166666666667,1.378
13.0333333333333,1.378
13.05,1.378
13.0666666666667,1.377
13.0833333333333,1.377239
13.1,1.377227
13.1166666666667,1.377206
13.1333333333333,1.37719
13.15,1.377826
13.1666666666667,1.377165
13.1833333333333,1.377
13.2,1.378
13.2166666666667,1.377109
13.2333333333333,1.377906
13.25,1.377081
13.2666666666667,1.377938
13.2833333333333,1.377
13.3,1.378
13.3166666666667,1.378
13.3333333333333,1.377
13.35,1.377
13.3666666666667,1.377
13.3833333333333,1.377
13.4,1.377934
13.4166666666667,1.377929
13.4333333333333,1.377
13.45,1.377
13.4666666666667,1.377
13.4833333333333,1.377
13.5,1.377
13.5166666666667,1.377
13.5333333333333,1.377818
13.55,1.377
13.5666666666667,1.377
13.5833333333333,1.377
13.6,1.377
13.6166666666667,1.377
13.6333333333333,1.377
13.65,1.377
13.6666666666667,1.377
13.6833333333333,1.377
13.7,1.377
13.7166666666667,1.377
13.7333333333333,1.377
13.75,1.377
13.7666666666667,1.377
13.7833333333333,1.377
13.8,1.377
13.8166666666667,1.377
13.8333333333333,1.377
13.85,1.377
13.8666666666667,1.377
13.8833333333333,1.377
13.9,1.377
13.9166666666667,1.377
13.9333333333333,1.377
13.95,1.377
13.9666666666667,1.377
13.9833333333333,1.37637
14,1.376358
14.0166666666667,1.377
14.0333333333333,1.377
14.05,1.377
14.0666666666667,1.377
14.0833333333333,1.377
14.1,1.377
14.1166666666667,1.377
14.1333333333333,1.377
14.15,1.377
14.1666666666667,1.376795
14.1833333333333,1.376806
14.2,1.377
14.2166666666667,1.376838
14.2333333333333,1.376858
14.25,1.37687
14.2666666666667,1.376881
14.2833333333333,1.376
14.3,1.376921
14.3166666666667,1.377
14.3333333333333,1.377
14.35,1.376026
14.3666666666667,1.376992
14.3833333333333,1.376988
14.4,1.376
14.4166666666667,1.376
14.4333333333333,1.376
14.45,1.37608
14.4666666666667,1.376
14.4833333333333,1.376
14.5,1.376
14.5166666666667,1.376
14.5333333333333,1.376
14.55,1.376
14.5666666666667,1.376
14.5833333333333,1.376
14.6,1.376
14.6166666666667,1.376
14.6333333333333,1.376
14.65,1.376
14.6666666666667,1.376
14.6833333333333,1.376
14.7,1.376
14.7166666666667,1.376
14.7333333333333,1.376
14.75,1.376
14.7666666666667,1.376
14.7833333333333,1.376
14.8,1.376
14.8166666666667,1.376
14.8333333333333,1.376
14.85,1.376
14.8666666666667,1.376
14.8833333333333,1.376
14.9,1.376
14.9166666666667,1.376
14.9333333333333,1.376
14.95,1.376
14.9666666666667,1.375573
14.9833333333333,1.376
15,1.376
15.0166666666667,1.376
15.0333333333333,1.376
15.05,1.376
15.0666666666667,1.376
15.0833333333333,1.376
15.1,1.376
15.1166666666667,1.376
15.1333333333333,1.376
15.15,1.376
15.1666666666667,1.376
15.1833333333333,1.375225
15.2,1.376
15.2166666666667,1.376
15.2333333333333,1.375173
15.25,1.376
15.2666666666667,1.376
15.2833333333333,1.375887
15.3,1.3759
15.3166666666667,1.376
15.3333333333333,1.376
15.35,1.375056
15.3666666666667,1.376
15.3833333333333,1.376
15.4,1.376
15.4166666666667,1.376
15.4333333333333,1.375967
15.45,1.375947
15.4666666666667,1.376
15.4833333333333,1.375
15.5,1.37591
15.5166666666667,1.375113
15.5333333333333,1.375
15.55,1.375
15.5666666666667,1.375
15.5833333333333,1.375
15.6,1.375831
15.6166666666667,1.375
15.6333333333333,1.375
15.65,1.375
15.6666666666667,1.375
15.6833333333333,1.375
15.7,1.375732
15.7166666666667,1.375
15.7333333333333,1.375
15.75,1.375
15.7666666666667,1.375
15.7833333333333,1.375
15.8,1.375
15.8166666666667,1.375
15.8333333333333,1.375
15.85,1.375
15.8666666666667,1.375
15.8833333333333,1.375
15.9,1.375455
15.9166666666667,1.375
15.9333333333333,1.375
15.95,1.375
15.9666666666667,1.375
15.9833333333333,1.375
16,1.375
16.0166666666667,1.375
16.0333333333333,1.375
16.05,1.375
16.0666666666667,1.375
16.0833333333333,1.375
16.1,1.375
16.1166666666667,1.375
16.1333333333333,1.375
16.15,1.375
16.1666666666667,1.375
16.1833333333333,1.375
16.2,1.375
16.2166666666667,1.375
16.2333333333333,1.375
16.25,1.375
16.2666666666667,1.375
16.2833333333333,1.375
16.3,1.375
16.3166666666667,1.375
16.3333333333333,1.375
16.35,1.375
16.3666666666667,1.374106
16.3833333333333,1.375
16.4,1.375
16.4166666666667,1.375
16.4333333333333,1.375
16.45,1.374968
16.4666666666667,1.375
16.4833333333333,1.375
16.5,1.375
16.5166666666667,1.375
16.5333333333333,1.375
16.55,1.374064
16.5666666666667,1.37408
16.5833333333333,1.375
16.6,1.374
16.6166666666667,1.374879
16.6333333333333,1.375
16.65,1.374848
16.6666666666667,1.374165
16.6833333333333,1.374181
16.7,1.3748
16.7166666666667,1.375
16.7333333333333,1.374
16.75,1.374
16.7666666666667,1.374735
16.7833333333333,1.374722
16.8,1.374
16.8166666666667,1.374
16.8333333333333,1.374
16.85,1.374
16.8666666666667,1.374635
16.8833333333333,1.374
16.9,1.374
16.9166666666667,1.374419
16.9333333333333,1.374
16.95,1.374
16.9666666666667,1.374
16.9833333333333,1.374
17,1.374
17.0166666666667,1.374
17.0333333333333,1.374
17.05,1.374
17.0666666666667,1.374
17.0833333333333,1.374
17.1,1.374
17.1166666666667,1.374
17.1333333333333,1.374
17.15,1.374
17.1666666666667,1.374
17.1833333333333,1.374
17.2,1.374
17.2166666666667,1.374
17.2333333333333,1.373721
17.25,1.374
17.2666666666667,1.374
17.2833333333333,1.374
17.3,1.374
17.3166666666667,1.374
17.3333333333333,1.374
17.35,1.374
17.3666666666667,1.374
17.3833333333333,1.374
17.4,1.374
17.4166666666667,1.374
17.4333333333333,1.374
17.45,1.374
17.4666666666667,1.374
17.4833333333333,1.374
17.5,1.374
17.5166666666667,1.374
17.5333333333333,1.373002
17.55,1.373986
17.5666666666667,1.374
17.5833333333333,1.374
17.6,1.374
17.6166666666667,1.374
17.6333333333333,1.374
17.65,1.373886
17.6666666666667,1.374
17.6833333333333,1.374
17.7,1.374
17.7166666666667,1.373175
17.7333333333333,1.373194
17.75,1.374
17.7666666666667,1.373774
17.7833333333333,1.373754
17.8,1.374
17.8166666666667,1.373726
17.8333333333333,1.373
17.85,1.373689
17.8666666666667,1.374
17.8833333333333,1.374
17.9,1.37336
17.9166666666667,1.373623
17.9333333333333,1.373393
17.95,1.374
17.9666666666667,1.373428
17.9833333333333,1.373
18,1.373
18.0166666666667,1.373464
18.0333333333333,1.373522
18.05,1.373492
18.0666666666667,1.373
18.0833333333333,1.373533
18.1,1.373
18.1166666666667,1.373
18.1333333333333,1.373426
18.15,1.373
18.1666666666667,1.373
18.1833333333333,1.373
18.2,1.373
18.2166666666667,1.373646
18.2333333333333,1.373
18.25,1.373
18.2666666666667,1.373314
18.2833333333333,1.373
18.3,1.373
18.3166666666667,1.373
18.3333333333333,1.373
18.35,1.373
18.3666666666667,1.373
18.3833333333333,1.373
18.4,1.373
18.4166666666667,1.373
18.4333333333333,1.373
18.45,1.373
18.4666666666667,1.373
18.4833333333333,1.373
18.5,1.373
18.5166666666667,1.373
18.5333333333333,1.373
18.55,1.373
18.5666666666667,1.373
18.5833333333333,1.373
18.6,1.373
18.6166666666667,1.373
18.6333333333333,1.373
18.65,1.373
18.6666666666667,1.373
18.6833333333333,1.373
18.7,1.373
18.7166666666667,1.373
18.7333333333333,1.373
18.75,1.373
18.7666666666667,1.373
18.7833333333333,1.373
18.8,1.373
18.8166666666667,1.373
18.8333333333333,1.373
18.85,1.373
18.8666666666667,1.373
18.8833333333333,1.373
18.9,1.373
18.9166666666667,1.373
18.9333333333333,1.373
18.95,1.373
18.9666666666667,1.373
18.9833333333333,1.373
19,1.373
19.0166666666667,1.372
19.0333333333333,1.373
19.05,1.372548
19.0666666666667,1.37253
19.0833333333333,1.373
19.1,1.372501
19.1166666666667,1.372
19.1333333333333,1.372528
19.15,1.372541
19.1666666666667,1.372
19.1833333333333,1.372
19.2,1.372417
19.2166666666667,1.372603
19.2333333333333,1.372
19.25,1.372373
19.2666666666667,1.373
19.2833333333333,1.372341
19.3,1.372
19.3166666666667,1.373
19.3333333333333,1.372704
19.35,1.372
19.3666666666667,1.372265
19.3833333333333,1.372253
19.4,1.372
19.4166666666667,1.372221
19.4333333333333,1.373
19.45,1.372806
19.4666666666667,1.372
19.4833333333333,1.372
19.5,1.372
19.5166666666667,1.372128
19.5333333333333,1.372
19.55,1.372
19.5666666666667,1.37291
19.5833333333333,1.372
19.6,1.372
19.6166666666667,1.372
19.6333333333333,1.372016
19.65,1.372
19.6666666666667,1.372
19.6833333333333,1.372
19.7,1.372
19.7166666666667,1.372058
19.7333333333333,1.372
19.75,1.372914
19.7666666666667,1.372
19.7833333333333,1.372
19.8,1.372
19.8166666666667,1.372145
19.8333333333333,1.372
19.85,1.372
19.8666666666667,1.372
19.8833333333333,1.372
19.9,1.372
19.9166666666667,1.372
19.9333333333333,1.372
19.95,1.372
19.9666666666667,1.372
19.9833333333333,1.372
20,1.372
20.0166666666667,1.372
20.0333333333333,1.372
20.05,1.372
20.0666666666667,1.372
20.0833333333333,1.37264
20.1,1.372
20.1166666666667,1.372
20.1333333333333,1.372
20.15,1.372
20.1666666666667,1.372
20.1833333333333,1.372
20.2,1.372
20.2166666666667,1.372
20.2333333333333,1.372
20.25,1.372
20.2666666666667,1.372
20.2833333333333,1.372
20.3,1.372
20.3166666666667,1.372
20.3333333333333,1.372
20.35,1.372
20.3666666666667,1.372
20.3833333333333,1.372
20.4,1.372
20.4166666666667,1.372
20.4333333333333,1.372
20.45,1.372
20.4666666666667,1.372
20.4833333333333,1.372
20.5,1.372
20.5166666666667,1.372
20.5333333333333,1.372
20.55,1.372
20.5666666666667,1.372
20.5833333333333,1.371842
20.6,1.372
20.6166666666667,1.372
20.6333333333333,1.372
20.65,1.372
20.6666666666667,1.371939
20.6833333333333,1.372
20.7,1.372
20.7166666666667,1.372
20.7333333333333,1.372
20.75,1.372
20.7666666666667,1.372
20.7833333333333,1.372
20.8,1.371061
20.8166666666667,1.371075
20.8333333333333,1.372
20.85,1.37111
20.8666666666667,1.372
20.8833333333333,1.371859
20.9,1.37184
20.9166666666667,1.371
20.9333333333333,1.371806
20.95,1.372
20.9666666666667,1.371
20.9833333333333,1.371239
21,1.371746
21.0166666666667,1.37173
21.0333333333333,1.371281
21.05,1.371296
21.0666666666667,1.371687
21.0833333333333,1.37132
21.1,1.371338
21.1166666666667,1.371357
21.1333333333333,1.371
21.15,1.371608
21.1666666666667,1.371
21.1833333333333,1.371
21.2,1.371
21.2166666666667,1.371453
21.2333333333333,1.371
21.25,1.371519
21.2666666666667,1.371
21.2833333333333,1.371495
21.3,1.371
21.3166666666667,1.371
21.3333333333333,1.371
21.35,1.371
21.3666666666667,1.371
21.3833333333333,1.371
21.4,1.371
21.4166666666667,1.371
21.4333333333333,1.371
21.45,1.371
21.4666666666667,1.371
21.4833333333333,1.371
21.5,1.371
21.5166666666667,1.371
21.5333333333333,1.371278
21.55,1.371
21.5666666666667,1.371
21.5833333333333,1.371
21.6,1.371
21.6166666666667,1.371798
21.6333333333333,1.371
21.65,1.371
21.6666666666667,1.371
21.6833333333333,1.371
21.7,1.371
21.7166666666667,1.371
21.7333333333333,1.371
21.75,1.371
21.7666666666667,1.371
21.7833333333333,1.371
21.8,1.371
21.8166666666667,1.371
21.8333333333333,1.371
21.85,1.371
21.8666666666667,1.371
21.8833333333333,1.371
21.9,1.371
21.9166666666667,1.371
21.9333333333333,1.371
21.95,1.371
21.9666666666667,1.371
21.9833333333333,1.371
22,1.371
22.0166666666667,1.371
22.0333333333333,1.371
22.05,1.370783
22.0666666666667,1.371
22.0833333333333,1.370248
22.1,1.371
22.1166666666667,1.371
22.1333333333333,1.371
22.15,1.370314
22.1666666666667,1.371
22.1833333333333,1.370338
22.2,1.371
22.2166666666667,1.371
22.2333333333333,1.370611
22.25,1.370597
22.2666666666667,1.371
22.2833333333333,1.371
22.3,1.371
22.3166666666667,1.371
22.3333333333333,1.370484
22.35,1.370492
22.3666666666667,1.37
22.3833333333333,1.371
22.4,1.370462
22.4166666666667,1.370446
22.4333333333333,1.370568
22.45,1.370414
22.4666666666667,1.370403
22.4833333333333,1.37
22.5,1.37063
22.5166666666667,1.370353
22.5333333333333,1.370658
22.55,1.37
22.5666666666667,1.37
22.5833333333333,1.370704
22.6,1.370717
22.6166666666667,1.370265
22.6333333333333,1.371
22.65,1.370237
22.6666666666667,1.371
22.6833333333333,1.37
22.7,1.37019
22.7166666666667,1.37083
22.7333333333333,1.370846
22.75,1.370857
22.7666666666667,1.37
22.7833333333333,1.37
22.8,1.37
22.8166666666667,1.37
22.8333333333333,1.370932
22.85,1.370051
22.8666666666667,1.37
22.8833333333333,1.37
22.9,1.37
22.9166666666667,1.370019
22.9333333333333,1.37
22.95,1.37
22.9666666666667,1.37
22.9833333333333,1.370074
23,1.37
23.0166666666667,1.37
23.0333333333333,1.37
23.05,1.37
23.0666666666667,1.37
23.0833333333333,1.370833
23.1,1.37
23.1166666666667,1.37
23.1333333333333,1.37
23.15,1.37
23.1666666666667,1.37
23.1833333333333,1.37
23.2,1.37
23.2166666666667,1.37
23.2333333333333,1.37
23.25,1.37
23.2666666666667,1.37
23.2833333333333,1.37
23.3,1.37
23.3166666666667,1.37
23.3333333333333,1.37
23.35,1.37
23.3666666666667,1.37
23.3833333333333,1.37
23.4,1.37
23.4166666666667,1.37
23.4333333333333,1.37
23.45,1.37
23.4666666666667,1.37
23.4833333333333,1.37
23.5,1.37
23.5166666666667,1.37
23.5333333333333,1.37
23.55,1.37
23.5666666666667,1.37
23.5833333333333,1.37
23.6,1.37
23.6166666666667,1.37
23.6333333333333,1.37
23.65,1.37
23.6666666666667,1.37
23.6833333333333,1.37
23.7,1.37
23.7166666666667,1.37
23.7333333333333,1.369217
23.75,1.37
23.7666666666667,1.37
23.7833333333333,1.37
23.8,1.369839
23.8166666666667,1.369858
23.8333333333333,1.37
23.85,1.37
23.8666666666667,1.37
23.8833333333333,1.37
23.9,1.369
23.9166666666667,1.37
23.9333333333333,1.37
23.95,1.37
23.9666666666667,1.37
23.9833333333333,1.369011
24,1.369
