Timestamp [h],BATT_001_OCV_V_20-SOC,BATT_001_OCV_V_40-SOC,BATT_001_OCV_V_50-SOC,BATT_001_OCV_V_60-SOC,BATT_001_OCV_V_80-SOC,BATT_001_OCV_V_100-SOC
0,3.285,3.332,3.348,3.347,3.399,3.594
0.0166666666666667,3.269,3.317,3.315,3.324,3.357,3.553
0.0333333333333333,3.267,3.314,3.312,3.32,3.353,3.529
0.05,3.265,3.313,3.31,3.318,3.35,3.511
0.0666666666666667,3.264,3.311,3.309,3.316,3.349,3.498
0.0833333333333333,3.264,3.311,3.308,3.316,3.348,3.487
0.1,3.263,3.311,3.308,3.315,3.347,3.478
0.116666666666667,3.263,3.31,3.307,3.314,3.346,3.471
0.133333333333333,3.262,3.309,3.306,3.313,3.345,3.465
0.15,3.262,3.309,3.306,3.313,3.345,3.459
0.166666666666667,3.262,3.309,3.306,3.312,3.344,3.455
0.183333333333333,3.261,3.309,3.306,3.312,3.344,3.45
0.2,3.261,3.308,3.306,3.312,3.344,3.446
0.216666666666667,3.261,3.308,3.305,3.311,3.343,3.443
0.233333333333333,3.261,3.307,3.305,3.311,3.343,3.44
0.25,3.261,3.307,3.305,3.311,3.343,3.438
0.266666666666667,3.26,3.307,3.304,3.311,3.343,3.435
0.283333333333333,3.26,3.307,3.305,3.311,3.343,3.433
0.3,3.26,3.307,3.305,3.31,3.343,3.431
0.316666666666667,3.26,3.307,3.305,3.31,3.342,3.429
0.333333333333333,3.26,3.306,3.304,3.31,3.342,3.427
0.35,3.259,3.306,3.304,3.31,3.342,3.425
0.366666666666667,3.259,3.306,3.304,3.31,3.342,3.424
0.383333333333333,3.259,3.306,3.303,3.31,3.342,3.423
0.4,3.259,3.306,3.304,3.309,3.342,3.422
0.416666666666667,3.259,3.306,3.304,3.309,3.341,3.42
0.433333333333333,3.259,3.306,3.304,3.309,3.341,3.419
0.45,3.259,3.306,3.303,3.309,3.341,3.418
0.466666666666667,3.259,3.306,3.303,3.309,3.341,3.417
0.483333333333333,3.259,3.306,3.303,3.309,3.341,3.417
0.5,3.259,3.306,3.303,3.308,3.341,3.416
0.516666666666667,3.259,3.305,3.303,3.309,3.341,3.414
0.533333333333333,3.258,3.305,3.303,3.308,3.341,3.414
0.55,3.258,3.305,3.303,3.308,3.341,3.413
0.566666666666667,3.259,3.305,3.303,3.308,3.341,3.413
0.583333333333333,3.258,3.305,3.303,3.308,3.34,3.412
0.6,3.258,3.305,3.303,3.308,3.341,3.411
0.616666666666667,3.258,3.305,3.303,3.308,3.341,3.411
0.633333333333333,3.258,3.305,3.303,3.308,3.341,3.41
0.65,3.258,3.305,3.302,3.308,3.341,3.41
0.666666666666667,3.258,3.305,3.302,3.308,3.341,3.409
0.683333333333333,3.258,3.305,3.302,3.308,3.34,3.409
0.7,3.257,3.304,3.302,3.308,3.34,3.408
0.716666666666667,3.258,3.305,3.302,3.308,3.34,3.408
0.733333333333333,3.257,3.305,3.302,3.308,3.34,3.407
0.75,3.257,3.305,3.302,3.308,3.34,3.407
0.766666666666667,3.257,3.304,3.302,3.307,3.34,3.407
0.783333333333333,3.257,3.304,3.302,3.308,3.34,3.406
0.8,3.257,3.304,3.302,3.307,3.34,3.406
0.816666666666667,3.257,3.305,3.302,3.307,3.34,3.406
0.833333333333333,3.257,3.304,3.302,3.307,3.34,3.405
0.85,3.257,3.304,3.302,3.307,3.34,3.405
0.866666666666667,3.257,3.304,3.302,3.307,3.34,3.405
0.883333333333333,3.257,3.304,3.302,3.307,3.34,3.404
0.9,3.257,3.304,3.302,3.307,3.34,3.404
0.916666666666667,3.257,3.304,3.302,3.307,3.34,3.404
0.933333333333333,3.257,3.304,3.302,3.307,3.34,3.404
0.95,3.257,3.304,3.302,3.307,3.34,3.403
0.966666666666667,3.256,3.304,3.302,3.307,3.34,3.403
0.983333333333333,3.257,3.304,3.301,3.307,3.339,3.403
1,3.257,3.304,3.302,3.307,3.339,3.402
1.01666666666667,3.256,3.304,3.302,3.307,3.34,3.403
1.03333333333333,3.256,3.303,3.302,3.307,3.339,3.402
1.05,3.256,3.303,3.302,3.306,3.339,3.402
1.06666666666667,3.256,3.304,3.301,3.306,3.339,3.402
1.08333333333333,3.256,3.304,3.301,3.307,3.339,3.402
1.1,3.256,3.304,3.302,3.307,3.339,3.401
1.11666666666667,3.256,3.304,3.302,3.306,3.339,3.401
1.13333333333333,3.256,3.303,3.302,3.307,3.339,3.401
1.15,3.256,3.303,3.301,3.306,3.339,3.401
1.16666666666667,3.256,3.303,3.302,3.306,3.339,3.401
1.18333333333333,3.256,3.304,3.301,3.306,3.339,3.401
1.2,3.256,3.303,3.301,3.306,3.339,3.401
1.21666666666667,3.256,3.303,3.301,3.306,3.339,3.4
1.23333333333333,3.256,3.303,3.301,3.306,3.339,3.4
1.25,3.256,3.303,3.301,3.306,3.339,3.4
1.26666666666667,3.256,3.303,3.302,3.306,3.339,3.4
1.28333333333333,3.256,3.303,3.301,3.306,3.339,3.4
1.3,3.256,3.303,3.301,3.306,3.339,3.4
1.31666666666667,3.256,3.303,3.301,3.306,3.339,3.4
1.33333333333333,3.256,3.303,3.301,3.306,3.339,3.4
1.35,3.256,3.303,3.301,3.306,3.339,3.399
1.36666666666667,3.256,3.303,3.301,3.306,3.339,3.399
1.38333333333333,3.256,3.303,3.301,3.306,3.339,3.399
1.4,3.255,3.303,3.301,3.306,3.339,3.399
1.41666666666667,3.255,3.303,3.301,3.306,3.339,3.399
1.43333333333333,3.255,3.303,3.301,3.306,3.339,3.399
1.45,3.255,3.303,3.301,3.306,3.339,3.398
1.46666666666667,3.255,3.303,3.301,3.306,3.339,3.399
1.48333333333333,3.255,3.303,3.301,3.306,3.339,3.398
1.5,3.255,3.303,3.301,3.306,3.339,3.398
1.51666666666667,3.255,3.303,3.301,3.306,3.339,3.398
1.53333333333333,3.255,3.303,3.301,3.306,3.339,3.398
1.55,3.255,3.303,3.301,3.306,3.339,3.398
1.56666666666667,3.255,3.303,3.301,3.306,3.339,3.398
1.58333333333333,3.255,3.303,3.301,3.306,3.339,3.398
1.6,3.255,3.303,3.301,3.306,3.339,3.398
1.61666666666667,3.255,3.303,3.301,3.306,3.339,3.398
1.63333333333333,3.255,3.303,3.301,3.306,3.339,3.398
1.65,3.255,3.303,3.301,3.306,3.338,3.397
1.66666666666667,3.255,3.303,3.301,3.306,3.339,3.397
1.68333333333333,3.255,3.302,3.301,3.306,3.339,3.397
1.7,3.255,3.303,3.301,3.306,3.339,3.397
1.71666666666667,3.255,3.303,3.301,3.306,3.339,3.397
1.73333333333333,3.255,3.303,3.3,3.306,3.339,3.397
1.75,3.255,3.303,3.301,3.305,3.339,3.397
1.76666666666667,3.255,3.303,3.301,3.305,3.339,3.397
1.78333333333333,3.255,3.302,3.301,3.306,3.339,3.397
1.8,3.254,3.303,3.301,3.306,3.338,3.397
1.81666666666667,3.255,3.303,3.301,3.305,3.339,3.397
1.83333333333333,3.255,3.302,3.301,3.305,3.338,3.397
1.85,3.254,3.302,3.301,3.305,3.338,3.396
1.86666666666667,3.255,3.302,3.301,3.306,3.338,3.396
1.88333333333333,3.254,3.302,3.3,3.305,3.339,3.397
1.9,3.255,3.302,3.3,3.305,3.338,3.397
1.91666666666667,3.255,3.302,3.301,3.305,3.338,3.396
1.93333333333333,3.255,3.302,3.301,3.305,3.338,3.397
1.95,3.254,3.303,3.301,3.305,3.338,3.396
1.96666666666667,3.255,3.302,3.301,3.306,3.338,3.396
1.98333333333333,3.255,3.302,3.301,3.306,3.338,3.396
2,3.255,3.302,3.301,3.305,3.338,3.396
2.01666666666667,3.254,3.302,3.301,3.305,3.338,3.396
2.03333333333333,3.254,3.302,3.3,3.305,3.338,3.396
2.05,3.254,3.302,3.3,3.305,3.338,3.396
2.06666666666667,3.254,3.302,3.301,3.305,3.338,3.396
2.08333333333333,3.254,3.302,3.301,3.305,3.338,3.396
2.1,3.254,3.302,3.301,3.305,3.338,3.396
2.11666666666667,3.254,3.302,3.301,3.305,3.338,3.396
2.13333333333333,3.254,3.302,3.301,3.305,3.338,3.396
2.15,3.254,3.302,3.3,3.305,3.338,3.396
2.16666666666667,3.254,3.302,3.301,3.306,3.338,3.396
2.18333333333333,3.254,3.302,3.3,3.305,3.338,3.396
2.2,3.254,3.302,3.301,3.305,3.338,3.396
2.21666666666667,3.254,3.302,3.301,3.305,3.338,3.395
2.23333333333333,3.254,3.302,3.301,3.305,3.338,3.396
2.25,3.254,3.302,3.301,3.305,3.338,3.396
2.26666666666667,3.254,3.302,3.3,3.305,3.338,3.396
2.28333333333333,3.254,3.302,3.301,3.305,3.338,3.396
2.3,3.254,3.302,3.301,3.305,3.338,3.395
2.31666666666667,3.254,3.302,3.3,3.305,3.338,3.395
2.33333333333333,3.254,3.302,3.301,3.305,3.338,3.395
2.35,3.254,3.302,3.3,3.305,3.338,3.395
2.36666666666667,3.254,3.302,3.3,3.305,3.338,3.395
2.38333333333333,3.254,3.302,3.3,3.305,3.338,3.395
2.4,3.254,3.302,3.3,3.305,3.338,3.395
2.41666666666667,3.254,3.302,3.3,3.305,3.338,3.395
2.43333333333333,3.254,3.302,3.301,3.305,3.338,3.395
2.45,3.254,3.302,3.3,3.305,3.338,3.395
2.46666666666667,3.254,3.302,3.3,3.305,3.338,3.395
2.48333333333333,3.254,3.302,3.3,3.305,3.338,3.395
2.5,3.254,3.302,3.3,3.305,3.338,3.395
2.51666666666667,3.254,3.302,3.3,3.305,3.338,3.395
2.53333333333333,3.254,3.302,3.3,3.305,3.338,3.395
2.55,3.254,3.302,3.301,3.305,3.338,3.395
2.56666666666667,3.254,3.302,3.3,3.305,3.338,3.395
2.58333333333333,3.254,3.302,3.3,3.305,3.338,3.395
2.6,3.254,3.302,3.3,3.305,3.338,3.395
2.61666666666667,3.254,3.302,3.3,3.305,3.338,3.395
2.63333333333333,3.254,3.302,3.3,3.305,3.338,3.395
2.65,3.254,3.302,3.3,3.305,3.338,3.395
2.66666666666667,3.254,3.302,3.301,3.305,3.338,3.395
2.68333333333333,3.254,3.302,3.3,3.305,3.338,3.394
2.7,3.254,3.302,3.3,3.305,3.338,3.395
2.71666666666667,3.254,3.302,3.3,3.305,3.338,3.395
2.73333333333333,3.254,3.302,3.3,3.305,3.338,3.394
2.75,3.254,3.302,3.3,3.305,3.338,3.395
2.76666666666667,3.254,3.302,3.3,3.305,3.338,3.394
2.78333333333333,3.254,3.302,3.3,3.305,3.338,3.395
2.8,3.254,3.302,3.3,3.305,3.338,3.394
2.81666666666667,3.254,3.302,3.3,3.305,3.338,3.395
2.83333333333333,3.254,3.302,3.3,3.305,3.338,3.394
2.85,3.253,3.302,3.3,3.305,3.338,3.394
2.86666666666667,3.253,3.301,3.3,3.305,3.338,3.394
2.88333333333333,3.254,3.302,3.301,3.305,3.338,3.394
2.9,3.253,3.302,3.3,3.305,3.338,3.394
2.91666666666667,3.254,3.302,3.3,3.305,3.338,3.394
2.93333333333333,3.253,3.302,3.3,3.305,3.338,3.394
2.95,3.254,3.302,3.3,3.305,3.338,3.394
2.96666666666667,3.253,3.302,3.3,3.305,3.338,3.394
2.98333333333333,3.253,3.302,3.3,3.305,3.338,3.394
3,3.253,3.302,3.3,3.305,3.338,3.394
3.01666666666667,3.253,3.302,3.3,3.305,3.338,3.394
3.03333333333333,3.254,3.302,3.3,3.305,3.338,3.394
3.05,3.253,3.302,3.3,3.305,3.338,3.394
3.06666666666667,3.253,3.302,3.3,3.305,3.338,3.394
3.08333333333333,3.254,3.302,3.3,3.305,3.338,3.394
3.1,3.253,3.302,3.3,3.305,3.338,3.394
3.11666666666667,3.253,3.302,3.3,3.305,3.337,3.394
3.13333333333333,3.253,3.302,3.3,3.305,3.338,3.394
3.15,3.253,3.301,3.3,3.305,3.337,3.394
3.16666666666667,3.253,3.301,3.3,3.304,3.338,3.394
3.18333333333333,3.253,3.301,3.3,3.304,3.337,3.394
3.2,3.253,3.301,3.3,3.305,3.337,3.394
3.21666666666667,3.253,3.301,3.3,3.304,3.338,3.394
3.23333333333333,3.253,3.301,3.3,3.305,3.338,3.394
3.25,3.253,3.301,3.3,3.304,3.338,3.394
3.26666666666667,3.253,3.301,3.3,3.305,3.338,3.394
3.28333333333333,3.253,3.301,3.3,3.304,3.338,3.394
3.3,3.253,3.302,3.3,3.304,3.337,3.394
3.31666666666667,3.253,3.301,3.3,3.304,3.337,3.394
3.33333333333333,3.253,3.301,3.3,3.304,3.337,3.394
3.35,3.253,3.301,3.3,3.304,3.338,3.394
3.36666666666667,3.253,3.301,3.3,3.304,3.337,3.394
3.38333333333333,3.253,3.302,3.3,3.304,3.338,3.394
3.4,3.253,3.301,3.3,3.304,3.337,3.394
3.41666666666667,3.253,3.301,3.3,3.304,3.337,3.394
3.43333333333333,3.253,3.301,3.3,3.305,3.338,3.393
3.45,3.253,3.301,3.3,3.304,3.337,3.394
3.46666666666667,3.253,3.301,3.3,3.304,3.337,3.394
3.48333333333333,3.253,3.301,3.3,3.304,3.337,3.394
3.5,3.253,3.301,3.3,3.304,3.337,3.393
3.51666666666667,3.253,3.301,3.3,3.304,3.337,3.394
3.53333333333333,3.253,3.301,3.3,3.304,3.337,3.393
3.55,3.253,3.301,3.3,3.304,3.337,3.394
3.56666666666667,3.253,3.301,3.3,3.304,3.337,3.394
3.58333333333333,3.253,3.301,3.3,3.305,3.337,3.394
3.6,3.253,3.301,3.3,3.304,3.337,3.394
3.61666666666667,3.253,3.301,3.3,3.304,3.337,3.393
3.63333333333333,3.253,3.301,3.3,3.304,3.337,3.393
3.65,3.253,3.301,3.3,3.304,3.337,3.393
3.66666666666667,3.253,3.301,3.3,3.304,3.337,3.393
3.68333333333333,3.253,3.301,3.3,3.304,3.337,3.393
3.7,3.253,3.301,3.3,3.304,3.337,3.393
3.71666666666667,3.253,3.301,3.3,3.304,3.337,3.393
3.73333333333333,3.253,3.301,3.3,3.304,3.337,3.394
3.75,3.253,3.301,3.3,3.304,3.337,3.393
3.76666666666667,3.253,3.301,3.3,3.304,3.337,3.393
3.78333333333333,3.253,3.301,3.3,3.304,3.337,3.393
3.8,3.253,3.301,3.3,3.304,3.337,3.393
3.81666666666667,3.253,3.301,3.3,3.304,3.337,3.393
3.83333333333333,3.253,3.301,3.3,3.304,3.337,3.393
3.85,3.253,3.301,3.3,3.304,3.337,3.393
3.86666666666667,3.252,3.301,3.3,3.304,3.337,3.393
3.88333333333333,3.253,3.301,3.3,3.304,3.337,3.393
3.9,3.253,3.301,3.3,3.304,3.337,3.393
3.91666666666667,3.253,3.301,3.3,3.304,3.337,3.393
3.93333333333333,3.252,3.301,3.3,3.304,3.337,3.393
3.95,3.253,3.301,3.3,3.304,3.337,3.393
3.96666666666667,3.253,3.301,3.3,3.304,3.337,3.393
3.98333333333333,3.253,3.301,3.3,3.304,3.337,3.393
4,3.252,3.301,3.3,3.304,3.337,3.393
4.01666666666667,3.252,3.301,3.3,3.304,3.337,3.393
4.03333333333333,3.253,3.301,3.3,3.304,3.337,3.393
4.05,3.253,3.301,3.3,3.304,3.337,3.393
4.06666666666667,3.252,3.301,3.3,3.304,3.337,3.393
4.08333333333333,3.253,3.301,3.3,3.304,3.337,3.393
4.1,3.252,3.301,3.3,3.304,3.337,3.393
4.11666666666667,3.253,3.301,3.3,3.304,3.337,3.393
4.13333333333333,3.253,3.301,3.3,3.304,3.337,3.393
4.15,3.253,3.301,3.3,3.304,3.337,3.393
4.16666666666667,3.253,3.301,3.3,3.304,3.337,3.393
4.18333333333333,3.253,3.301,3.3,3.304,3.337,3.393
4.2,3.253,3.301,3.3,3.304,3.337,3.393
4.21666666666667,3.252,3.301,3.3,3.304,3.337,3.393
4.23333333333333,3.252,3.301,3.3,3.304,3.337,3.393
4.25,3.252,3.301,3.3,3.304,3.337,3.393
4.26666666666667,3.252,3.301,3.3,3.304,3.337,3.393
4.28333333333333,3.253,3.301,3.3,3.304,3.337,3.393
4.3,3.252,3.301,3.3,3.304,3.337,3.393
4.31666666666667,3.252,3.301,3.3,3.304,3.337,3.393
4.33333333333333,3.252,3.301,3.3,3.304,3.337,3.393
4.35,3.253,3.301,3.3,3.304,3.337,3.393
4.36666666666667,3.253,3.301,3.3,3.304,3.337,3.393
4.38333333333333,3.252,3.301,3.3,3.304,3.337,3.393
4.4,3.252,3.301,3.3,3.304,3.337,3.393
4.41666666666667,3.252,3.301,3.3,3.304,3.337,3.393
4.43333333333333,3.252,3.301,3.3,3.304,3.337,3.393
4.45,3.252,3.301,3.3,3.304,3.337,3.393
4.46666666666667,3.252,3.301,3.3,3.304,3.337,3.393
4.48333333333333,3.252,3.301,3.3,3.304,3.337,3.393
4.5,3.252,3.301,3.3,3.304,3.337,3.393
4.51666666666667,3.252,3.301,3.3,3.304,3.337,3.392
4.53333333333333,3.252,3.301,3.3,3.304,3.337,3.393
4.55,3.252,3.301,3.3,3.304,3.337,3.392
4.56666666666667,3.252,3.301,3.3,3.304,3.337,3.393
4.58333333333333,3.253,3.301,3.3,3.304,3.337,3.393
4.6,3.252,3.301,3.3,3.304,3.337,3.393
4.61666666666667,3.252,3.301,3.3,3.304,3.337,3.393
4.63333333333333,3.252,3.301,3.3,3.304,3.337,3.393
4.65,3.252,3.301,3.3,3.304,3.337,3.393
4.66666666666667,3.252,3.301,3.3,3.304,3.337,3.392
4.68333333333333,3.252,3.301,3.3,3.304,3.337,3.393
4.7,3.252,3.301,3.3,3.304,3.337,3.393
4.71666666666667,3.252,3.301,3.3,3.304,3.337,3.393
4.73333333333333,3.252,3.301,3.3,3.304,3.337,3.393
4.75,3.253,3.301,3.3,3.304,3.337,3.393
4.76666666666667,3.252,3.301,3.3,3.304,3.337,3.392
4.78333333333333,3.252,3.301,3.3,3.304,3.337,3.392
4.8,3.252,3.301,3.3,3.304,3.337,3.392
4.81666666666667,3.252,3.301,3.299,3.304,3.337,3.392
4.83333333333333,3.252,3.301,3.3,3.304,3.337,3.392
4.85,3.252,3.301,3.299,3.304,3.337,3.392
4.86666666666667,3.252,3.301,3.299,3.304,3.337,3.392
4.88333333333333,3.252,3.301,3.3,3.304,3.337,3.392
4.9,3.252,3.301,3.3,3.304,3.337,3.392
4.91666666666667,3.252,3.3,3.3,3.304,3.337,3.393
4.93333333333333,3.252,3.301,3.299,3.304,3.337,3.392
4.95,3.252,3.3,3.3,3.304,3.337,3.393
4.96666666666667,3.252,3.301,3.3,3.304,3.337,3.392
4.98333333333333,3.252,3.301,3.3,3.304,3.337,3.392
5,3.252,3.301,3.3,3.304,3.337,3.392
5.01666666666667,3.252,3.301,3.3,3.304,3.337,3.392
5.03333333333333,3.252,3.301,3.3,3.304,3.337,3.393
5.05,3.252,3.301,3.3,3.304,3.337,3.393
5.06666666666667,3.252,3.301,3.3,3.304,3.337,3.393
5.08333333333333,3.252,3.301,3.3,3.304,3.337,3.392
5.1,3.252,3.301,3.299,3.304,3.337,3.392
5.11666666666667,3.252,3.3,3.3,3.304,3.337,3.392
5.13333333333333,3.252,3.301,3.3,3.303,3.337,3.392
5.15,3.252,3.301,3.3,3.304,3.336,3.393
5.16666666666667,3.252,3.301,3.299,3.304,3.336,3.392
5.18333333333333,3.252,3.301,3.3,3.304,3.336,3.392
5.2,3.252,3.3,3.3,3.303,3.337,3.392
5.21666666666667,3.252,3.301,3.3,3.304,3.337,3.392
5.23333333333333,3.252,3.301,3.3,3.304,3.337,3.392
5.25,3.252,3.301,3.299,3.304,3.337,3.392
5.26666666666667,3.252,3.3,3.3,3.304,3.337,3.393
5.28333333333333,3.252,3.3,3.3,3.304,3.337,3.392
5.3,3.252,3.3,3.3,3.304,3.337,3.392
5.31666666666667,3.252,3.301,3.3,3.304,3.337,3.392
5.33333333333333,3.252,3.301,3.299,3.304,3.337,3.392
5.35,3.252,3.301,3.3,3.303,3.337,3.392
5.36666666666667,3.252,3.3,3.3,3.304,3.337,3.392
5.38333333333333,3.252,3.301,3.3,3.304,3.337,3.392
5.4,3.252,3.301,3.3,3.304,3.337,3.392
5.41666666666667,3.252,3.3,3.3,3.304,3.337,3.392
5.43333333333333,3.252,3.3,3.3,3.304,3.337,3.392
5.45,3.252,3.301,3.3,3.304,3.337,3.392
5.46666666666667,3.252,3.301,3.299,3.304,3.337,3.392
5.48333333333333,3.252,3.301,3.3,3.304,3.337,3.392
5.5,3.252,3.301,3.299,3.304,3.337,3.392
5.51666666666667,3.252,3.3,3.3,3.304,3.337,3.392
5.53333333333333,3.252,3.3,3.3,3.304,3.337,3.392
5.55,3.252,3.3,3.3,3.304,3.336,3.392
5.56666666666667,3.252,3.3,3.3,3.304,3.337,3.392
5.58333333333333,3.252,3.3,3.299,3.304,3.337,3.392
5.6,3.252,3.301,3.3,3.304,3.337,3.392
5.61666666666667,3.252,3.301,3.299,3.304,3.337,3.392
5.63333333333333,3.252,3.3,3.299,3.303,3.337,3.392
5.65,3.252,3.3,3.299,3.304,3.336,3.392
5.66666666666667,3.252,3.3,3.3,3.304,3.337,3.392
5.68333333333333,3.252,3.301,3.3,3.304,3.337,3.392
5.7,3.252,3.301,3.299,3.304,3.337,3.392
5.71666666666667,3.252,3.3,3.299,3.303,3.337,3.392
5.73333333333333,3.252,3.301,3.3,3.304,3.337,3.392
5.75,3.252,3.3,3.3,3.304,3.336,3.392
5.76666666666667,3.252,3.3,3.3,3.304,3.337,3.392
5.78333333333333,3.252,3.301,3.3,3.304,3.337,3.392
5.8,3.252,3.301,3.3,3.304,3.336,3.392
5.81666666666667,3.252,3.3,3.299,3.303,3.337,3.392
5.83333333333333,3.252,3.3,3.3,3.304,3.337,3.392
5.85,3.252,3.3,3.299,3.303,3.337,3.392
5.86666666666667,3.252,3.3,3.3,3.304,3.336,3.392
5.88333333333333,3.251,3.3,3.3,3.304,3.336,3.392
5.9,3.252,3.3,3.299,3.304,3.336,3.392
5.91666666666667,3.252,3.3,3.3,3.304,3.336,3.392
5.93333333333333,3.252,3.3,3.299,3.303,3.336,3.392
5.95,3.251,3.301,3.3,3.304,3.337,3.392
5.96666666666667,3.252,3.301,3.299,3.303,3.337,3.392
5.98333333333333,3.251,3.3,3.299,3.304,3.336,3.392
6,3.251,3.3,3.3,3.303,3.337,3.392
6.01666666666667,3.252,3.3,3.3,3.304,3.336,3.392
6.03333333333333,3.251,3.3,3.3,3.304,3.336,3.392
6.05,3.252,3.3,3.299,3.304,3.337,3.392
6.06666666666667,3.252,3.3,3.299,3.304,3.336,3.392
6.08333333333333,3.252,3.3,3.3,3.303,3.336,3.392
6.1,3.252,3.3,3.3,3.303,3.336,3.392
6.11666666666667,3.251,3.3,3.299,3.303,3.337,3.392
6.13333333333333,3.251,3.3,3.3,3.304,3.336,3.392
6.15,3.251,3.3,3.299,3.303,3.336,3.392
6.16666666666667,3.251,3.3,3.3,3.304,3.336,3.392
6.18333333333333,3.252,3.301,3.299,3.303,3.336,3.392
6.2,3.252,3.3,3.299,3.303,3.336,3.392
6.21666666666667,3.252,3.3,3.299,3.303,3.337,3.392
6.23333333333333,3.252,3.301,3.3,3.304,3.337,3.392
6.25,3.251,3.3,3.299,3.304,3.336,3.392
6.26666666666667,3.252,3.3,3.3,3.303,3.336,3.392
6.28333333333333,3.252,3.3,3.299,3.304,3.336,3.392
6.3,3.251,3.3,3.299,3.304,3.336,3.391
6.31666666666667,3.252,3.3,3.299,3.304,3.336,3.392
6.33333333333333,3.251,3.3,3.299,3.304,3.336,3.392
6.35,3.251,3.3,3.299,3.304,3.337,3.392
6.36666666666667,3.252,3.3,3.3,3.304,3.336,3.392
6.38333333333333,3.252,3.3,3.299,3.303,3.336,3.392
6.4,3.252,3.301,3.299,3.303,3.336,3.392
6.41666666666667,3.251,3.3,3.3,3.304,3.336,3.392
6.43333333333333,3.252,3.3,3.299,3.304,3.336,3.392
6.45,3.252,3.3,3.3,3.303,3.336,3.392
6.46666666666667,3.251,3.3,3.3,3.304,3.336,3.392
6.48333333333333,3.252,3.3,3.3,3.303,3.336,3.392
6.5,3.251,3.3,3.3,3.303,3.337,3.392
6.51666666666667,3.251,3.3,3.3,3.304,3.336,3.392
6.53333333333333,3.251,3.3,3.299,3.304,3.336,3.392
6.55,3.252,3.3,3.3,3.304,3.336,3.392
6.56666666666667,3.251,3.3,3.299,3.303,3.336,3.392
6.58333333333333,3.251,3.3,3.3,3.303,3.336,3.392
6.6,3.251,3.3,3.3,3.303,3.336,3.392
6.61666666666667,3.251,3.3,3.299,3.303,3.336,3.392
6.63333333333333,3.251,3.3,3.299,3.303,3.336,3.392
6.65,3.251,3.3,3.3,3.303,3.336,3.392
6.66666666666667,3.251,3.3,3.3,3.303,3.336,3.392
6.68333333333333,3.251,3.3,3.299,3.304,3.337,3.392
6.7,3.251,3.3,3.3,3.304,3.337,3.392
6.71666666666667,3.251,3.3,3.299,3.304,3.336,3.391
6.73333333333333,3.251,3.3,3.299,3.303,3.336,3.392
6.75,3.251,3.3,3.299,3.303,3.336,3.392
6.76666666666667,3.251,3.3,3.299,3.304,3.336,3.392
6.78333333333333,3.252,3.3,3.299,3.303,3.336,3.392
6.8,3.251,3.3,3.3,3.304,3.336,3.392
6.81666666666667,3.251,3.3,3.299,3.303,3.336,3.392
6.83333333333333,3.251,3.3,3.299,3.303,3.336,3.392
6.85,3.252,3.3,3.299,3.303,3.336,3.391
6.86666666666667,3.251,3.3,3.3,3.303,3.336,3.392
6.88333333333333,3.251,3.3,3.299,3.304,3.336,3.392
6.9,3.251,3.3,3.299,3.303,3.336,3.392
6.91666666666667,3.251,3.3,3.299,3.303,3.336,3.392
6.93333333333333,3.251,3.3,3.299,3.303,3.336,3.391
6.95,3.251,3.3,3.299,3.303,3.336,3.392
6.96666666666667,3.252,3.3,3.299,3.304,3.336,3.391
6.98333333333333,3.251,3.3,3.299,3.303,3.336,3.391
7,3.251,3.3,3.299,3.304,3.336,3.391
7.01666666666667,3.251,3.3,3.299,3.303,3.336,3.392
7.03333333333333,3.251,3.3,3.299,3.303,3.336,3.392
7.05,3.251,3.3,3.3,3.303,3.336,3.391
7.06666666666667,3.251,3.3,3.3,3.303,3.336,3.391
7.08333333333333,3.251,3.3,3.3,3.303,3.336,3.392
7.1,3.251,3.3,3.299,3.303,3.336,3.391
7.11666666666667,3.251,3.3,3.299,3.304,3.336,3.392
7.13333333333333,3.251,3.3,3.299,3.303,3.336,3.392
7.15,3.251,3.3,3.3,3.303,3.336,3.391
7.16666666666667,3.251,3.3,3.299,3.303,3.336,3.391
7.18333333333333,3.251,3.3,3.299,3.304,3.336,3.392
7.2,3.251,3.3,3.299,3.303,3.336,3.392
7.21666666666667,3.251,3.3,3.299,3.303,3.336,3.391
7.23333333333333,3.251,3.3,3.299,3.304,3.336,3.392
7.25,3.251,3.3,3.299,3.303,3.336,3.392
7.26666666666667,3.251,3.3,3.299,3.303,3.336,3.392
7.28333333333333,3.251,3.3,3.299,3.303,3.336,3.392
7.3,3.251,3.3,3.299,3.303,3.336,3.392
7.31666666666667,3.251,3.3,3.3,3.303,3.336,3.391
7.33333333333333,3.251,3.3,3.299,3.303,3.336,3.392
7.35,3.251,3.3,3.299,3.303,3.336,3.392
7.36666666666667,3.251,3.3,3.299,3.303,3.336,3.392
7.38333333333333,3.251,3.3,3.299,3.303,3.336,3.391
7.4,3.251,3.3,3.299,3.303,3.336,3.391
7.41666666666667,3.251,3.3,3.299,3.303,3.336,3.392
7.43333333333333,3.251,3.3,3.299,3.304,3.336,3.391
7.45,3.251,3.3,3.299,3.304,3.336,3.391
7.46666666666667,3.251,3.3,3.299,3.303,3.336,3.391
7.48333333333333,3.251,3.3,3.299,3.303,3.336,3.391
7.5,3.251,3.3,3.299,3.303,3.336,3.392
7.51666666666667,3.251,3.3,3.299,3.303,3.336,3.391
7.53333333333333,3.251,3.3,3.299,3.303,3.336,3.391
7.55,3.251,3.3,3.299,3.303,3.336,3.391
7.56666666666667,3.251,3.3,3.299,3.303,3.336,3.391
7.58333333333333,3.251,3.3,3.3,3.303,3.336,3.391
7.6,3.251,3.3,3.299,3.303,3.336,3.392
7.61666666666667,3.251,3.3,3.299,3.303,3.336,3.391
7.63333333333333,3.251,3.3,3.299,3.303,3.336,3.391
7.65,3.251,3.3,3.3,3.303,3.336,3.391
7.66666666666667,3.251,3.3,3.299,3.303,3.336,3.391
7.68333333333333,3.251,3.3,3.299,3.303,3.336,3.391
7.7,3.251,3.3,3.299,3.303,3.336,3.391
7.71666666666667,3.251,3.3,3.299,3.303,3.336,3.392
7.73333333333333,3.251,3.3,3.299,3.303,3.336,3.391
7.75,3.251,3.3,3.299,3.303,3.336,3.392
7.76666666666667,3.251,3.3,3.299,3.303,3.336,3.391
7.78333333333333,3.251,3.3,3.299,3.303,3.336,3.391
7.8,3.251,3.3,3.3,3.303,3.336,3.391
7.81666666666667,3.251,3.3,3.299,3.303,3.336,3.391
7.83333333333333,3.251,3.3,3.299,3.303,3.336,3.391
7.85,3.251,3.3,3.299,3.303,3.336,3.391
7.86666666666667,3.251,3.3,3.299,3.303,3.336,3.391
7.88333333333333,3.251,3.3,3.299,3.303,3.336,3.391
7.9,3.251,3.3,3.299,3.303,3.336,3.391
7.91666666666667,3.251,3.3,3.3,3.303,3.336,3.391
7.93333333333333,3.251,3.3,3.299,3.303,3.336,3.391
7.95,3.251,3.3,3.299,3.303,3.336,3.391
7.96666666666667,3.251,3.3,3.299,3.303,3.336,3.391
7.98333333333333,3.251,3.3,3.299,3.303,3.336,3.391
8,3.251,3.3,3.299,3.303,3.336,3.391
8.01666666666667,3.251,3.3,3.3,3.303,3.336,3.391
8.03333333333333,3.251,3.3,3.299,3.303,3.336,3.391
8.05,3.251,3.3,3.299,3.303,3.336,3.391
8.06666666666667,3.251,3.3,3.299,3.303,3.336,3.391
8.08333333333333,3.251,3.3,3.299,3.303,3.336,3.391
8.1,3.251,3.3,3.299,3.303,3.336,3.391
8.11666666666667,3.251,3.3,3.299,3.303,3.336,3.391
8.13333333333333,3.251,3.3,3.3,3.303,3.336,3.391
8.15,3.251,3.3,3.299,3.303,3.336,3.391
8.16666666666667,3.251,3.3,3.299,3.303,3.336,3.391
8.18333333333333,3.251,3.3,3.299,3.303,3.336,3.391
8.2,3.251,3.3,3.299,3.303,3.336,3.391
8.21666666666667,3.251,3.3,3.299,3.303,3.336,3.391
8.23333333333333,3.251,3.3,3.299,3.303,3.336,3.391
8.25,3.251,3.3,3.299,3.303,3.336,3.391
8.26666666666667,3.251,3.3,3.299,3.303,3.336,3.391
8.28333333333333,3.251,3.3,3.299,3.303,3.336,3.391
8.3,3.251,3.3,3.299,3.303,3.336,3.391
8.31666666666667,3.25,3.3,3.299,3.303,3.336,3.391
8.33333333333333,3.251,3.3,3.299,3.303,3.336,3.391
8.35,3.251,3.3,3.299,3.303,3.336,3.391
8.36666666666667,3.251,3.3,3.299,3.303,3.336,3.391
8.38333333333333,3.251,3.3,3.299,3.303,3.336,3.391
8.4,3.251,3.3,3.299,3.303,3.336,3.391
8.41666666666667,3.251,3.3,3.299,3.303,3.336,3.391
8.43333333333333,3.251,3.3,3.299,3.303,3.335,3.391
8.45,3.251,3.3,3.299,3.303,3.336,3.391
8.46666666666667,3.251,3.3,3.299,3.303,3.336,3.391
8.48333333333333,3.251,3.3,3.299,3.303,3.336,3.391
8.5,3.251,3.3,3.299,3.303,3.336,3.391
8.51666666666667,3.251,3.3,3.299,3.303,3.336,3.391
8.53333333333333,3.251,3.3,3.299,3.303,3.336,3.391
8.55,3.251,3.3,3.299,3.303,3.336,3.391
8.56666666666667,3.251,3.299,3.299,3.303,3.336,3.391
8.58333333333333,3.251,3.3,3.299,3.303,3.336,3.391
8.6,3.251,3.3,3.299,3.303,3.336,3.391
8.61666666666667,3.251,3.3,3.299,3.303,3.336,3.391
8.63333333333333,3.251,3.3,3.299,3.303,3.336,3.391
8.65,3.251,3.3,3.299,3.303,3.336,3.391
8.66666666666667,3.251,3.3,3.299,3.303,3.336,3.391
8.68333333333333,3.251,3.3,3.299,3.303,3.336,3.391
8.7,3.251,3.3,3.299,3.303,3.336,3.391
8.71666666666667,3.251,3.3,3.299,3.303,3.336,3.391
8.73333333333333,3.251,3.3,3.299,3.303,3.336,3.391
8.75,3.251,3.3,3.3,3.303,3.336,3.391
8.76666666666667,3.251,3.3,3.299,3.303,3.336,3.391
8.78333333333333,3.251,3.3,3.299,3.303,3.336,3.391
8.8,3.251,3.3,3.299,3.303,3.336,3.391
8.81666666666667,3.251,3.3,3.299,3.303,3.336,3.391
8.83333333333333,3.251,3.3,3.299,3.303,3.336,3.391
8.85,3.251,3.3,3.299,3.303,3.336,3.391
8.86666666666667,3.251,3.3,3.299,3.303,3.336,3.391
8.88333333333333,3.251,3.3,3.299,3.303,3.336,3.391
8.9,3.251,3.3,3.299,3.303,3.336,3.391
8.91666666666667,3.251,3.299,3.299,3.303,3.336,3.391
8.93333333333333,3.251,3.3,3.299,3.303,3.336,3.391
8.95,3.251,3.3,3.299,3.303,3.335,3.391
8.96666666666667,3.251,3.3,3.299,3.303,3.336,3.391
8.98333333333333,3.251,3.299,3.299,3.303,3.336,3.391
9,3.251,3.3,3.299,3.303,3.336,3.391
9.01666666666667,3.251,3.3,3.3,3.303,3.336,3.391
9.03333333333333,3.251,3.3,3.299,3.303,3.336,3.391
9.05,3.25,3.3,3.299,3.303,3.336,3.391
9.06666666666667,3.251,3.299,3.299,3.303,3.336,3.391
9.08333333333333,3.251,3.3,3.299,3.303,3.336,3.391
9.1,3.251,3.3,3.299,3.303,3.336,3.391
9.11666666666667,3.251,3.3,3.299,3.303,3.336,3.391
9.13333333333333,3.251,3.3,3.299,3.303,3.336,3.391
9.15,3.251,3.3,3.299,3.303,3.336,3.391
9.16666666666667,3.251,3.3,3.299,3.303,3.336,3.391
9.18333333333333,3.25,3.3,3.299,3.303,3.336,3.391
9.2,3.25,3.3,3.299,3.303,3.336,3.391
9.21666666666667,3.251,3.3,3.299,3.303,3.336,3.391
9.23333333333333,3.251,3.3,3.299,3.303,3.336,3.391
9.25,3.251,3.3,3.299,3.303,3.336,3.391
9.26666666666667,3.251,3.3,3.299,3.303,3.336,3.391
9.28333333333333,3.251,3.3,3.299,3.303,3.336,3.391
9.3,3.25,3.3,3.299,3.303,3.336,3.391
9.31666666666667,3.251,3.3,3.299,3.303,3.336,3.391
9.33333333333333,3.251,3.3,3.299,3.303,3.335,3.391
9.35,3.251,3.3,3.299,3.303,3.336,3.391
9.36666666666667,3.251,3.3,3.299,3.303,3.336,3.391
9.38333333333333,3.251,3.3,3.299,3.303,3.336,3.391
9.4,3.251,3.3,3.299,3.303,3.335,3.391
9.41666666666667,3.251,3.3,3.299,3.303,3.336,3.391
9.43333333333333,3.251,3.3,3.299,3.303,3.336,3.391
9.45,3.251,3.3,3.299,3.303,3.336,3.391
9.46666666666667,3.251,3.3,3.299,3.303,3.336,3.391
9.48333333333333,3.251,3.3,3.299,3.303,3.336,3.391
9.5,3.251,3.3,3.299,3.303,3.336,3.391
9.51666666666667,3.251,3.3,3.299,3.303,3.336,3.391
9.53333333333333,3.251,3.3,3.299,3.303,3.336,3.391
9.55,3.25,3.3,3.299,3.303,3.336,3.391
9.56666666666667,3.251,3.3,3.299,3.303,3.335,3.391
9.58333333333333,3.251,3.3,3.299,3.303,3.335,3.391
9.6,3.251,3.3,3.299,3.303,3.336,3.391
9.61666666666667,3.251,3.3,3.299,3.303,3.336,3.391
9.63333333333333,3.251,3.3,3.299,3.303,3.335,3.391
9.65,3.251,3.3,3.299,3.303,3.336,3.391
9.66666666666667,3.251,3.3,3.299,3.303,3.336,3.391
9.68333333333333,3.251,3.3,3.299,3.303,3.335,3.391
9.7,3.25,3.3,3.299,3.303,3.335,3.391
9.71666666666667,3.251,3.3,3.299,3.303,3.336,3.391
9.73333333333333,3.251,3.3,3.299,3.303,3.336,3.391
9.75,3.251,3.3,3.299,3.303,3.336,3.391
9.76666666666667,3.25,3.3,3.299,3.303,3.335,3.391
9.78333333333333,3.251,3.3,3.299,3.303,3.336,3.391
9.8,3.251,3.3,3.299,3.303,3.335,3.391
9.81666666666667,3.251,3.3,3.299,3.303,3.336,3.391
9.83333333333333,3.25,3.3,3.299,3.303,3.336,3.391
9.85,3.251,3.3,3.299,3.303,3.336,3.391
9.86666666666667,3.251,3.3,3.299,3.303,3.335,3.391
9.88333333333333,3.251,3.3,3.299,3.303,3.335,3.391
9.9,3.251,3.3,3.299,3.303,3.336,3.391
9.91666666666667,3.251,3.3,3.299,3.303,3.335,3.391
9.93333333333333,3.251,3.3,3.299,3.303,3.336,3.391
9.95,3.251,3.299,3.299,3.303,3.335,3.391
9.96666666666667,3.25,3.3,3.299,3.303,3.336,3.391
9.98333333333333,3.25,3.3,3.299,3.303,3.335,3.391
10,3.25,3.3,3.299,3.303,3.335,3.391
10.0166666666667,3.251,3.3,3.299,3.303,3.335,3.391
10.0333333333333,3.251,3.3,3.3,3.303,3.335,3.391
10.05,3.251,3.3,3.299,3.303,3.335,3.391
10.0666666666667,3.251,3.3,3.3,3.303,3.335,3.391
10.0833333333333,3.25,3.3,3.299,3.303,3.335,3.391
10.1,3.25,3.299,3.299,3.303,3.335,3.391
10.1166666666667,3.25,3.3,3.299,3.303,3.336,3.391
10.1333333333333,3.251,3.3,3.299,3.303,3.336,3.391
10.15,3.25,3.299,3.299,3.303,3.336,3.391
10.1666666666667,3.25,3.3,3.299,3.303,3.335,3.391
10.1833333333333,3.251,3.299,3.299,3.303,3.335,3.391
10.2,3.25,3.3,3.299,3.303,3.335,3.391
10.2166666666667,3.251,3.3,3.299,3.303,3.335,3.391
10.2333333333333,3.25,3.3,3.299,3.303,3.335,3.391
10.25,3.251,3.3,3.299,3.303,3.335,3.391
10.2666666666667,3.25,3.299,3.299,3.303,3.335,3.391
10.2833333333333,3.25,3.3,3.299,3.303,3.335,3.391
10.3,3.251,3.299,3.299,3.303,3.335,3.391
10.3166666666667,3.251,3.3,3.299,3.303,3.335,3.391
10.3333333333333,3.25,3.3,3.299,3.303,3.335,3.391
10.35,3.25,3.3,3.299,3.303,3.335,3.391
10.3666666666667,3.25,3.299,3.299,3.303,3.335,3.391
10.3833333333333,3.25,3.3,3.299,3.303,3.335,3.391
10.4,3.25,3.3,3.299,3.303,3.336,3.391
10.4166666666667,3.25,3.3,3.299,3.303,3.336,3.391
10.4333333333333,3.25,3.299,3.299,3.303,3.336,3.391
10.45,3.25,3.3,3.299,3.303,3.335,3.391
10.4666666666667,3.25,3.3,3.299,3.303,3.335,3.391
10.4833333333333,3.25,3.299,3.299,3.303,3.335,3.391
10.5,3.25,3.299,3.299,3.303,3.335,3.391
10.5166666666667,3.25,3.299,3.299,3.303,3.335,3.391
10.5333333333333,3.25,3.3,3.299,3.303,3.335,3.391
10.55,3.25,3.299,3.299,3.303,3.335,3.391
10.5666666666667,3.25,3.3,3.299,3.303,3.335,3.391
10.5833333333333,3.251,3.299,3.299,3.303,3.335,3.391
10.6,3.251,3.3,3.299,3.303,3.335,3.39
10.6166666666667,3.25,3.299,3.299,3.303,3.335,3.391
10.6333333333333,3.25,3.299,3.299,3.303,3.335,3.391
10.65,3.25,3.3,3.299,3.303,3.335,3.391
10.6666666666667,3.25,3.299,3.299,3.303,3.335,3.391
10.6833333333333,3.25,3.3,3.299,3.303,3.335,3.391
10.7,3.25,3.299,3.299,3.303,3.335,3.391
10.7166666666667,3.25,3.3,3.299,3.303,3.335,3.391
10.7333333333333,3.25,3.299,3.299,3.303,3.335,3.391
10.75,3.25,3.3,3.299,3.303,3.335,3.391
10.7666666666667,3.25,3.3,3.299,3.303,3.335,3.391
10.7833333333333,3.25,3.3,3.299,3.303,3.335,3.391
10.8,3.25,3.3,3.299,3.303,3.335,3.391
10.8166666666667,3.25,3.299,3.299,3.303,3.335,3.391
10.8333333333333,3.25,3.299,3.299,3.303,3.335,3.391
10.85,3.25,3.299,3.299,3.303,3.335,3.391
10.8666666666667,3.25,3.299,3.299,3.303,3.335,3.391
10.8833333333333,3.25,3.299,3.299,3.303,3.335,3.391
10.9,3.25,3.3,3.299,3.303,3.335,3.391
10.9166666666667,3.25,3.299,3.299,3.303,3.335,3.391
10.9333333333333,3.25,3.299,3.299,3.303,3.335,3.391
10.95,3.25,3.299,3.299,3.303,3.335,3.391
10.9666666666667,3.25,3.299,3.299,3.303,3.335,3.391
10.9833333333333,3.25,3.299,3.299,3.303,3.335,3.391
11,3.25,3.299,3.299,3.303,3.335,3.391
11.0166666666667,3.25,3.299,3.299,3.303,3.335,3.39
11.0333333333333,3.25,3.3,3.299,3.303,3.335,3.391
11.05,3.25,3.299,3.299,3.303,3.335,3.391
11.0666666666667,3.25,3.299,3.299,3.303,3.335,3.391
11.0833333333333,3.25,3.3,3.299,3.303,3.335,3.391
11.1,3.25,3.299,3.299,3.303,3.335,3.391
11.1166666666667,3.25,3.3,3.299,3.303,3.335,3.391
11.1333333333333,3.25,3.299,3.299,3.303,3.335,3.391
11.15,3.25,3.3,3.299,3.303,3.335,3.391
11.1666666666667,3.25,3.3,3.299,3.303,3.335,3.391
11.1833333333333,3.25,3.299,3.299,3.302,3.335,3.39
11.2,3.25,3.299,3.299,3.303,3.335,3.391
11.2166666666667,3.25,3.3,3.299,3.303,3.335,3.391
11.2333333333333,3.25,3.299,3.299,3.303,3.335,3.391
11.25,3.25,3.3,3.299,3.303,3.335,3.391
11.2666666666667,3.25,3.299,3.299,3.303,3.335,3.391
11.2833333333333,3.25,3.299,3.299,3.303,3.335,3.391
11.3,3.25,3.3,3.299,3.303,3.335,3.391
11.3166666666667,3.25,3.299,3.299,3.302,3.335,3.391
11.3333333333333,3.25,3.3,3.299,3.303,3.335,3.391
11.35,3.25,3.3,3.299,3.303,3.336,3.391
11.3666666666667,3.25,3.299,3.299,3.303,3.335,3.391
11.3833333333333,3.25,3.299,3.299,3.303,3.335,3.391
11.4,3.25,3.3,3.299,3.303,3.335,3.391
11.4166666666667,3.25,3.299,3.299,3.303,3.335,3.391
11.4333333333333,3.251,3.299,3.299,3.303,3.335,3.391
11.45,3.25,3.299,3.299,3.303,3.335,3.391
11.4666666666667,3.25,3.299,3.299,3.303,3.335,3.391
11.4833333333333,3.25,3.299,3.299,3.303,3.335,3.391
11.5,3.25,3.299,3.299,3.303,3.335,3.391
11.5166666666667,3.25,3.299,3.299,3.302,3.335,3.391
11.5333333333333,3.25,3.299,3.299,3.303,3.335,3.391
11.55,3.25,3.299,3.299,3.303,3.335,3.391
11.5666666666667,3.25,3.299,3.299,3.303,3.335,3.391
11.5833333333333,3.25,3.299,3.299,3.303,3.335,3.391
11.6,3.25,3.3,3.299,3.303,3.335,3.391
11.6166666666667,3.25,3.299,3.299,3.303,3.335,3.391
11.6333333333333,3.25,3.299,3.299,3.303,3.335,3.39
11.65,3.25,3.299,3.299,3.303,3.335,3.391
11.6666666666667,3.25,3.299,3.299,3.303,3.335,3.391
11.6833333333333,3.25,3.299,3.299,3.303,3.335,3.391
11.7,3.25,3.299,3.299,3.303,3.335,3.391
11.7166666666667,3.25,3.299,3.299,3.303,3.335,3.39
11.7333333333333,3.25,3.3,3.299,3.303,3.335,3.39
11.75,3.25,3.299,3.299,3.303,3.335,3.39
11.7666666666667,3.25,3.3,3.299,3.303,3.335,3.39
11.7833333333333,3.25,3.299,3.299,3.303,3.335,3.391
11.8,3.25,3.299,3.299,3.302,3.335,3.391
11.8166666666667,3.25,3.3,3.299,3.303,3.335,3.391
11.8333333333333,3.25,3.299,3.299,3.303,3.335,3.39
11.85,3.25,3.299,3.299,3.303,3.335,3.391
11.8666666666667,3.25,3.299,3.299,3.303,3.335,3.391
11.8833333333333,3.25,3.299,3.299,3.303,3.335,3.391
11.9,3.25,3.299,3.299,3.303,3.335,3.391
11.9166666666667,3.25,3.299,3.299,3.303,3.335,3.391
11.9333333333333,3.25,3.299,3.299,3.303,3.335,3.391
11.95,3.25,3.299,3.299,3.303,3.335,3.39
11.9666666666667,3.25,3.299,3.299,3.303,3.335,3.391
11.9833333333333,3.25,3.299,3.299,3.302,3.335,3.391
12,3.25,3.299,3.299,3.303,3.335,3.391
12.0166666666667,3.25,3.299,3.3,3.303,3.335,3.391
12.0333333333333,3.25,3.299,3.299,3.303,3.335,3.39
12.05,3.25,3.299,3.299,3.303,3.335,3.39
12.0666666666667,3.25,3.299,3.299,3.303,3.335,3.391
12.0833333333333,3.25,3.299,3.299,3.303,3.335,3.39
12.1,3.25,3.299,3.299,3.303,3.335,3.391
12.1166666666667,3.25,3.299,3.299,3.303,3.335,3.391
12.1333333333333,3.25,3.299,3.299,3.303,3.335,3.391
12.15,3.25,3.299,3.299,3.303,3.335,3.391
12.1666666666667,3.25,3.299,3.299,3.303,3.335,3.391
12.1833333333333,3.25,3.299,3.299,3.302,3.335,3.39
12.2,3.25,3.299,3.299,3.303,3.335,3.39
12.2166666666667,3.25,3.299,3.299,3.303,3.335,3.39
12.2333333333333,3.25,3.299,3.299,3.303,3.335,3.39
12.25,3.25,3.299,3.299,3.303,3.335,3.391
12.2666666666667,3.25,3.299,3.299,3.303,3.335,3.391
12.2833333333333,3.25,3.299,3.299,3.302,3.335,3.39
12.3,3.25,3.299,3.299,3.303,3.335,3.39
12.3166666666667,3.25,3.299,3.299,3.302,3.335,3.39
12.3333333333333,3.25,3.299,3.299,3.303,3.335,3.39
12.35,3.25,3.299,3.299,3.302,3.335,3.39
12.3666666666667,3.25,3.299,3.299,3.303,3.335,3.39
12.3833333333333,3.25,3.299,3.299,3.303,3.335,3.391
12.4,3.25,3.299,3.299,3.303,3.335,3.391
12.4166666666667,3.25,3.299,3.299,3.303,3.335,3.39
12.4333333333333,3.25,3.299,3.299,3.303,3.335,3.39
12.45,3.25,3.299,3.299,3.303,3.335,3.39
12.4666666666667,3.25,3.3,3.299,3.303,3.335,3.391
12.4833333333333,3.25,3.299,3.299,3.303,3.335,3.39
12.5,3.25,3.299,3.299,3.302,3.335,3.39
12.5166666666667,3.25,3.299,3.299,3.302,3.335,3.39
12.5333333333333,3.25,3.299,3.299,3.303,3.335,3.391
12.55,3.25,3.299,3.299,3.303,3.335,3.391
12.5666666666667,3.25,3.299,3.299,3.303,3.335,3.39
12.5833333333333,3.25,3.299,3.299,3.303,3.335,3.39
12.6,3.25,3.299,3.299,3.302,3.335,3.391
12.6166666666667,3.25,3.299,3.299,3.303,3.335,3.39
12.6333333333333,3.25,3.299,3.299,3.303,3.335,3.391
12.65,3.25,3.299,3.299,3.303,3.335,3.39
12.6666666666667,3.25,3.299,3.299,3.303,3.335,3.39
12.6833333333333,3.25,3.299,3.299,3.303,3.335,3.39
12.7,3.25,3.299,3.299,3.302,3.335,3.39
12.7166666666667,3.25,3.299,3.299,3.303,3.335,3.39
12.7333333333333,3.25,3.299,3.299,3.303,3.335,3.39
12.75,3.25,3.299,3.299,3.303,3.335,3.39
12.7666666666667,3.25,3.299,3.299,3.303,3.335,3.39
12.7833333333333,3.25,3.299,3.299,3.303,3.335,3.39
12.8,3.25,3.299,3.299,3.302,3.335,3.39
12.8166666666667,3.25,3.299,3.299,3.303,3.335,3.391
12.8333333333333,3.25,3.299,3.299,3.302,3.335,3.39
12.85,3.25,3.299,3.299,3.303,3.335,3.39
12.8666666666667,3.25,3.299,3.299,3.303,3.335,3.391
12.8833333333333,3.25,3.299,3.299,3.303,3.335,3.391
12.9,3.25,3.299,3.299,3.303,3.335,3.391
12.9166666666667,3.25,3.299,3.299,3.303,3.335,3.39
12.9333333333333,3.25,3.299,3.299,3.303,3.335,3.39
12.95,3.25,3.299,3.3,3.303,3.335,3.39
12.9666666666667,3.25,3.299,3.299,3.303,3.335,3.39
12.9833333333333,3.25,3.299,3.299,3.303,3.335,3.391
13,3.25,3.299,3.299,3.303,3.335,3.39
13.0166666666667,3.25,3.299,3.299,3.303,3.335,3.391
13.0333333333333,3.25,3.299,3.299,3.303,3.335,3.39
13.05,3.25,3.299,3.299,3.303,3.335,3.39
13.0666666666667,3.25,3.299,3.299,3.303,3.335,3.391
13.0833333333333,3.25,3.299,3.299,3.302,3.335,3.39
13.1,3.25,3.299,3.299,3.303,3.335,3.39
13.1166666666667,3.25,3.299,3.299,3.302,3.335,3.39
13.1333333333333,3.25,3.299,3.299,3.303,3.335,3.39
13.15,3.25,3.299,3.299,3.302,3.335,3.39
13.1666666666667,3.25,3.299,3.299,3.303,3.335,3.39
13.1833333333333,3.25,3.299,3.299,3.303,3.335,3.391
13.2,3.25,3.299,3.299,3.302,3.335,3.39
13.2166666666667,3.25,3.299,3.299,3.303,3.335,3.391
13.2333333333333,3.25,3.299,3.299,3.303,3.335,3.39
13.25,3.25,3.3,3.299,3.303,3.335,3.39
13.2666666666667,3.25,3.299,3.299,3.303,3.335,3.39
13.2833333333333,3.25,3.299,3.299,3.303,3.335,3.39
13.3,3.25,3.299,3.299,3.302,3.335,3.39
13.3166666666667,3.25,3.299,3.299,3.302,3.335,3.39
13.3333333333333,3.25,3.299,3.299,3.303,3.335,3.39
13.35,3.25,3.299,3.299,3.303,3.335,3.39
13.3666666666667,3.25,3.299,3.299,3.303,3.335,3.39
13.3833333333333,3.25,3.299,3.299,3.303,3.335,3.391
13.4,3.25,3.299,3.299,3.303,3.335,3.391
13.4166666666667,3.25,3.299,3.299,3.303,3.335,3.39
13.4333333333333,3.25,3.299,3.299,3.303,3.335,3.39
13.45,3.25,3.299,3.299,3.303,3.335,3.39
13.4666666666667,3.25,3.299,3.299,3.302,3.335,3.39
13.4833333333333,3.25,3.299,3.299,3.303,3.335,3.39
13.5,3.25,3.299,3.299,3.303,3.335,3.39
13.5166666666667,3.25,3.299,3.299,3.302,3.335,3.39
13.5333333333333,3.25,3.299,3.299,3.303,3.335,3.39
13.55,3.25,3.299,3.299,3.303,3.335,3.39
13.5666666666667,3.25,3.299,3.299,3.302,3.335,3.39
13.5833333333333,3.25,3.299,3.299,3.303,3.335,3.39
13.6,3.25,3.299,3.299,3.302,3.335,3.39
13.6166666666667,3.25,3.299,3.299,3.302,3.335,3.391
13.6333333333333,3.25,3.299,3.299,3.303,3.335,3.39
13.65,3.25,3.299,3.299,3.303,3.335,3.39
13.6666666666667,3.25,3.299,3.299,3.303,3.335,3.39
13.6833333333333,3.25,3.299,3.299,3.303,3.335,3.39
13.7,3.25,3.299,3.299,3.303,3.335,3.39
13.7166666666667,3.25,3.299,3.299,3.303,3.335,3.39
13.7333333333333,3.25,3.299,3.299,3.303,3.335,3.39
13.75,3.25,3.299,3.299,3.303,3.335,3.39
13.7666666666667,3.25,3.299,3.299,3.303,3.335,3.39
13.7833333333333,3.25,3.299,3.299,3.303,3.335,3.391
13.8,3.25,3.299,3.299,3.303,3.335,3.391
13.8166666666667,3.25,3.299,3.299,3.303,3.335,3.39
13.8333333333333,3.25,3.299,3.299,3.302,3.335,3.39
13.85,3.25,3.299,3.299,3.303,3.335,3.39
13.8666666666667,3.25,3.299,3.299,3.303,3.335,3.39
13.8833333333333,3.25,3.299,3.299,3.303,3.335,3.39
13.9,3.25,3.299,3.299,3.303,3.335,3.39
13.9166666666667,3.25,3.299,3.299,3.302,3.335,3.39
13.9333333333333,3.25,3.299,3.299,3.303,3.335,3.39
13.95,3.25,3.299,3.299,3.302,3.335,3.39
13.9666666666667,3.25,3.299,3.299,3.302,3.335,3.391
13.9833333333333,3.25,3.299,3.299,3.302,3.335,3.39
14,3.25,3.299,3.299,3.303,3.335,3.39
14.0166666666667,3.25,3.299,3.299,3.303,3.335,3.39
14.0333333333333,3.25,3.299,3.299,3.303,3.335,3.39
14.05,3.25,3.299,3.299,3.303,3.335,3.39
14.0666666666667,3.25,3.299,3.299,3.302,3.335,3.39
14.0833333333333,3.25,3.299,3.299,3.302,3.335,3.39
14.1,3.25,3.299,3.299,3.303,3.335,3.39
14.1166666666667,3.25,3.299,3.299,3.302,3.335,3.39
14.1333333333333,3.25,3.299,3.299,3.302,3.335,3.39
14.15,3.25,3.299,3.299,3.303,3.335,3.39
14.1666666666667,3.25,3.299,3.299,3.303,3.335,3.39
14.1833333333333,3.25,3.299,3.299,3.302,3.335,3.39
14.2,3.25,3.299,3.299,3.302,3.335,3.39
14.2166666666667,3.25,3.299,3.299,3.302,3.335,3.39
14.2333333333333,3.25,3.299,3.299,3.302,3.335,3.39
14.25,3.25,3.299,3.299,3.303,3.335,3.39
14.2666666666667,3.25,3.299,3.299,3.303,3.335,3.39
14.2833333333333,3.25,3.299,3.299,3.303,3.335,3.39
14.3,3.25,3.299,3.299,3.302,3.335,3.39
14.3166666666667,3.25,3.299,3.299,3.303,3.335,3.39
14.3333333333333,3.25,3.299,3.299,3.302,3.335,3.39
14.35,3.25,3.299,3.299,3.302,3.335,3.39
14.3666666666667,3.25,3.299,3.299,3.302,3.335,3.39
14.3833333333333,3.25,3.299,3.299,3.302,3.335,3.39
14.4,3.25,3.299,3.299,3.303,3.335,3.39
14.4166666666667,3.25,3.299,3.299,3.302,3.335,3.39
14.4333333333333,3.25,3.299,3.299,3.302,3.335,3.39
14.45,3.25,3.299,3.299,3.302,3.335,3.39
14.4666666666667,3.25,3.299,3.299,3.302,3.335,3.39
14.4833333333333,3.25,3.299,3.299,3.302,3.335,3.39
14.5,3.25,3.299,3.299,3.303,3.335,3.39
14.5166666666667,3.25,3.299,3.299,3.302,3.335,3.39
14.5333333333333,3.25,3.299,3.299,3.302,3.335,3.39
14.55,3.25,3.299,3.299,3.303,3.335,3.39
14.5666666666667,3.25,3.299,3.299,3.303,3.335,3.39
14.5833333333333,3.25,3.299,3.299,3.303,3.335,3.39
14.6,3.25,3.299,3.299,3.303,3.334,3.39
14.6166666666667,3.25,3.299,3.299,3.302,3.335,3.39
14.6333333333333,3.25,3.299,3.299,3.302,3.335,3.39
14.65,3.25,3.299,3.299,3.302,3.335,3.39
14.6666666666667,3.25,3.299,3.299,3.303,3.335,3.391
14.6833333333333,3.25,3.299,3.299,3.302,3.335,3.39
14.7,3.25,3.299,3.299,3.302,3.335,3.39
14.7166666666667,3.25,3.299,3.299,3.302,3.335,3.39
14.7333333333333,3.25,3.299,3.299,3.303,3.335,3.39
14.75,3.25,3.299,3.299,3.302,3.335,3.39
14.7666666666667,3.25,3.299,3.299,3.303,3.335,3.39
14.7833333333333,3.25,3.299,3.299,3.302,3.335,3.39
14.8,3.25,3.299,3.299,3.302,3.335,3.39
14.8166666666667,3.25,3.299,3.299,3.302,3.335,3.39
14.8333333333333,3.25,3.299,3.299,3.303,3.335,3.39
14.85,3.25,3.299,3.299,3.302,3.335,3.39
14.8666666666667,3.25,3.299,3.299,3.303,3.335,3.39
14.8833333333333,3.25,3.299,3.299,3.303,3.335,3.39
14.9,3.25,3.299,3.299,3.302,3.335,3.39
14.9166666666667,3.25,3.299,3.299,3.302,3.335,3.39
14.9333333333333,3.25,3.299,3.299,3.302,3.335,3.39
14.95,3.25,3.299,3.299,3.302,3.335,3.39
14.9666666666667,3.25,3.299,3.299,3.302,3.335,3.39
14.9833333333333,3.25,3.299,3.299,3.302,3.335,3.39
15,3.25,3.299,3.299,3.302,3.334,3.39
15.0166666666667,3.25,3.299,3.299,3.302,3.335,3.39
15.0333333333333,3.25,3.299,3.299,3.303,3.335,3.39
15.05,3.25,3.299,3.299,3.302,3.335,3.39
15.0666666666667,3.25,3.299,3.299,3.303,3.334,3.39
15.0833333333333,3.25,3.299,3.299,3.302,3.335,3.39
15.1,3.25,3.299,3.299,3.302,3.335,3.39
15.1166666666667,3.25,3.299,3.299,3.302,3.335,3.39
15.1333333333333,3.25,3.299,3.299,3.302,3.335,3.39
15.15,3.25,3.299,3.299,3.302,3.335,3.39
15.1666666666667,3.25,3.299,3.299,3.303,3.335,3.39
15.1833333333333,3.25,3.299,3.299,3.303,3.335,3.39
15.2,3.25,3.299,3.299,3.302,3.335,3.39
15.2166666666667,3.25,3.299,3.299,3.302,3.335,3.39
15.2333333333333,3.25,3.299,3.299,3.302,3.335,3.39
15.25,3.25,3.299,3.299,3.302,3.335,3.39
15.2666666666667,3.25,3.299,3.299,3.303,3.334,3.39
15.2833333333333,3.25,3.299,3.299,3.302,3.335,3.39
15.3,3.25,3.299,3.299,3.302,3.335,3.39
15.3166666666667,3.25,3.299,3.299,3.302,3.335,3.39
15.3333333333333,3.25,3.299,3.299,3.302,3.335,3.39
15.35,3.25,3.299,3.299,3.302,3.335,3.39
15.3666666666667,3.249,3.299,3.299,3.302,3.334,3.39
15.3833333333333,3.25,3.299,3.299,3.303,3.335,3.39
15.4,3.25,3.299,3.299,3.302,3.335,3.39
15.4166666666667,3.25,3.299,3.299,3.302,3.334,3.39
15.4333333333333,3.25,3.299,3.299,3.303,3.335,3.39
15.45,3.25,3.299,3.299,3.302,3.335,3.39
15.4666666666667,3.25,3.299,3.299,3.302,3.335,3.39
15.4833333333333,3.25,3.299,3.299,3.303,3.334,3.39
15.5,3.25,3.299,3.299,3.302,3.334,3.39
15.5166666666667,3.25,3.299,3.299,3.303,3.335,3.39
15.5333333333333,3.25,3.299,3.299,3.302,3.335,3.39
15.55,3.25,3.299,3.299,3.302,3.335,3.39
15.5666666666667,3.25,3.299,3.299,3.302,3.335,3.39
15.5833333333333,3.249,3.299,3.299,3.303,3.335,3.39
15.6,3.25,3.299,3.299,3.302,3.335,3.39
15.6166666666667,3.25,3.299,3.299,3.302,3.335,3.39
15.6333333333333,3.25,3.299,3.299,3.302,3.335,3.39
15.65,3.25,3.299,3.299,3.302,3.334,3.39
15.6666666666667,3.25,3.299,3.299,3.302,3.334,3.39
15.6833333333333,3.25,3.299,3.299,3.302,3.335,3.39
15.7,3.25,3.299,3.299,3.302,3.335,3.39
15.7166666666667,3.25,3.299,3.299,3.302,3.335,3.39
15.7333333333333,3.25,3.299,3.299,3.303,3.335,3.39
15.75,3.249,3.299,3.299,3.302,3.334,3.39
15.7666666666667,3.25,3.299,3.299,3.302,3.335,3.39
15.7833333333333,3.25,3.299,3.299,3.302,3.334,3.39
15.8,3.25,3.299,3.299,3.302,3.335,3.39
15.8166666666667,3.25,3.299,3.299,3.302,3.334,3.39
15.8333333333333,3.25,3.299,3.299,3.303,3.335,3.39
15.85,3.25,3.299,3.299,3.302,3.334,3.39
15.8666666666667,3.25,3.299,3.299,3.303,3.335,3.39
15.8833333333333,3.25,3.299,3.299,3.302,3.335,3.39
15.9,3.25,3.299,3.299,3.303,3.335,3.39
15.9166666666667,3.25,3.299,3.299,3.303,3.334,3.39
15.9333333333333,3.25,3.299,3.299,3.302,3.335,3.39
15.95,3.25,3.299,3.299,3.302,3.335,3.39
15.9666666666667,3.25,3.299,3.299,3.302,3.335,3.39
15.9833333333333,3.25,3.299,3.299,3.302,3.334,3.39
16,3.25,3.299,3.299,3.303,3.334,3.39
16.0166666666667,3.25,3.299,3.299,3.302,3.334,3.39
16.0333333333333,3.25,3.299,3.299,3.302,3.334,3.39
16.05,3.25,3.299,3.299,3.302,3.334,3.39
16.0666666666667,3.25,3.299,3.299,3.302,3.334,3.39
16.0833333333333,3.25,3.299,3.299,3.302,3.334,3.39
16.1,3.25,3.299,3.299,3.302,3.335,3.39
16.1166666666667,3.25,3.299,3.299,3.303,3.334,3.39
16.1333333333333,3.25,3.299,3.299,3.303,3.334,3.39
16.15,3.25,3.299,3.299,3.302,3.335,3.39
16.1666666666667,3.25,3.299,3.299,3.302,3.335,3.39
16.1833333333333,3.25,3.299,3.299,3.302,3.335,3.39
16.2,3.25,3.299,3.299,3.303,3.334,3.39
16.2166666666667,3.25,3.299,3.299,3.302,3.335,3.39
16.2333333333333,3.25,3.299,3.299,3.302,3.334,3.39
16.25,3.25,3.299,3.299,3.302,3.334,3.39
16.2666666666667,3.25,3.299,3.299,3.303,3.334,3.39
16.2833333333333,3.25,3.299,3.299,3.303,3.334,3.39
16.3,3.25,3.299,3.299,3.302,3.334,3.39
16.3166666666667,3.25,3.299,3.299,3.302,3.334,3.39
16.3333333333333,3.25,3.299,3.299,3.302,3.335,3.39
16.35,3.25,3.299,3.299,3.302,3.334,3.39
16.3666666666667,3.25,3.299,3.299,3.302,3.334,3.39
16.3833333333333,3.25,3.299,3.299,3.302,3.335,3.39
16.4,3.25,3.299,3.299,3.302,3.335,3.39
16.4166666666667,3.25,3.299,3.299,3.302,3.334,3.39
16.4333333333333,3.249,3.299,3.299,3.302,3.334,3.39
16.45,3.25,3.299,3.299,3.302,3.334,3.39
16.4666666666667,3.25,3.299,3.299,3.302,3.334,3.39
16.4833333333333,3.25,3.299,3.299,3.302,3.334,3.39
16.5,3.25,3.299,3.299,3.302,3.334,3.39
16.5166666666667,3.25,3.299,3.299,3.302,3.334,3.39
16.5333333333333,3.25,3.299,3.299,3.303,3.334,3.39
16.55,3.249,3.299,3.299,3.302,3.334,3.39
16.5666666666667,3.249,3.299,3.299,3.302,3.335,3.39
16.5833333333333,3.25,3.299,3.299,3.302,3.334,3.39
16.6,3.25,3.299,3.299,3.302,3.334,3.39
16.6166666666667,3.25,3.299,3.299,3.303,3.334,3.39
16.6333333333333,3.25,3.299,3.299,3.302,3.334,3.39
16.65,3.249,3.299,3.299,3.302,3.334,3.39
16.6666666666667,3.25,3.299,3.299,3.302,3.334,3.39
16.6833333333333,3.25,3.299,3.299,3.302,3.334,3.39
16.7,3.25,3.299,3.299,3.302,3.334,3.39
16.7166666666667,3.249,3.299,3.299,3.303,3.334,3.39
16.7333333333333,3.25,3.299,3.299,3.302,3.334,3.39
16.75,3.25,3.299,3.299,3.302,3.335,3.39
16.7666666666667,3.249,3.299,3.299,3.302,3.334,3.39
16.7833333333333,3.25,3.299,3.299,3.302,3.334,3.39
16.8,3.25,3.299,3.299,3.302,3.334,3.39
16.8166666666667,3.25,3.299,3.299,3.302,3.334,3.39
16.8333333333333,3.25,3.299,3.299,3.302,3.335,3.39
16.85,3.25,3.299,3.299,3.302,3.334,3.39
16.8666666666667,3.25,3.299,3.299,3.302,3.335,3.39
16.8833333333333,3.25,3.299,3.299,3.302,3.335,3.39
16.9,3.25,3.299,3.299,3.302,3.335,3.39
16.9166666666667,3.249,3.299,3.299,3.302,3.334,3.39
16.9333333333333,3.25,3.299,3.299,3.303,3.335,3.39
16.95,3.25,3.299,3.299,3.302,3.334,3.39
16.9666666666667,3.25,3.299,3.299,3.302,3.334,3.39
16.9833333333333,3.25,3.299,3.299,3.302,3.334,3.39
17,3.25,3.299,3.299,3.302,3.334,3.39
17.0166666666667,3.25,3.299,3.299,3.302,3.334,3.39
17.0333333333333,3.249,3.299,3.299,3.302,3.334,3.39
17.05,3.25,3.299,3.299,3.302,3.334,3.39
17.0666666666667,3.25,3.299,3.299,3.302,3.334,3.39
17.0833333333333,3.249,3.299,3.299,3.303,3.334,3.39
17.1,3.25,3.299,3.299,3.302,3.334,3.39
17.1166666666667,3.25,3.299,3.299,3.302,3.334,3.39
17.1333333333333,3.25,3.299,3.299,3.302,3.334,3.39
17.15,3.249,3.299,3.299,3.302,3.334,3.39
17.1666666666667,3.25,3.299,3.299,3.302,3.335,3.39
17.1833333333333,3.25,3.299,3.299,3.302,3.335,3.39
17.2,3.249,3.299,3.299,3.302,3.334,3.39
17.2166666666667,3.249,3.299,3.299,3.302,3.334,3.39
17.2333333333333,3.249,3.299,3.299,3.302,3.334,3.39
17.25,3.249,3.299,3.299,3.303,3.334,3.39
17.2666666666667,3.249,3.298,3.299,3.302,3.334,3.39
17.2833333333333,3.249,3.299,3.299,3.302,3.335,3.39
17.3,3.249,3.299,3.299,3.302,3.334,3.39
17.3166666666667,3.25,3.299,3.299,3.302,3.334,3.39
17.3333333333333,3.249,3.299,3.299,3.303,3.334,3.39
17.35,3.25,3.299,3.299,3.302,3.334,3.39
17.3666666666667,3.25,3.299,3.299,3.303,3.334,3.39
17.3833333333333,3.249,3.299,3.299,3.302,3.334,3.39
17.4,3.25,3.299,3.299,3.302,3.334,3.39
17.4166666666667,3.249,3.299,3.299,3.302,3.334,3.39
17.4333333333333,3.25,3.299,3.299,3.302,3.334,3.39
17.45,3.25,3.299,3.299,3.302,3.334,3.39
17.4666666666667,3.249,3.299,3.299,3.302,3.334,3.39
17.4833333333333,3.25,3.299,3.299,3.302,3.334,3.39
17.5,3.25,3.299,3.299,3.302,3.334,3.39
17.5166666666667,3.249,3.299,3.299,3.302,3.335,3.39
17.5333333333333,3.25,3.299,3.299,3.302,3.334,3.39
17.55,3.25,3.299,3.299,3.302,3.334,3.39
17.5666666666667,3.25,3.299,3.299,3.302,3.334,3.39
17.5833333333333,3.25,3.299,3.299,3.303,3.334,3.39
17.6,3.249,3.299,3.299,3.302,3.334,3.39
17.6166666666667,3.25,3.299,3.299,3.302,3.334,3.39
17.6333333333333,3.249,3.299,3.299,3.302,3.334,3.39
17.65,3.249,3.299,3.299,3.303,3.334,3.39
17.6666666666667,3.25,3.299,3.299,3.302,3.334,3.39
17.6833333333333,3.249,3.299,3.299,3.302,3.334,3.39
17.7,3.249,3.299,3.299,3.302,3.334,3.39
17.7166666666667,3.25,3.299,3.299,3.302,3.334,3.39
17.7333333333333,3.249,3.299,3.299,3.302,3.334,3.39
17.75,3.249,3.299,3.299,3.302,3.334,3.39
17.7666666666667,3.249,3.299,3.299,3.302,3.334,3.39
17.7833333333333,3.25,3.299,3.299,3.302,3.334,3.39
17.8,3.249,3.299,3.299,3.302,3.334,3.39
17.8166666666667,3.25,3.299,3.299,3.302,3.334,3.39
17.8333333333333,3.249,3.299,3.299,3.302,3.334,3.39
17.85,3.25,3.299,3.299,3.302,3.334,3.39
17.8666666666667,3.25,3.299,3.299,3.302,3.334,3.39
17.8833333333333,3.249,3.299,3.299,3.302,3.334,3.39
17.9,3.249,3.299,3.299,3.302,3.334,3.39
17.9166666666667,3.25,3.299,3.299,3.302,3.334,3.39
17.9333333333333,3.25,3.299,3.299,3.302,3.334,3.39
17.95,3.25,3.299,3.299,3.302,3.334,3.39
17.9666666666667,3.249,3.299,3.299,3.302,3.334,3.39
17.9833333333333,3.249,3.299,3.299,3.302,3.334,3.39
18,3.249,3.299,3.299,3.302,3.334,3.39
18.0166666666667,3.25,3.299,3.299,3.302,3.334,3.39
18.0333333333333,3.249,3.299,3.299,3.302,3.334,3.39
18.05,3.249,3.299,3.299,3.303,3.334,3.39
18.0666666666667,3.25,3.299,3.299,3.302,3.334,3.39
18.0833333333333,3.249,3.299,3.299,3.302,3.334,3.39
18.1,3.25,3.299,3.299,3.303,3.334,3.39
18.1166666666667,3.249,3.299,3.299,3.302,3.334,3.39
18.1333333333333,3.249,3.299,3.299,3.302,3.334,3.39
18.15,3.25,3.299,3.299,3.302,3.334,3.39
18.1666666666667,3.25,3.299,3.299,3.302,3.334,3.39
18.1833333333333,3.25,3.299,3.299,3.302,3.334,3.39
18.2,3.249,3.299,3.299,3.302,3.334,3.39
18.2166666666667,3.249,3.299,3.299,3.302,3.334,3.39
18.2333333333333,3.249,3.299,3.299,3.303,3.334,3.39
18.25,3.249,3.299,3.299,3.302,3.334,3.39
18.2666666666667,3.25,3.299,3.299,3.302,3.334,3.39
18.2833333333333,3.249,3.299,3.299,3.302,3.334,3.39
18.3,3.249,3.299,3.299,3.302,3.334,3.39
18.3166666666667,3.25,3.299,3.299,3.302,3.334,3.39
18.3333333333333,3.249,3.299,3.299,3.302,3.334,3.39
18.35,3.249,3.299,3.299,3.302,3.334,3.39
18.3666666666667,3.249,3.299,3.299,3.302,3.334,3.39
18.3833333333333,3.249,3.299,3.299,3.302,3.334,3.39
18.4,3.25,3.299,3.299,3.302,3.334,3.39
18.4166666666667,3.249,3.299,3.299,3.302,3.334,3.39
18.4333333333333,3.25,3.299,3.299,3.302,3.334,3.39
18.45,3.25,3.299,3.299,3.302,3.334,3.39
18.4666666666667,3.249,3.299,3.299,3.302,3.334,3.39
18.4833333333333,3.249,3.299,3.299,3.302,3.334,3.39
18.5,3.249,3.299,3.299,3.302,3.334,3.39
18.5166666666667,3.249,3.299,3.299,3.302,3.334,3.39
18.5333333333333,3.25,3.299,3.299,3.302,3.334,3.39
18.55,3.249,3.299,3.299,3.302,3.334,3.39
18.5666666666667,3.249,3.299,3.299,3.302,3.334,3.39
18.5833333333333,3.249,3.299,3.299,3.302,3.334,3.39
18.6,3.249,3.299,3.299,3.302,3.334,3.39
18.6166666666667,3.249,3.299,3.299,3.302,3.334,3.39
18.6333333333333,3.249,3.299,3.299,3.302,3.334,3.39
18.65,3.249,3.299,3.299,3.302,3.334,3.39
18.6666666666667,3.249,3.299,3.299,3.302,3.334,3.39
18.6833333333333,3.25,3.299,3.299,3.302,3.334,3.39
18.7,3.249,3.299,3.299,3.302,3.334,3.39
18.7166666666667,3.249,3.299,3.299,3.302,3.334,3.39
18.7333333333333,3.249,3.299,3.299,3.302,3.334,3.39
18.75,3.249,3.299,3.299,3.302,3.334,3.39
18.7666666666667,3.249,3.299,3.299,3.302,3.334,3.39
18.7833333333333,3.249,3.299,3.299,3.302,3.334,3.39
18.8,3.249,3.299,3.299,3.302,3.334,3.39
18.8166666666667,3.25,3.299,3.299,3.302,3.334,3.39
18.8333333333333,3.249,3.299,3.299,3.302,3.334,3.39
18.85,3.249,3.299,3.299,3.302,3.334,3.39
18.8666666666667,3.249,3.299,3.299,3.302,3.334,3.39
18.8833333333333,3.25,3.299,3.299,3.302,3.334,3.39
18.9,3.249,3.299,3.299,3.302,3.334,3.39
18.9166666666667,3.249,3.299,3.299,3.302,3.334,3.39
18.9333333333333,3.249,3.299,3.299,3.302,3.334,3.39
18.95,3.249,3.299,3.299,3.302,3.334,3.39
18.9666666666667,3.249,3.299,3.299,3.302,3.334,3.39
18.9833333333333,3.249,3.299,3.299,3.302,3.334,3.39
19,3.249,3.299,3.299,3.302,3.334,3.39
19.0166666666667,3.249,3.299,3.299,3.302,3.334,3.39
19.0333333333333,3.249,3.299,3.299,3.302,3.334,3.39
19.05,3.249,3.299,3.299,3.303,3.334,3.39
19.0666666666667,3.249,3.299,3.299,3.302,3.334,3.39
19.0833333333333,3.25,3.299,3.299,3.302,3.334,3.39
19.1,3.249,3.299,3.299,3.302,3.334,3.39
19.1166666666667,3.249,3.299,3.299,3.302,3.334,3.39
19.1333333333333,3.249,3.299,3.299,3.302,3.334,3.39
19.15,3.249,3.299,3.299,3.302,3.334,3.39
19.1666666666667,3.249,3.299,3.299,3.302,3.334,3.39
19.1833333333333,3.249,3.299,3.299,3.302,3.334,3.39
19.2,3.249,3.298,3.299,3.302,3.334,3.39
19.2166666666667,3.249,3.299,3.299,3.302,3.334,3.39
19.2333333333333,3.249,3.299,3.299,3.302,3.334,3.39
19.25,3.249,3.299,3.299,3.302,3.334,3.39
19.2666666666667,3.249,3.299,3.299,3.302,3.334,3.39
19.2833333333333,3.249,3.299,3.299,3.302,3.334,3.39
19.3,3.249,3.299,3.299,3.302,3.334,3.39
19.3166666666667,3.249,3.299,3.299,3.302,3.334,3.39
19.3333333333333,3.249,3.299,3.299,3.302,3.334,3.39
19.35,3.249,3.298,3.299,3.302,3.334,3.39
19.3666666666667,3.249,3.299,3.299,3.302,3.334,3.39
19.3833333333333,3.249,3.299,3.299,3.302,3.334,3.39
19.4,3.249,3.299,3.299,3.302,3.334,3.39
19.4166666666667,3.249,3.299,3.299,3.302,3.334,3.39
19.4333333333333,3.249,3.299,3.299,3.302,3.334,3.39
19.45,3.249,3.299,3.299,3.302,3.334,3.39
19.4666666666667,3.249,3.299,3.299,3.302,3.334,3.39
19.4833333333333,3.25,3.299,3.299,3.302,3.334,3.39
19.5,3.249,3.299,3.299,3.302,3.334,3.39
19.5166666666667,3.249,3.299,3.299,3.302,3.334,3.39
19.5333333333333,3.249,3.298,3.299,3.302,3.334,3.39
19.55,3.249,3.299,3.299,3.302,3.334,3.39
19.5666666666667,3.249,3.299,3.299,3.302,3.334,3.39
19.5833333333333,3.249,3.299,3.299,3.302,3.334,3.39
19.6,3.249,3.299,3.299,3.302,3.334,3.39
19.6166666666667,3.249,3.299,3.299,3.302,3.334,3.39
19.6333333333333,3.249,3.299,3.299,3.302,3.334,3.39
19.65,3.249,3.299,3.299,3.302,3.334,3.39
19.6666666666667,3.249,3.299,3.299,3.302,3.334,3.39
19.6833333333333,3.249,3.299,3.299,3.302,3.334,3.39
19.7,3.249,3.299,3.299,3.303,3.334,3.39
19.7166666666667,3.249,3.299,3.299,3.302,3.334,3.39
19.7333333333333,3.249,3.299,3.299,3.302,3.334,3.39
19.75,3.249,3.299,3.299,3.302,3.334,3.39
19.7666666666667,3.249,3.299,3.299,3.302,3.334,3.39
19.7833333333333,3.249,3.299,3.299,3.302,3.334,3.39
19.8,3.249,3.299,3.299,3.302,3.334,3.39
19.8166666666667,3.249,3.299,3.299,3.302,3.334,3.39
19.8333333333333,3.249,3.299,3.299,3.302,3.334,3.39
19.85,3.249,3.299,3.299,3.302,3.334,3.39
19.8666666666667,3.249,3.299,3.299,3.302,3.334,3.39
19.8833333333333,3.249,3.299,3.299,3.302,3.334,3.39
19.9,3.249,3.299,3.299,3.302,3.334,3.39
19.9166666666667,3.249,3.299,3.299,3.302,3.334,3.39
19.9333333333333,3.249,3.299,3.299,3.302,3.334,3.39
19.95,3.249,3.298,3.299,3.302,3.334,3.39
19.9666666666667,3.249,3.299,3.299,3.302,3.334,3.39
19.9833333333333,3.249,3.299,3.299,3.302,3.334,3.39
20,3.249,3.299,3.299,3.302,3.334,3.39
20.0166666666667,3.249,3.299,3.299,3.302,3.334,3.39
20.0333333333333,3.249,3.299,3.299,3.302,3.334,3.39
20.05,3.25,3.299,3.299,3.302,3.334,3.39
20.0666666666667,3.249,3.299,3.299,3.302,3.334,3.39
20.0833333333333,3.249,3.298,3.299,3.302,3.334,3.39
20.1,3.249,3.299,3.299,3.302,3.334,3.39
20.1166666666667,3.249,3.299,3.299,3.302,3.334,3.39
20.1333333333333,3.249,3.299,3.299,3.302,3.334,3.39
20.15,3.249,3.299,3.299,3.302,3.334,3.39
20.1666666666667,3.249,3.299,3.299,3.302,3.334,3.39
20.1833333333333,3.249,3.299,3.299,3.302,3.334,3.39
20.2,3.249,3.299,3.299,3.302,3.334,3.39
20.2166666666667,3.249,3.299,3.299,3.302,3.334,3.39
20.2333333333333,3.249,3.299,3.299,3.302,3.334,3.39
20.25,3.249,3.299,3.299,3.302,3.334,3.39
20.2666666666667,3.249,3.299,3.299,3.302,3.334,3.39
20.2833333333333,3.249,3.299,3.299,3.302,3.334,3.39
20.3,3.249,3.299,3.299,3.302,3.334,3.39
20.3166666666667,3.249,3.299,3.299,3.302,3.334,3.39
20.3333333333333,3.249,3.299,3.299,3.302,3.334,3.39
20.35,3.249,3.299,3.299,3.302,3.334,3.39
20.3666666666667,3.249,3.299,3.299,3.302,3.334,3.39
20.3833333333333,3.249,3.299,3.299,3.302,3.334,3.39
20.4,3.249,3.298,3.299,3.302,3.334,3.39
20.4166666666667,3.249,3.299,3.299,3.302,3.334,3.39
20.4333333333333,3.249,3.299,3.299,3.302,3.334,3.39
20.45,3.249,3.299,3.299,3.302,3.334,3.39
20.4666666666667,3.249,3.299,3.299,3.302,3.334,3.39
20.4833333333333,3.249,3.299,3.299,3.302,3.334,3.39
20.5,3.249,3.299,3.299,3.302,3.334,3.39
20.5166666666667,3.249,3.299,3.299,3.302,3.334,3.39
20.5333333333333,3.249,3.299,3.299,3.302,3.334,3.39
20.55,3.249,3.299,3.299,3.302,3.334,3.39
20.5666666666667,3.249,3.299,3.299,3.302,3.334,3.39
20.5833333333333,3.249,3.299,3.299,3.302,3.334,3.39
20.6,3.249,3.298,3.299,3.302,3.334,3.39
20.6166666666667,3.249,3.299,3.299,3.302,3.334,3.39
20.6333333333333,3.249,3.299,3.299,3.302,3.334,3.39
20.65,3.249,3.299,3.299,3.302,3.334,3.39
20.6666666666667,3.249,3.299,3.299,3.302,3.334,3.39
20.6833333333333,3.249,3.299,3.299,3.302,3.334,3.39
20.7,3.249,3.299,3.299,3.302,3.334,3.39
20.7166666666667,3.249,3.299,3.299,3.302,3.334,3.39
20.7333333333333,3.249,3.299,3.299,3.302,3.334,3.39
20.75,3.249,3.299,3.299,3.302,3.334,3.39
20.7666666666667,3.249,3.299,3.299,3.302,3.334,3.39
20.7833333333333,3.249,3.298,3.299,3.302,3.334,3.39
20.8,3.249,3.299,3.299,3.302,3.334,3.39
20.8166666666667,3.249,3.299,3.299,3.302,3.334,3.39
20.8333333333333,3.249,3.299,3.299,3.302,3.334,3.39
20.85,3.249,3.299,3.299,3.302,3.334,3.39
20.8666666666667,3.249,3.299,3.299,3.302,3.334,3.39
20.8833333333333,3.249,3.299,3.299,3.302,3.334,3.39
20.9,3.249,3.299,3.299,3.302,3.334,3.39
20.9166666666667,3.249,3.299,3.299,3.302,3.334,3.39
20.9333333333333,3.249,3.299,3.299,3.302,3.334,3.39
20.95,3.249,3.298,3.299,3.302,3.334,3.39
20.9666666666667,3.249,3.299,3.299,3.302,3.334,3.39
20.9833333333333,3.249,3.299,3.299,3.302,3.334,3.39
21,3.249,3.299,3.299,3.302,3.334,3.39
21.0166666666667,3.249,3.299,3.299,3.302,3.334,3.39
21.0333333333333,3.249,3.299,3.299,3.302,3.334,3.39
21.05,3.249,3.299,3.299,3.302,3.334,3.39
21.0666666666667,3.249,3.299,3.299,3.302,3.334,3.39
21.0833333333333,3.249,3.299,3.299,3.302,3.334,3.39
21.1,3.249,3.299,3.299,3.302,3.334,3.39
21.1166666666667,3.249,3.299,3.299,3.303,3.334,3.39
21.1333333333333,3.249,3.299,3.299,3.302,3.334,3.39
21.15,3.249,3.299,3.299,3.302,3.334,3.39
21.1666666666667,3.249,3.299,3.299,3.302,3.334,3.39
21.1833333333333,3.249,3.299,3.299,3.302,3.334,3.39
21.2,3.249,3.299,3.299,3.302,3.334,3.39
21.2166666666667,3.249,3.298,3.299,3.302,3.334,3.39
21.2333333333333,3.249,3.299,3.299,3.302,3.334,3.39
21.25,3.249,3.298,3.299,3.302,3.334,3.39
21.2666666666667,3.249,3.299,3.299,3.302,3.334,3.39
21.2833333333333,3.249,3.298,3.299,3.302,3.334,3.39
21.3,3.249,3.299,3.299,3.302,3.334,3.39
21.3166666666667,3.249,3.298,3.299,3.302,3.334,3.39
21.3333333333333,3.249,3.299,3.299,3.302,3.334,3.39
21.35,3.249,3.299,3.299,3.302,3.333,3.39
21.3666666666667,3.249,3.298,3.299,3.302,3.334,3.39
21.3833333333333,3.249,3.299,3.299,3.302,3.334,3.39
21.4,3.249,3.299,3.299,3.302,3.334,3.39
21.4166666666667,3.249,3.299,3.299,3.302,3.334,3.39
21.4333333333333,3.249,3.299,3.299,3.302,3.334,3.39
21.45,3.249,3.299,3.299,3.302,3.334,3.39
21.4666666666667,3.249,3.299,3.299,3.302,3.334,3.39
21.4833333333333,3.249,3.299,3.299,3.302,3.334,3.39
21.5,3.249,3.299,3.299,3.302,3.334,3.39
21.5166666666667,3.249,3.299,3.299,3.302,3.333,3.39
21.5333333333333,3.249,3.299,3.299,3.302,3.334,3.39
21.55,3.249,3.298,3.299,3.302,3.334,3.39
21.5666666666667,3.249,3.299,3.299,3.302,3.334,3.39
21.5833333333333,3.249,3.299,3.299,3.302,3.334,3.39
21.6,3.249,3.299,3.299,3.302,3.334,3.39
21.6166666666667,3.249,3.298,3.299,3.302,3.334,3.39
21.6333333333333,3.249,3.299,3.299,3.302,3.334,3.39
21.65,3.249,3.298,3.299,3.302,3.334,3.39
21.6666666666667,3.249,3.299,3.299,3.302,3.334,3.39
21.6833333333333,3.249,3.299,3.299,3.302,3.334,3.39
21.7,3.249,3.299,3.299,3.302,3.334,3.39
21.7166666666667,3.249,3.299,3.299,3.302,3.334,3.389
21.7333333333333,3.249,3.299,3.299,3.302,3.334,3.389
21.75,3.249,3.299,3.299,3.302,3.334,3.389
21.7666666666667,3.249,3.299,3.299,3.302,3.334,3.389
21.7833333333333,3.249,3.298,3.299,3.302,3.334,3.389
21.8,3.249,3.299,3.299,3.302,3.334,3.389
21.8166666666667,3.249,3.299,3.299,3.302,3.334,3.389
21.8333333333333,3.249,3.299,3.299,3.302,3.334,3.389
21.85,3.249,3.299,3.299,3.302,3.334,3.389
21.8666666666667,3.249,3.298,3.299,3.302,3.334,3.389
21.8833333333333,3.249,3.298,3.299,3.302,3.334,3.389
21.9,3.249,3.299,3.299,3.302,3.334,3.389
21.9166666666667,3.249,3.299,3.299,3.302,3.334,3.389
21.9333333333333,3.249,3.299,3.299,3.302,3.334,3.389
21.95,3.249,3.299,3.299,3.302,3.334,3.389
21.9666666666667,3.249,3.299,3.299,3.302,3.334,3.389
21.9833333333333,3.249,3.298,3.299,3.302,3.333,3.389
22,3.249,3.299,3.299,3.302,3.333,3.389
22.0166666666667,3.249,3.299,3.299,3.302,3.333,3.389
22.0333333333333,3.249,3.298,3.299,3.302,3.333,3.389
22.05,3.249,3.299,3.299,3.302,3.333,3.389
22.0666666666667,3.249,3.299,3.299,3.302,3.333,3.389
22.0833333333333,3.249,3.299,3.299,3.302,3.333,3.389
22.1,3.249,3.299,3.299,3.302,3.333,3.389
22.1166666666667,3.249,3.298,3.299,3.302,3.333,3.389
22.1333333333333,3.249,3.299,3.299,3.302,3.333,3.389
22.15,3.249,3.299,3.299,3.302,3.333,3.389
22.1666666666667,3.249,3.299,3.299,3.302,3.333,3.389
22.1833333333333,3.249,3.298,3.299,3.302,3.333,3.389
22.2,3.249,3.298,3.299,3.302,3.333,3.389
22.2166666666667,3.249,3.299,3.299,3.302,3.333,3.389
22.2333333333333,3.249,3.299,3.299,3.302,3.333,3.389
22.25,3.249,3.298,3.299,3.302,3.333,3.389
22.2666666666667,3.249,3.298,3.299,3.302,3.333,3.389
22.2833333333333,3.249,3.299,3.299,3.302,3.333,3.389
22.3,3.249,3.299,3.299,3.302,3.333,3.389
22.3166666666667,3.249,3.299,3.299,3.302,3.334,3.389
22.3333333333333,3.249,3.299,3.299,3.302,3.334,3.389
22.35,3.249,3.299,3.299,3.302,3.333,3.389
22.3666666666667,3.249,3.299,3.299,3.302,3.334,3.389
22.3833333333333,3.249,3.299,3.299,3.302,3.333,3.389
22.4,3.249,3.299,3.299,3.302,3.333,3.389
22.4166666666667,3.249,3.298,3.299,3.302,3.333,3.389
22.4333333333333,3.249,3.298,3.299,3.302,3.333,3.389
22.45,3.249,3.298,3.299,3.302,3.333,3.389
22.4666666666667,3.249,3.299,3.299,3.302,3.333,3.389
22.4833333333333,3.249,3.299,3.299,3.302,3.333,3.389
22.5,3.249,3.299,3.299,3.302,3.333,3.389
22.5166666666667,3.249,3.299,3.299,3.302,3.333,3.389
22.5333333333333,3.249,3.298,3.299,3.302,3.333,3.389
22.55,3.249,3.299,3.299,3.302,3.333,3.389
22.5666666666667,3.249,3.299,3.299,3.302,3.333,3.389
22.5833333333333,3.249,3.298,3.299,3.302,3.333,3.389
22.6,3.249,3.299,3.299,3.302,3.333,3.389
22.6166666666667,3.249,3.298,3.299,3.302,3.333,3.389
22.6333333333333,3.249,3.299,3.299,3.302,3.333,3.389
22.65,3.249,3.299,3.299,3.302,3.333,3.389
22.6666666666667,3.249,3.299,3.299,3.302,3.333,3.389
22.6833333333333,3.249,3.299,3.299,3.302,3.333,3.389
22.7,3.249,3.299,3.299,3.302,3.333,3.389
22.7166666666667,3.249,3.298,3.299,3.302,3.333,3.389
22.7333333333333,3.249,3.299,3.299,3.302,3.333,3.389
22.75,3.249,3.298,3.299,3.302,3.333,3.389
22.7666666666667,3.249,3.299,3.299,3.302,3.333,3.389
22.7833333333333,3.249,3.298,3.299,3.302,3.333,3.389
22.8,3.249,3.299,3.299,3.302,3.333,3.389
22.8166666666667,3.249,3.299,3.299,3.302,3.333,3.389
22.8333333333333,3.249,3.298,3.299,3.302,3.333,3.389
22.85,3.249,3.298,3.299,3.302,3.333,3.389
22.8666666666667,3.249,3.298,3.299,3.302,3.333,3.389
22.8833333333333,3.249,3.299,3.299,3.302,3.333,3.389
22.9,3.249,3.299,3.299,3.302,3.333,3.389
22.9166666666667,3.249,3.298,3.299,3.302,3.333,3.389
22.9333333333333,3.249,3.298,3.299,3.302,3.333,3.389
22.95,3.249,3.298,3.299,3.302,3.333,3.389
22.9666666666667,3.249,3.299,3.299,3.302,3.333,3.389
22.9833333333333,3.249,3.299,3.299,3.302,3.333,3.389
23,3.249,3.299,3.299,3.302,3.333,3.389
23.0166666666667,3.248,3.299,3.299,3.302,3.333,3.389
23.0333333333333,3.249,3.299,3.299,3.302,3.333,3.389
23.05,3.249,3.299,3.299,3.302,3.333,3.389
23.0666666666667,3.249,3.299,3.299,3.302,3.333,3.389
23.0833333333333,3.249,3.299,3.299,3.302,3.333,3.389
23.1,3.249,3.298,3.299,3.302,3.334,3.389
23.1166666666667,3.249,3.298,3.299,3.302,3.333,3.389
23.1333333333333,3.249,3.299,3.299,3.302,3.333,3.389
23.15,3.249,3.299,3.299,3.302,3.333,3.389
23.1666666666667,3.249,3.298,3.299,3.302,3.333,3.389
23.1833333333333,3.249,3.298,3.299,3.302,3.333,3.389
23.2,3.249,3.298,3.299,3.302,3.333,3.389
23.2166666666667,3.249,3.299,3.299,3.302,3.333,3.389
23.2333333333333,3.249,3.298,3.299,3.302,3.333,3.389
23.25,3.249,3.299,3.299,3.302,3.333,3.389
23.2666666666667,3.249,3.299,3.299,3.302,3.333,3.389
23.2833333333333,3.249,3.299,3.299,3.302,3.333,3.389
23.3,3.249,3.298,3.299,3.302,3.334,3.389
23.3166666666667,3.249,3.298,3.299,3.302,3.333,3.389
23.3333333333333,3.249,3.298,3.299,3.302,3.333,3.389
23.35,3.249,3.298,3.299,3.302,3.333,3.389
23.3666666666667,3.249,3.299,3.299,3.302,3.333,3.389
23.3833333333333,3.249,3.299,3.299,3.302,3.333,3.389
23.4,3.249,3.298,3.299,3.302,3.333,3.389
23.4166666666667,3.249,3.298,3.299,3.302,3.333,3.389
23.4333333333333,3.249,3.299,3.299,3.302,3.333,3.389
23.45,3.249,3.298,3.299,3.302,3.333,3.389
23.4666666666667,3.249,3.299,3.299,3.302,3.333,3.389
23.4833333333333,3.249,3.299,3.299,3.302,3.333,3.389
23.5,3.249,3.298,3.299,3.302,3.333,3.389
23.5166666666667,3.249,3.298,3.299,3.302,3.333,3.389
23.5333333333333,3.249,3.298,3.299,3.302,3.333,3.389
23.55,3.249,3.299,3.299,3.302,3.333,3.389
23.5666666666667,3.249,3.298,3.299,3.302,3.333,3.389
23.5833333333333,3.249,3.299,3.299,3.302,3.333,3.389
23.6,3.249,3.298,3.299,3.302,3.333,3.389
23.6166666666667,3.249,3.298,3.299,3.302,3.333,3.389
23.6333333333333,3.249,3.299,3.299,3.302,3.333,3.389
23.65,3.249,3.299,3.299,3.302,3.333,3.389
23.6666666666667,3.249,3.298,3.299,3.302,3.333,3.389
23.6833333333333,3.249,3.299,3.299,3.302,3.333,3.389
23.7,3.249,3.299,3.299,3.302,3.333,3.389
23.7166666666667,3.249,3.298,3.299,3.302,3.333,3.389
23.7333333333333,3.249,3.299,3.299,3.302,3.333,3.389
23.75,3.249,3.298,3.299,3.302,3.333,3.389
23.7666666666667,3.249,3.298,3.299,3.302,3.333,3.389
23.7833333333333,3.249,3.298,3.299,3.302,3.333,3.389
23.8,3.249,3.298,3.299,3.302,3.333,3.389
23.8166666666667,3.249,3.298,3.299,3.302,3.333,3.389
23.8333333333333,3.249,3.299,3.299,3.302,3.334,3.389
23.85,3.249,3.299,3.299,3.302,3.333,3.389
23.8666666666667,3.249,3.299,3.299,3.302,3.333,3.389
23.8833333333333,3.249,3.298,3.299,3.302,3.333,3.389
23.9,3.249,3.298,3.299,3.302,3.333,3.389
23.9166666666667,3.249,3.298,3.299,3.302,3.333,3.389
23.9333333333333,3.249,3.299,3.299,3.302,3.333,3.389
23.95,3.249,3.298,3.299,3.302,3.333,3.389
23.9666666666667,3.249,3.298,3.299,3.302,3.333,3.389
23.9833333333333,3.249,3.298,3.299,3.302,3.333,3.389
24,3.249,3.299,3.299,3.302,3.333,3.389
