Timestamp [h],BATT_001_OCV_V_00-SOC,BATT_001_OCV_V_20-SOC,BATT_001_OCV_V_40-SOC,BATT_001_OCV_V_50-SOC,BATT_001_OCV_V_60-SOC,BATT_001_OCV_V_80-SOC
0,2.0123,3.1419,3.2552,3.261,3.2703,3.2924
0.0166666666666667,2.0123,3.1419,3.2552,3.276,3.2703,3.2924
0.0333333333333333,2.277,3.2199,3.2682,3.278,3.2785,3.3105
0.05,2.277,3.2199,3.2682,3.28,3.2785,3.3105
0.0666666666666667,2.352,3.2228,3.2711,3.281,3.2804,3.3136
0.0833333333333333,2.352,3.2228,3.2711,3.282,3.2804,3.3136
0.1,2.4369,3.2257,3.2742,3.282,3.2824,3.3172
0.116666666666667,2.4369,3.2257,3.2742,3.283,3.2824,3.3172
0.133333333333333,2.4927,3.2273,3.276,3.283,3.2837,3.3192
0.15,2.4927,3.2273,3.276,3.283,3.2837,3.3192
0.166666666666667,2.5315,3.2285,3.2773,3.284,3.2845,3.3206
0.183333333333333,2.5315,3.2285,3.2773,3.284,3.2845,3.3206
0.2,2.559,3.2295,3.2782,3.284,3.2851,3.3217
0.216666666666667,2.559,3.2295,3.2782,3.284,3.2851,3.3217
0.233333333333333,2.5799,3.2301,3.279,3.285,3.2855,3.3226
0.25,2.5799,3.2301,3.279,3.285,3.2855,3.3226
0.266666666666667,2.5966,3.2307,3.2796,3.285,3.286,3.3232
0.283333333333333,2.5966,3.2307,3.2796,3.285,3.286,3.3232
0.3,2.6106,3.2313,3.2802,3.286,3.2863,3.3239
0.316666666666667,2.6106,3.2313,3.2802,3.286,3.2863,3.3239
0.333333333333333,2.6224,3.2318,3.2807,3.286,3.2866,3.3243
0.35,2.6224,3.2318,3.2807,3.286,3.2866,3.3243
0.366666666666667,2.6329,3.2321,3.281,3.286,3.2869,3.3246
0.383333333333333,2.6329,3.2321,3.281,3.286,3.2869,3.3246
0.4,2.6421,3.2326,3.2813,3.286,3.2871,3.325
0.416666666666667,2.6421,3.2326,3.2813,3.286,3.2871,3.325
0.433333333333333,2.6502,3.2329,3.2816,3.286,3.2874,3.3253
0.45,2.6502,3.2329,3.2816,3.287,3.2874,3.3253
0.466666666666667,2.6575,3.2332,3.282,3.286,3.2876,3.3256
0.483333333333333,2.6575,3.2332,3.282,3.287,3.2876,3.3256
0.5,2.6639,3.2335,3.2823,3.287,3.2877,3.3259
0.516666666666667,2.6639,3.2335,3.2823,3.287,3.2877,3.3259
0.533333333333333,2.67,3.2337,3.2824,3.287,3.2879,3.3261
0.55,2.67,3.2337,3.2824,3.287,3.2879,3.3261
0.566666666666667,2.6753,3.234,3.2826,3.287,3.288,3.3264
0.583333333333333,2.6753,3.234,3.2826,3.287,3.288,3.3264
0.6,2.6804,3.2341,3.2829,3.287,3.2882,3.3265
0.616666666666667,2.6804,3.2341,3.2829,3.287,3.2882,3.3265
0.633333333333333,2.6849,3.2344,3.2831,3.287,3.2882,3.3267
0.65,2.6849,3.2344,3.2831,3.287,3.2882,3.3267
0.666666666666667,2.6891,3.2346,3.2832,3.287,3.2883,3.3268
0.683333333333333,2.6891,3.2346,3.2832,3.287,3.2883,3.3268
0.7,2.693,3.2348,3.2834,3.287,3.2885,3.3268
0.716666666666667,2.693,3.2348,3.2834,3.287,3.2885,3.3268
0.733333333333333,2.6966,3.2351,3.2835,3.287,3.2887,3.327
0.75,2.6966,3.2351,3.2835,3.288,3.2887,3.327
0.766666666666667,2.6999,3.2352,3.2837,3.287,3.2887,3.3271
0.783333333333333,2.6999,3.2352,3.2837,3.287,3.2887,3.3271
0.8,2.703,3.2354,3.2838,3.287,3.2888,3.3273
0.816666666666667,2.703,3.2354,3.2838,3.288,3.2888,3.3273
0.833333333333333,2.706,3.2355,3.2838,3.288,3.2888,3.3273
0.85,2.706,3.2355,3.2838,3.288,3.2888,3.3273
0.866666666666667,2.7088,3.2357,3.284,3.288,3.289,3.3275
0.883333333333333,2.7088,3.2357,3.284,3.288,3.289,3.3275
0.9,2.7112,3.2358,3.2841,3.288,3.289,3.3276
0.916666666666667,2.7112,3.2358,3.2841,3.288,3.289,3.3276
0.933333333333333,2.7137,3.236,3.2841,3.288,3.2891,3.3276
0.95,2.7137,3.236,3.2841,3.288,3.2891,3.3276
0.966666666666667,2.7159,3.2362,3.2843,3.288,3.2891,3.3278
0.983333333333333,2.7159,3.2362,3.2843,3.288,3.2891,3.3278
1,2.7183,3.2363,3.2845,3.288,3.2893,3.3278
1.01666666666667,2.7183,3.2363,3.2845,3.288,3.2893,3.3278
1.03333333333333,2.7203,3.2365,3.2845,3.288,3.2893,3.3279
1.05,2.7203,3.2365,3.2845,3.288,3.2893,3.3279
1.06666666666667,2.7222,3.2366,3.2846,3.288,3.2894,3.3279
1.08333333333333,2.7222,3.2366,3.2846,3.288,3.2894,3.3279
1.1,2.724,3.2368,3.2846,3.289,3.2894,3.3281
1.11666666666667,2.724,3.2368,3.2846,3.288,3.2894,3.3281
1.13333333333333,2.7257,3.2368,3.2848,3.288,3.2894,3.3281
1.15,2.7257,3.2368,3.2848,3.288,3.2894,3.3281
1.16666666666667,2.7275,3.2369,3.2848,3.288,3.2896,3.3281
1.18333333333333,2.7275,3.2369,3.2848,3.288,3.2896,3.3281
1.2,2.729,3.2371,3.2849,3.288,3.2896,3.3282
1.21666666666667,2.729,3.2371,3.2849,3.289,3.2896,3.3282
1.23333333333333,2.7306,3.2371,3.2849,3.288,3.2896,3.3282
1.25,2.7306,3.2371,3.2849,3.289,3.2896,3.3282
1.26666666666667,2.732,3.2372,3.2851,3.288,3.2896,3.3284
1.28333333333333,2.732,3.2372,3.2851,3.289,3.2896,3.3284
1.3,2.7334,3.2374,3.2851,3.289,3.2897,3.3284
1.31666666666667,2.7334,3.2374,3.2851,3.288,3.2897,3.3284
1.33333333333333,2.7346,3.2374,3.2852,3.289,3.2897,3.3284
1.35,2.7346,3.2374,3.2852,3.289,3.2897,3.3284
1.36666666666667,2.7359,3.2376,3.2852,3.289,3.2897,3.3285
1.38333333333333,2.7359,3.2376,3.2852,3.289,3.2897,3.3285
1.4,2.7371,3.2377,3.2852,3.289,3.2899,3.3285
1.41666666666667,2.7371,3.2377,3.2852,3.289,3.2899,3.3285
1.43333333333333,2.7382,3.2377,3.2854,3.289,3.2899,3.3285
1.45,2.7382,3.2377,3.2854,3.289,3.2899,3.3285
1.46666666666667,2.7393,3.2379,3.2854,3.289,3.2899,3.3285
1.48333333333333,2.7393,3.2379,3.2854,3.289,3.2899,3.3285
1.5,2.7402,3.2379,3.2855,3.289,3.2899,3.3287
1.51666666666667,2.7402,3.2379,3.2855,3.289,3.2899,3.3287
1.53333333333333,2.7412,3.238,3.2855,3.289,3.2901,3.3287
1.55,2.7412,3.238,3.2855,3.289,3.2901,3.3287
1.56666666666667,2.7421,3.2382,3.2855,3.289,3.2901,3.3287
1.58333333333333,2.7421,3.2382,3.2855,3.289,3.2901,3.3287
1.6,2.743,3.2382,3.2857,3.289,3.2901,3.3287
1.61666666666667,2.743,3.2382,3.2857,3.289,3.2901,3.3287
1.63333333333333,2.744,3.2383,3.2857,3.289,3.2901,3.3289
1.65,2.744,3.2383,3.2857,3.289,3.2901,3.3289
1.66666666666667,2.7447,3.2383,3.2857,3.289,3.2902,3.3289
1.68333333333333,2.7447,3.2383,3.2857,3.289,3.2902,3.3289
1.7,2.7455,3.2385,3.2857,3.289,3.2902,3.3289
1.71666666666667,2.7455,3.2385,3.2857,3.289,3.2902,3.3289
1.73333333333333,2.7463,3.2385,3.2859,3.289,3.2902,3.3289
1.75,2.7463,3.2385,3.2859,3.289,3.2902,3.3289
1.76666666666667,2.7471,3.2385,3.2859,3.289,3.2902,3.329
1.78333333333333,2.7471,3.2385,3.2859,3.289,3.2902,3.329
1.8,2.7477,3.2386,3.2859,3.289,3.2902,3.329
1.81666666666667,2.7477,3.2386,3.2859,3.289,3.2902,3.329
1.83333333333333,2.7485,3.2386,3.2859,3.289,3.2904,3.329
1.85,2.7485,3.2386,3.2859,3.289,3.2904,3.329
1.86666666666667,2.7491,3.2388,3.286,3.289,3.2904,3.329
1.88333333333333,2.7491,3.2388,3.286,3.289,3.2904,3.329
1.9,2.7499,3.2388,3.286,3.289,3.2904,3.329
1.91666666666667,2.7499,3.2388,3.286,3.289,3.2904,3.329
1.93333333333333,2.7505,3.239,3.286,3.289,3.2904,3.329
1.95,2.7505,3.239,3.286,3.289,3.2904,3.329
1.96666666666667,2.7511,3.239,3.2862,3.289,3.2904,3.3292
1.98333333333333,2.7511,3.239,3.2862,3.289,3.2904,3.3292
2,2.7518,3.2391,3.2862,3.289,3.2904,3.3292
2.01666666666667,2.7518,3.2391,3.2862,3.289,3.2904,3.3292
2.03333333333333,2.7522,3.2391,3.2862,3.289,3.2905,3.3292
2.05,2.7522,3.2391,3.2862,3.289,3.2905,3.3292
2.06666666666667,2.7528,3.2393,3.2862,3.289,3.2905,3.3292
2.08333333333333,2.7528,3.2393,3.2862,3.289,3.2905,3.3292
2.1,2.7535,3.2393,3.2862,3.289,3.2905,3.3292
2.11666666666667,2.7535,3.2393,3.2862,3.289,3.2905,3.3292
2.13333333333333,2.7539,3.2393,3.2863,3.29,3.2905,3.3292
2.15,2.7539,3.2393,3.2863,3.289,3.2905,3.3292
2.16666666666667,2.7546,3.2394,3.2863,3.29,3.2905,3.3292
2.18333333333333,2.7546,3.2394,3.2863,3.289,3.2905,3.3292
2.2,2.755,3.2394,3.2863,3.289,3.2905,3.3293
2.21666666666667,2.755,3.2394,3.2863,3.289,3.2905,3.3293
2.23333333333333,2.7557,3.2394,3.2863,3.289,3.2905,3.3293
2.25,2.7557,3.2394,3.2863,3.29,3.2905,3.3293
2.26666666666667,2.7561,3.2396,3.2863,3.289,3.2907,3.3293
2.28333333333333,2.7561,3.2396,3.2863,3.289,3.2907,3.3293
2.3,2.7567,3.2396,3.2865,3.289,3.2907,3.3293
2.31666666666667,2.7567,3.2396,3.2865,3.289,3.2907,3.3293
2.33333333333333,2.7572,3.2397,3.2865,3.289,3.2907,3.3293
2.35,2.7572,3.2397,3.2865,3.29,3.2907,3.3293
2.36666666666667,2.7577,3.2397,3.2865,3.289,3.2907,3.3293
2.38333333333333,2.7577,3.2397,3.2865,3.289,3.2907,3.3293
2.4,2.7581,3.2397,3.2865,3.289,3.2907,3.3295
2.41666666666667,2.7581,3.2397,3.2865,3.289,3.2907,3.3295
2.43333333333333,2.7586,3.2399,3.2865,3.29,3.2907,3.3295
2.45,2.7586,3.2399,3.2865,3.289,3.2907,3.3295
2.46666666666667,2.7591,3.2399,3.2866,3.289,3.2907,3.3295
2.48333333333333,2.7591,3.2399,3.2866,3.289,3.2907,3.3295
2.5,2.7595,3.2399,3.2866,3.289,3.2907,3.3295
2.51666666666667,2.7595,3.2399,3.2866,3.289,3.2907,3.3295
2.53333333333333,2.76,3.24,3.2866,3.29,3.2908,3.3295
2.55,2.76,3.24,3.2866,3.29,3.2908,3.3295
2.56666666666667,2.7605,3.24,3.2866,3.29,3.2908,3.3295
2.58333333333333,2.7605,3.24,3.2866,3.289,3.2908,3.3295
2.6,2.761,3.24,3.2866,3.29,3.2908,3.3295
2.61666666666667,2.761,3.24,3.2866,3.29,3.2908,3.3295
2.63333333333333,2.7613,3.24,3.2866,3.29,3.2908,3.3295
2.65,2.7613,3.24,3.2866,3.29,3.2908,3.3295
2.66666666666667,2.7617,3.2402,3.2866,3.29,3.2908,3.3296
2.68333333333333,2.7617,3.2402,3.2866,3.29,3.2908,3.3296
2.7,2.7622,3.2402,3.2868,3.289,3.2908,3.3296
2.71666666666667,2.7622,3.2402,3.2868,3.29,3.2908,3.3296
2.73333333333333,2.7625,3.2402,3.2868,3.29,3.2908,3.3296
2.75,2.7625,3.2402,3.2868,3.29,3.2908,3.3296
2.76666666666667,2.763,3.2404,3.2868,3.29,3.2908,3.3296
2.78333333333333,2.763,3.2404,3.2868,3.29,3.2908,3.3296
2.8,2.7634,3.2404,3.2868,3.29,3.291,3.3296
2.81666666666667,2.7634,3.2404,3.2868,3.29,3.291,3.3296
2.83333333333333,2.7638,3.2404,3.2868,3.29,3.291,3.3296
2.85,2.7638,3.2404,3.2868,3.29,3.291,3.3296
2.86666666666667,2.7642,3.2405,3.2868,3.29,3.291,3.3296
2.88333333333333,2.7642,3.2405,3.2868,3.29,3.291,3.3296
2.9,2.7645,3.2405,3.2868,3.29,3.291,3.3296
2.91666666666667,2.7645,3.2405,3.2868,3.29,3.291,3.3296
2.93333333333333,2.765,3.2405,3.2869,3.29,3.291,3.3296
2.95,2.765,3.2405,3.2869,3.29,3.291,3.3296
2.96666666666667,2.7653,3.2405,3.2869,3.29,3.291,3.3296
2.98333333333333,2.7653,3.2405,3.2869,3.29,3.291,3.3296
3,2.7658,3.2407,3.2869,3.29,3.291,3.3298
3.01666666666667,2.7658,3.2407,3.2869,3.29,3.291,3.3298
3.03333333333333,2.7661,3.2407,3.2869,3.29,3.291,3.3298
3.05,2.7661,3.2407,3.2869,3.29,3.291,3.3298
3.06666666666667,2.7664,3.2407,3.2869,3.29,3.291,3.3298
3.08333333333333,2.7664,3.2407,3.2869,3.29,3.291,3.3298
3.1,2.7669,3.2408,3.2869,3.29,3.291,3.3298
3.11666666666667,2.7669,3.2408,3.2869,3.29,3.291,3.3298
3.13333333333333,2.7672,3.2408,3.2869,3.29,3.291,3.3298
3.15,2.7672,3.2408,3.2869,3.29,3.291,3.3298
3.16666666666667,2.7675,3.2408,3.2869,3.29,3.2912,3.3298
3.18333333333333,2.7675,3.2408,3.2869,3.29,3.2912,3.3298
3.2,2.768,3.2408,3.2869,3.29,3.2912,3.3298
3.21666666666667,2.768,3.2408,3.2869,3.29,3.2912,3.3298
3.23333333333333,2.7683,3.2408,3.2871,3.29,3.2912,3.3298
3.25,2.7683,3.2408,3.2871,3.29,3.2912,3.3298
3.26666666666667,2.7686,3.241,3.2871,3.29,3.2912,3.3298
3.28333333333333,2.7686,3.241,3.2871,3.29,3.2912,3.3298
3.3,2.7689,3.241,3.2871,3.29,3.2912,3.3298
3.31666666666667,2.7689,3.241,3.2871,3.29,3.2912,3.3298
3.33333333333333,2.7694,3.241,3.2871,3.29,3.2912,3.3298
3.35,2.7694,3.241,3.2871,3.29,3.2912,3.3298
3.36666666666667,2.7697,3.2411,3.2871,3.29,3.2912,3.3298
3.38333333333333,2.7697,3.2411,3.2871,3.29,3.2912,3.3298
3.4,2.77,3.2411,3.2871,3.29,3.2912,3.3299
3.41666666666667,2.77,3.2411,3.2871,3.29,3.2912,3.3299
3.43333333333333,2.7703,3.2411,3.2871,3.29,3.2912,3.3298
3.45,2.7703,3.2411,3.2871,3.29,3.2912,3.3298
3.46666666666667,2.7706,3.2411,3.2871,3.29,3.2912,3.3299
3.48333333333333,2.7706,3.2411,3.2871,3.29,3.2912,3.3299
3.5,2.7709,3.2413,3.2873,3.29,3.2912,3.3299
3.51666666666667,2.7709,3.2413,3.2873,3.29,3.2912,3.3299
3.53333333333333,2.7714,3.2413,3.2873,3.29,3.2912,3.3299
3.55,2.7714,3.2413,3.2873,3.29,3.2912,3.3299
3.56666666666667,2.7717,3.2413,3.2873,3.29,3.2912,3.3299
3.58333333333333,2.7717,3.2413,3.2873,3.29,3.2912,3.3299
3.6,2.772,3.2413,3.2873,3.29,3.2912,3.3299
3.61666666666667,2.772,3.2413,3.2873,3.29,3.2912,3.3299
3.63333333333333,2.7723,3.2413,3.2873,3.29,3.2912,3.3299
3.65,2.7723,3.2413,3.2873,3.29,3.2912,3.3299
3.66666666666667,2.7726,3.2415,3.2873,3.29,3.2913,3.3299
3.68333333333333,2.7726,3.2415,3.2873,3.29,3.2913,3.3299
3.7,2.7729,3.2415,3.2873,3.29,3.2913,3.3299
3.71666666666667,2.7729,3.2415,3.2873,3.29,3.2913,3.3299
3.73333333333333,2.7733,3.2415,3.2873,3.29,3.2913,3.3299
3.75,2.7733,3.2415,3.2873,3.29,3.2913,3.3299
3.76666666666667,2.7736,3.2415,3.2873,3.29,3.2913,3.3299
3.78333333333333,2.7736,3.2415,3.2873,3.29,3.2913,3.3299
3.8,2.7739,3.2416,3.2873,3.29,3.2913,3.3299
3.81666666666667,2.7739,3.2416,3.2873,3.29,3.2913,3.3299
3.83333333333333,2.7742,3.2416,3.2874,3.29,3.2913,3.3299
3.85,2.7742,3.2416,3.2874,3.29,3.2913,3.3299
3.86666666666667,2.7745,3.2416,3.2874,3.29,3.2913,3.3299
3.88333333333333,2.7745,3.2416,3.2874,3.29,3.2913,3.3299
3.9,2.7748,3.2416,3.2874,3.29,3.2913,3.3299
3.91666666666667,2.7748,3.2416,3.2874,3.29,3.2913,3.3299
3.93333333333333,2.7751,3.2416,3.2874,3.29,3.2913,3.3299
3.95,2.7751,3.2416,3.2874,3.29,3.2913,3.3299
3.96666666666667,2.7754,3.2416,3.2874,3.29,3.2913,3.3301
3.98333333333333,2.7754,3.2416,3.2874,3.29,3.2913,3.3301
4,2.7756,3.2418,3.2874,3.29,3.2913,3.3301
4.01666666666667,2.7756,3.2418,3.2874,3.29,3.2913,3.3301
4.03333333333333,2.7759,3.2418,3.2874,3.29,3.2913,3.3301
4.05,2.7759,3.2418,3.2874,3.29,3.2913,3.3301
4.06666666666667,2.7762,3.2418,3.2874,3.29,3.2913,3.3301
4.08333333333333,2.7762,3.2418,3.2874,3.29,3.2913,3.3301
4.1,2.7765,3.2418,3.2874,3.29,3.2915,3.3301
4.11666666666667,2.7765,3.2418,3.2874,3.29,3.2915,3.3301
4.13333333333333,2.7768,3.2419,3.2874,3.29,3.2915,3.3301
4.15,2.7768,3.2419,3.2874,3.29,3.2915,3.3301
4.16666666666667,2.777,3.2419,3.2874,3.29,3.2915,3.3301
4.18333333333333,2.777,3.2419,3.2874,3.29,3.2915,3.3301
4.2,2.7773,3.2419,3.2874,3.29,3.2915,3.3301
4.21666666666667,2.7773,3.2419,3.2874,3.29,3.2915,3.3301
4.23333333333333,2.7776,3.2419,3.2874,3.29,3.2915,3.3301
4.25,2.7776,3.2419,3.2874,3.29,3.2915,3.3301
4.26666666666667,2.7779,3.2419,3.2874,3.29,3.2915,3.3301
4.28333333333333,2.7779,3.2419,3.2874,3.29,3.2915,3.3301
4.3,2.7782,3.2419,3.2876,3.29,3.2915,3.3301
4.31666666666667,2.7782,3.2419,3.2876,3.291,3.2915,3.3301
4.33333333333333,2.7784,3.2421,3.2876,3.29,3.2915,3.3301
4.35,2.7784,3.2421,3.2876,3.29,3.2915,3.3301
4.36666666666667,2.7787,3.2421,3.2876,3.29,3.2915,3.3301
4.38333333333333,2.7787,3.2421,3.2876,3.29,3.2915,3.3301
4.4,2.779,3.2421,3.2876,3.291,3.2915,3.3301
4.41666666666667,2.779,3.2421,3.2876,3.29,3.2915,3.3301
4.43333333333333,2.7793,3.2421,3.2876,3.29,3.2915,3.3301
4.45,2.7793,3.2421,3.2876,3.29,3.2915,3.3301
4.46666666666667,2.7795,3.2421,3.2876,3.29,3.2915,3.3301
4.48333333333333,2.7795,3.2421,3.2876,3.29,3.2915,3.3301
4.5,2.7798,3.2421,3.2876,3.29,3.2915,3.3303
4.51666666666667,2.7798,3.2421,3.2876,3.29,3.2915,3.3303
4.53333333333333,2.7801,3.2422,3.2876,3.29,3.2915,3.3301
4.55,2.7801,3.2422,3.2876,3.29,3.2915,3.3301
4.56666666666667,2.7803,3.2422,3.2876,3.29,3.2916,3.3301
4.58333333333333,2.7803,3.2422,3.2876,3.29,3.2916,3.3301
4.6,2.7806,3.2422,3.2876,3.29,3.2915,3.3303
4.61666666666667,2.7806,3.2422,3.2876,3.29,3.2915,3.3303
4.63333333333333,2.7809,3.2422,3.2876,3.29,3.2915,3.3303
4.65,2.7809,3.2422,3.2876,3.29,3.2915,3.3303
4.66666666666667,2.781,3.2422,3.2876,3.29,3.2915,3.3303
4.68333333333333,2.781,3.2422,3.2876,3.29,3.2915,3.3303
4.7,2.7814,3.2424,3.2877,3.291,3.2916,3.3303
4.71666666666667,2.7814,3.2424,3.2877,3.29,3.2916,3.3303
4.73333333333333,2.7817,3.2424,3.2876,3.29,3.2916,3.3303
4.75,2.7817,3.2424,3.2876,3.29,3.2916,3.3303
4.76666666666667,2.7818,3.2424,3.2876,3.29,3.2916,3.3303
4.78333333333333,2.7818,3.2424,3.2876,3.29,3.2916,3.3303
4.8,2.7821,3.2424,3.2876,3.29,3.2916,3.3303
4.81666666666667,2.7821,3.2424,3.2876,3.29,3.2916,3.3303
4.83333333333333,2.7823,3.2424,3.2877,3.29,3.2916,3.3303
4.85,2.7823,3.2424,3.2877,3.29,3.2916,3.3303
4.86666666666667,2.7826,3.2424,3.2877,3.29,3.2916,3.3303
4.88333333333333,2.7826,3.2424,3.2877,3.29,3.2916,3.3303
4.9,2.7829,3.2425,3.2877,3.291,3.2916,3.3303
4.91666666666667,2.7829,3.2425,3.2877,3.29,3.2916,3.3303
4.93333333333333,2.7831,3.2425,3.2877,3.29,3.2916,3.3303
4.95,2.7831,3.2425,3.2877,3.29,3.2916,3.3303
4.96666666666667,2.7834,3.2425,3.2877,3.29,3.2916,3.3303
4.98333333333333,2.7834,3.2425,3.2877,3.291,3.2916,3.3303
5,2.7835,3.2425,3.2877,3.29,3.2916,3.3303
5.01666666666667,2.7835,3.2425,3.2877,3.291,3.2916,3.3303
5.03333333333333,2.7839,3.2425,3.2877,3.29,3.2916,3.3303
5.05,2.7839,3.2425,3.2877,3.29,3.2916,3.3303
5.06666666666667,2.784,3.2425,3.2877,3.29,3.2916,3.3303
5.08333333333333,2.784,3.2425,3.2877,3.291,3.2916,3.3303
5.1,2.7843,3.2425,3.2877,3.29,3.2916,3.3303
5.11666666666667,2.7843,3.2425,3.2877,3.29,3.2916,3.3303
5.13333333333333,2.7845,3.2427,3.2877,3.29,3.2916,3.3303
5.15,2.7845,3.2427,3.2877,3.29,3.2916,3.3303
5.16666666666667,2.7848,3.2427,3.2877,3.29,3.2916,3.3303
5.18333333333333,2.7848,3.2427,3.2877,3.291,3.2916,3.3303
5.2,2.7849,3.2427,3.2877,3.29,3.2916,3.3303
5.21666666666667,2.7849,3.2427,3.2877,3.291,3.2916,3.3303
5.23333333333333,2.7853,3.2427,3.2877,3.291,3.2916,3.3303
5.25,2.7853,3.2427,3.2877,3.29,3.2916,3.3303
5.26666666666667,2.7854,3.2427,3.2877,3.29,3.2916,3.3303
5.28333333333333,2.7854,3.2427,3.2877,3.291,3.2916,3.3303
5.3,2.7857,3.2429,3.2877,3.29,3.2916,3.3303
5.31666666666667,2.7857,3.2429,3.2877,3.291,3.2916,3.3303
5.33333333333333,2.7859,3.2429,3.2877,3.291,3.2916,3.3303
5.35,2.7859,3.2429,3.2877,3.291,3.2916,3.3303
5.36666666666667,2.7862,3.2429,3.2879,3.291,3.2916,3.3304
5.38333333333333,2.7862,3.2429,3.2879,3.291,3.2916,3.3304
5.4,2.7863,3.2429,3.2879,3.291,3.2916,3.3304
5.41666666666667,2.7863,3.2429,3.2879,3.291,3.2916,3.3304
5.43333333333333,2.7867,3.2429,3.2879,3.291,3.2916,3.3304
5.45,2.7867,3.2429,3.2879,3.29,3.2916,3.3304
5.46666666666667,2.7868,3.2429,3.2879,3.29,3.2918,3.3304
5.48333333333333,2.7868,3.2429,3.2879,3.29,3.2918,3.3304
5.5,2.7871,3.2429,3.2879,3.29,3.2916,3.3304
5.51666666666667,2.7871,3.2429,3.2879,3.291,3.2916,3.3304
5.53333333333333,2.7873,3.2429,3.2879,3.291,3.2918,3.3304
5.55,2.7873,3.2429,3.2879,3.291,3.2918,3.3304
5.56666666666667,2.7874,3.243,3.2879,3.29,3.2918,3.3304
5.58333333333333,2.7874,3.243,3.2879,3.291,3.2918,3.3304
5.6,2.7877,3.243,3.2879,3.291,3.2918,3.3304
5.61666666666667,2.7877,3.243,3.2879,3.29,3.2918,3.3304
5.63333333333333,2.7879,3.243,3.2879,3.29,3.2918,3.3304
5.65,2.7879,3.243,3.2879,3.291,3.2918,3.3304
5.66666666666667,2.7882,3.243,3.2879,3.29,3.2918,3.3304
5.68333333333333,2.7882,3.243,3.2879,3.291,3.2918,3.3304
5.7,2.7884,3.243,3.2879,3.29,3.2918,3.3304
5.71666666666667,2.7884,3.243,3.2879,3.291,3.2918,3.3304
5.73333333333333,2.7887,3.243,3.2879,3.29,3.2918,3.3304
5.75,2.7887,3.243,3.2879,3.29,3.2918,3.3304
5.76666666666667,2.7888,3.2432,3.2879,3.291,3.2918,3.3304
5.78333333333333,2.7888,3.2432,3.2879,3.291,3.2918,3.3304
5.8,2.789,3.2432,3.2879,3.29,3.2918,3.3304
5.81666666666667,2.789,3.2432,3.2879,3.291,3.2918,3.3304
5.83333333333333,2.7892,3.2432,3.2879,3.291,3.2918,3.3304
5.85,2.7892,3.2432,3.2879,3.291,3.2918,3.3304
5.86666666666667,2.7895,3.2432,3.2879,3.29,3.2918,3.3304
5.88333333333333,2.7895,3.2432,3.2879,3.291,3.2918,3.3304
5.9,2.7896,3.2432,3.2879,3.291,3.2918,3.3304
5.91666666666667,2.7896,3.2432,3.2879,3.291,3.2918,3.3304
5.93333333333333,2.7899,3.2432,3.2879,3.291,3.2918,3.3304
5.95,2.7899,3.2432,3.2879,3.29,3.2918,3.3304
5.96666666666667,2.7901,3.2432,3.288,3.291,3.2918,3.3304
5.98333333333333,2.7901,3.2432,3.288,3.291,3.2918,3.3304
6,2.7902,3.2432,3.288,3.291,3.2918,3.3304
6.01666666666667,2.7902,3.2432,3.288,3.291,3.2918,3.3304
6.03333333333333,2.7906,3.2433,3.288,3.291,3.2918,3.3304
6.05,2.7906,3.2433,3.288,3.291,3.2918,3.3304
6.06666666666667,2.7907,3.2433,3.288,3.291,3.2918,3.3304
6.08333333333333,2.7907,3.2433,3.288,3.291,3.2918,3.3304
6.1,2.7909,3.2433,3.288,3.291,3.2918,3.3304
6.11666666666667,2.7909,3.2433,3.288,3.291,3.2918,3.3304
6.13333333333333,2.7912,3.2433,3.288,3.291,3.2918,3.3304
6.15,2.7912,3.2433,3.288,3.291,3.2918,3.3304
6.16666666666667,2.7913,3.2433,3.288,3.291,3.2918,3.3304
6.18333333333333,2.7913,3.2433,3.288,3.291,3.2918,3.3304
6.2,2.7915,3.2433,3.288,3.291,3.2918,3.3304
6.21666666666667,2.7915,3.2433,3.288,3.291,3.2918,3.3304
6.23333333333333,2.7918,3.2433,3.288,3.291,3.2918,3.3304
6.25,2.7918,3.2433,3.288,3.29,3.2918,3.3304
6.26666666666667,2.792,3.2433,3.288,3.291,3.2918,3.3304
6.28333333333333,2.792,3.2433,3.288,3.291,3.2918,3.3304
6.3,2.7921,3.2435,3.288,3.29,3.2918,3.3304
6.31666666666667,2.7921,3.2435,3.288,3.291,3.2918,3.3304
6.33333333333333,2.7923,3.2435,3.288,3.291,3.2919,3.3304
6.35,2.7923,3.2435,3.288,3.291,3.2919,3.3304
6.36666666666667,2.7926,3.2435,3.288,3.291,3.2919,3.3304
6.38333333333333,2.7926,3.2435,3.288,3.291,3.2919,3.3304
6.4,2.7927,3.2435,3.288,3.291,3.2919,3.3304
6.41666666666667,2.7927,3.2435,3.288,3.291,3.2919,3.3304
6.43333333333333,2.7929,3.2435,3.288,3.291,3.2918,3.3304
6.45,2.7929,3.2435,3.288,3.291,3.2918,3.3304
6.46666666666667,2.793,3.2435,3.288,3.291,3.2919,3.3304
6.48333333333333,2.793,3.2435,3.288,3.291,3.2919,3.3304
6.5,2.7934,3.2435,3.288,3.291,3.2919,3.3306
6.51666666666667,2.7934,3.2435,3.288,3.291,3.2919,3.3306
6.53333333333333,2.7935,3.2435,3.288,3.291,3.2919,3.3304
6.55,2.7935,3.2435,3.288,3.291,3.2919,3.3304
6.56666666666667,2.7937,3.2436,3.288,3.291,3.2919,3.3306
6.58333333333333,2.7937,3.2436,3.288,3.291,3.2919,3.3306
6.6,2.794,3.2436,3.288,3.291,3.2919,3.3306
6.61666666666667,2.794,3.2436,3.288,3.291,3.2919,3.3306
6.63333333333333,2.7941,3.2436,3.288,3.291,3.2919,3.3306
6.65,2.7941,3.2436,3.288,3.291,3.2919,3.3306
6.66666666666667,2.7943,3.2436,3.288,3.291,3.2919,3.3306
6.68333333333333,2.7943,3.2436,3.288,3.291,3.2919,3.3306
6.7,2.7944,3.2436,3.288,3.291,3.2919,3.3306
6.71666666666667,2.7944,3.2436,3.288,3.291,3.2919,3.3306
6.73333333333333,2.7946,3.2436,3.288,3.291,3.2919,3.3306
6.75,2.7946,3.2436,3.288,3.291,3.2919,3.3306
6.76666666666667,2.7949,3.2436,3.288,3.291,3.2919,3.3306
6.78333333333333,2.7949,3.2436,3.288,3.291,3.2919,3.3306
6.8,2.7951,3.2436,3.288,3.29,3.2919,3.3306
6.81666666666667,2.7951,3.2436,3.288,3.291,3.2919,3.3306
6.83333333333333,2.7952,3.2436,3.288,3.291,3.2919,3.3306
6.85,2.7952,3.2436,3.288,3.291,3.2919,3.3306
6.86666666666667,2.7954,3.2436,3.2882,3.291,3.2919,3.3306
6.88333333333333,2.7954,3.2436,3.2882,3.291,3.2919,3.3306
6.9,2.7955,3.2438,3.2882,3.291,3.2919,3.3306
6.91666666666667,2.7955,3.2438,3.2882,3.291,3.2919,3.3306
6.93333333333333,2.7959,3.2438,3.2882,3.291,3.2919,3.3306
6.95,2.7959,3.2438,3.2882,3.291,3.2919,3.3306
6.96666666666667,2.796,3.2438,3.2882,3.291,3.2919,3.3306
6.98333333333333,2.796,3.2438,3.2882,3.291,3.2919,3.3306
7,2.7962,3.2438,3.2882,3.291,3.2919,3.3306
7.01666666666667,2.7962,3.2438,3.2882,3.291,3.2919,3.3306
7.03333333333333,2.7963,3.2438,3.2882,3.291,3.2919,3.3306
7.05,2.7963,3.2438,3.2882,3.291,3.2919,3.3306
7.06666666666667,2.7966,3.2438,3.2882,3.291,3.2919,3.3306
7.08333333333333,2.7966,3.2438,3.2882,3.291,3.2919,3.3306
7.1,2.7968,3.2438,3.2882,3.291,3.2919,3.3306
7.11666666666667,2.7968,3.2438,3.2882,3.291,3.2919,3.3306
7.13333333333333,2.7969,3.2439,3.2882,3.29,3.2919,3.3306
7.15,2.7969,3.2439,3.2882,3.291,3.2919,3.3306
7.16666666666667,2.7971,3.2438,3.2882,3.291,3.2919,3.3306
7.18333333333333,2.7971,3.2438,3.2882,3.291,3.2919,3.3306
7.2,2.7973,3.2439,3.2882,3.291,3.2919,3.3306
7.21666666666667,2.7973,3.2439,3.2882,3.291,3.2919,3.3306
7.23333333333333,2.7976,3.2439,3.2882,3.291,3.2919,3.3306
7.25,2.7976,3.2439,3.2882,3.291,3.2919,3.3306
7.26666666666667,2.7977,3.2439,3.2882,3.291,3.2919,3.3306
7.28333333333333,2.7977,3.2439,3.2882,3.291,3.2919,3.3306
7.3,2.7979,3.2439,3.2882,3.291,3.2919,3.3306
7.31666666666667,2.7979,3.2439,3.2882,3.291,3.2919,3.3306
7.33333333333333,2.798,3.2439,3.2882,3.291,3.2919,3.3306
7.35,2.798,3.2439,3.2882,3.291,3.2919,3.3306
7.36666666666667,2.7982,3.2439,3.2882,3.291,3.2919,3.3306
7.38333333333333,2.7982,3.2439,3.2882,3.291,3.2919,3.3306
7.4,2.7983,3.2439,3.2882,3.291,3.2921,3.3306
7.41666666666667,2.7983,3.2439,3.2882,3.291,3.2921,3.3306
7.43333333333333,2.7985,3.2439,3.2882,3.291,3.2919,3.3306
7.45,2.7985,3.2439,3.2882,3.291,3.2919,3.3306
7.46666666666667,2.7988,3.2441,3.2882,3.291,3.2921,3.3306
7.48333333333333,2.7988,3.2441,3.2882,3.291,3.2921,3.3306
7.5,2.799,3.2441,3.2882,3.291,3.2919,3.3306
7.51666666666667,2.799,3.2441,3.2882,3.291,3.2919,3.3306
7.53333333333333,2.7991,3.2441,3.2882,3.291,3.2921,3.3306
7.55,2.7991,3.2441,3.2882,3.291,3.2921,3.3306
7.56666666666667,2.7993,3.2441,3.2882,3.291,3.2921,3.3306
7.58333333333333,2.7993,3.2441,3.2882,3.291,3.2921,3.3306
7.6,2.7994,3.2441,3.2882,3.291,3.2921,3.3306
7.61666666666667,2.7994,3.2441,3.2882,3.291,3.2921,3.3306
7.63333333333333,2.7996,3.2441,3.2882,3.291,3.2921,3.3306
7.65,2.7996,3.2441,3.2882,3.291,3.2921,3.3306
7.66666666666667,2.7997,3.2441,3.2882,3.291,3.2921,3.3306
7.68333333333333,2.7997,3.2441,3.2882,3.291,3.2921,3.3306
7.7,2.7999,3.2441,3.2882,3.291,3.2921,3.3306
7.71666666666667,2.7999,3.2441,3.2882,3.291,3.2921,3.3306
7.73333333333333,2.8001,3.2441,3.2882,3.291,3.2921,3.3306
7.75,2.8001,3.2441,3.2882,3.291,3.2921,3.3306
7.76666666666667,2.8002,3.2441,3.2882,3.291,3.2921,3.3306
7.78333333333333,2.8002,3.2441,3.2882,3.291,3.2921,3.3306
7.8,2.8004,3.2441,3.2883,3.291,3.2921,3.3306
7.81666666666667,2.8004,3.2441,3.2883,3.291,3.2921,3.3306
7.83333333333333,2.8005,3.2443,3.2882,3.291,3.2921,3.3306
7.85,2.8005,3.2443,3.2882,3.291,3.2921,3.3306
7.86666666666667,2.8008,3.2443,3.2883,3.291,3.2921,3.3306
7.88333333333333,2.8008,3.2443,3.2883,3.291,3.2921,3.3306
7.9,2.801,3.2443,3.2883,3.291,3.2921,3.3306
7.91666666666667,2.801,3.2443,3.2883,3.291,3.2921,3.3306
7.93333333333333,2.8011,3.2443,3.2883,3.291,3.2921,3.3306
7.95,2.8011,3.2443,3.2883,3.291,3.2921,3.3306
7.96666666666667,2.8013,3.2443,3.2883,3.291,3.2921,3.3307
7.98333333333333,2.8013,3.2443,3.2883,3.291,3.2921,3.3307
8,2.8015,3.2443,3.2883,3.291,3.2921,3.3306
8.01666666666667,2.8015,3.2443,3.2883,3.291,3.2921,3.3306
8.03333333333333,2.8016,3.2443,3.2883,3.291,3.2921,3.3306
8.05,2.8016,3.2443,3.2883,3.291,3.2921,3.3306
8.06666666666667,2.8018,3.2443,3.2883,3.291,3.2921,3.3306
8.08333333333333,2.8018,3.2443,3.2883,3.291,3.2921,3.3306
8.1,2.8019,3.2443,3.2883,3.291,3.2921,3.3306
8.11666666666667,2.8019,3.2443,3.2883,3.291,3.2921,3.3306
8.13333333333333,2.8021,3.2443,3.2883,3.291,3.2921,3.3306
8.15,2.8021,3.2443,3.2883,3.291,3.2921,3.3306
8.16666666666667,2.8022,3.2444,3.2883,3.291,3.2921,3.3306
8.18333333333333,2.8022,3.2444,3.2883,3.291,3.2921,3.3306
8.2,2.8024,3.2444,3.2883,3.291,3.2921,3.3306
8.21666666666667,2.8024,3.2444,3.2883,3.291,3.2921,3.3306
8.23333333333333,2.8024,3.2444,3.2883,3.291,3.2921,3.3306
8.25,2.8024,3.2444,3.2883,3.291,3.2921,3.3306
8.26666666666667,2.8027,3.2444,3.2883,3.291,3.2921,3.3306
8.28333333333333,2.8027,3.2444,3.2883,3.291,3.2921,3.3306
8.3,2.8027,3.2444,3.2883,3.291,3.2921,3.3307
8.31666666666667,2.8027,3.2444,3.2883,3.291,3.2921,3.3307
8.33333333333333,2.8029,3.2444,3.2883,3.291,3.2921,3.3307
8.35,2.8029,3.2444,3.2883,3.291,3.2921,3.3307
8.36666666666667,2.803,3.2444,3.2883,3.291,3.2921,3.3307
8.38333333333333,2.803,3.2444,3.2883,3.291,3.2921,3.3307
8.4,2.8032,3.2444,3.2883,3.291,3.2921,3.3307
8.41666666666667,2.8032,3.2444,3.2883,3.291,3.2921,3.3307
8.43333333333333,2.8033,3.2444,3.2883,3.291,3.2921,3.3307
8.45,2.8033,3.2444,3.2883,3.291,3.2921,3.3307
8.46666666666667,2.8035,3.2444,3.2883,3.291,3.2921,3.3307
8.48333333333333,2.8035,3.2444,3.2883,3.291,3.2921,3.3307
8.5,2.8036,3.2444,3.2883,3.291,3.2921,3.3307
8.51666666666667,2.8036,3.2444,3.2883,3.291,3.2921,3.3307
8.53333333333333,2.8038,3.2446,3.2883,3.291,3.2921,3.3307
8.55,2.8038,3.2446,3.2883,3.291,3.2921,3.3307
8.56666666666667,2.804,3.2446,3.2883,3.291,3.2921,3.3307
8.58333333333333,2.804,3.2446,3.2883,3.291,3.2921,3.3307
8.6,2.8041,3.2446,3.2883,3.291,3.2921,3.3307
8.61666666666667,2.8041,3.2446,3.2883,3.291,3.2921,3.3307
8.63333333333333,2.8043,3.2446,3.2883,3.291,3.2921,3.3307
8.65,2.8043,3.2446,3.2883,3.291,3.2921,3.3307
8.66666666666667,2.8044,3.2446,3.2883,3.291,3.2921,3.3307
8.68333333333333,2.8044,3.2446,3.2883,3.291,3.2921,3.3307
8.7,2.8046,3.2446,3.2883,3.291,3.2921,3.3307
8.71666666666667,2.8046,3.2446,3.2883,3.291,3.2921,3.3307
8.73333333333333,2.8047,3.2446,3.2883,3.291,3.2921,3.3307
8.75,2.8047,3.2446,3.2883,3.291,3.2921,3.3307
8.76666666666667,2.8049,3.2446,3.2883,3.291,3.2921,3.3307
8.78333333333333,2.8049,3.2446,3.2883,3.291,3.2921,3.3307
8.8,2.805,3.2446,3.2883,3.291,3.2921,3.3307
8.81666666666667,2.805,3.2446,3.2883,3.291,3.2921,3.3307
8.83333333333333,2.8052,3.2446,3.2885,3.291,3.2922,3.3307
8.85,2.8052,3.2446,3.2885,3.291,3.2922,3.3307
8.86666666666667,2.8054,3.2446,3.2883,3.291,3.2921,3.3307
8.88333333333333,2.8054,3.2446,3.2883,3.291,3.2921,3.3307
8.9,2.8055,3.2447,3.2885,3.291,3.2921,3.3307
8.91666666666667,2.8055,3.2447,3.2885,3.291,3.2921,3.3307
8.93333333333333,2.8057,3.2447,3.2883,3.291,3.2922,3.3307
8.95,2.8057,3.2447,3.2883,3.291,3.2922,3.3307
8.96666666666667,2.8057,3.2447,3.2885,3.291,3.2922,3.3307
8.98333333333333,2.8057,3.2447,3.2885,3.291,3.2922,3.3307
9,2.806,3.2447,3.2885,3.291,3.2922,3.3307
9.01666666666667,2.806,3.2447,3.2885,3.291,3.2922,3.3307
9.03333333333333,2.806,3.2447,3.2885,3.291,3.2922,3.3307
9.05,2.806,3.2447,3.2885,3.291,3.2922,3.3307
9.06666666666667,2.8061,3.2447,3.2885,3.291,3.2922,3.3307
9.08333333333333,2.8061,3.2447,3.2885,3.291,3.2922,3.3307
9.1,2.8063,3.2447,3.2885,3.291,3.2922,3.3307
9.11666666666667,2.8063,3.2447,3.2885,3.291,3.2922,3.3307
9.13333333333333,2.8064,3.2447,3.2885,3.291,3.2922,3.3307
9.15,2.8064,3.2447,3.2885,3.291,3.2922,3.3307
9.16666666666667,2.8066,3.2447,3.2885,3.291,3.2922,3.3307
9.18333333333333,2.8066,3.2447,3.2885,3.291,3.2922,3.3307
9.2,2.8068,3.2447,3.2885,3.291,3.2922,3.3307
9.21666666666667,2.8068,3.2447,3.2885,3.291,3.2922,3.3307
9.23333333333333,2.8069,3.2447,3.2885,3.291,3.2922,3.3307
9.25,2.8069,3.2447,3.2885,3.291,3.2922,3.3307
9.26666666666667,2.8071,3.2449,3.2885,3.291,3.2922,3.3307
9.28333333333333,2.8071,3.2449,3.2885,3.291,3.2922,3.3307
9.3,2.8072,3.2449,3.2885,3.291,3.2922,3.3307
9.31666666666667,2.8072,3.2449,3.2885,3.291,3.2922,3.3307
9.33333333333333,2.8074,3.2449,3.2885,3.291,3.2922,3.3307
9.35,2.8074,3.2449,3.2885,3.291,3.2922,3.3307
9.36666666666667,2.8075,3.2449,3.2885,3.291,3.2922,3.3307
9.38333333333333,2.8075,3.2449,3.2885,3.291,3.2922,3.3307
9.4,2.8075,3.2449,3.2885,3.291,3.2922,3.3307
9.41666666666667,2.8075,3.2449,3.2885,3.291,3.2922,3.3307
9.43333333333333,2.8077,3.2449,3.2885,3.291,3.2922,3.3307
9.45,2.8077,3.2449,3.2885,3.291,3.2922,3.3307
9.46666666666667,2.8078,3.2449,3.2885,3.291,3.2922,3.3307
9.48333333333333,2.8078,3.2449,3.2885,3.291,3.2922,3.3307
9.5,2.808,3.2449,3.2885,3.291,3.2922,3.3307
9.51666666666667,2.808,3.2449,3.2885,3.291,3.2922,3.3307
9.53333333333333,2.8082,3.2449,3.2885,3.291,3.2922,3.3307
9.55,2.8082,3.2449,3.2885,3.291,3.2922,3.3307
9.56666666666667,2.8083,3.2449,3.2885,3.291,3.2922,3.3307
9.58333333333333,2.8083,3.2449,3.2885,3.291,3.2922,3.3307
9.6,2.8085,3.2449,3.2885,3.291,3.2922,3.3307
9.61666666666667,2.8085,3.2449,3.2885,3.291,3.2922,3.3307
9.63333333333333,2.8086,3.2449,3.2885,3.291,3.2922,3.3307
9.65,2.8086,3.2449,3.2885,3.291,3.2922,3.3307
9.66666666666667,2.8086,3.2449,3.2885,3.291,3.2922,3.3307
9.68333333333333,2.8086,3.2449,3.2885,3.291,3.2922,3.3307
9.7,2.8088,3.2449,3.2885,3.291,3.2922,3.3307
9.71666666666667,2.8088,3.2449,3.2885,3.291,3.2922,3.3307
9.73333333333333,2.8089,3.245,3.2885,3.291,3.2922,3.3307
9.75,2.8089,3.245,3.2885,3.291,3.2922,3.3307
9.76666666666667,2.8091,3.245,3.2885,3.291,3.2922,3.3307
9.78333333333333,2.8091,3.245,3.2885,3.291,3.2922,3.3307
9.8,2.8093,3.245,3.2885,3.291,3.2922,3.3307
9.81666666666667,2.8093,3.245,3.2885,3.291,3.2922,3.3307
9.83333333333333,2.8094,3.245,3.2885,3.291,3.2922,3.3307
9.85,2.8094,3.245,3.2885,3.291,3.2922,3.3307
9.86666666666667,2.8096,3.245,3.2885,3.291,3.2922,3.3307
9.88333333333333,2.8096,3.245,3.2885,3.291,3.2922,3.3307
9.9,2.8099,3.245,3.2885,3.291,3.2922,3.3307
9.91666666666667,2.8099,3.245,3.2885,3.291,3.2922,3.3307
9.93333333333333,2.8099,3.245,3.2885,3.291,3.2922,3.3307
9.95,2.8099,3.245,3.2885,3.291,3.2922,3.3307
9.96666666666667,2.81,3.245,3.2885,3.291,3.2922,3.3307
9.98333333333333,2.81,3.245,3.2885,3.291,3.2922,3.3307
10,2.8102,3.245,3.2885,3.291,3.2922,3.3307
10.0166666666667,2.8102,3.245,3.2885,3.291,3.2922,3.3307
10.0333333333333,2.8103,3.245,3.2885,3.292,3.2922,3.3307
10.05,2.8103,3.245,3.2885,3.291,3.2922,3.3307
10.0666666666667,2.8105,3.245,3.2885,3.291,3.2922,3.3307
10.0833333333333,2.8105,3.245,3.2885,3.291,3.2922,3.3307
10.1,2.8107,3.245,3.2885,3.291,3.2922,3.3307
10.1166666666667,2.8107,3.245,3.2885,3.291,3.2922,3.3307
10.1333333333333,2.8108,3.2452,3.2885,3.291,3.2922,3.3307
10.15,2.8108,3.2452,3.2885,3.291,3.2922,3.3307
10.1666666666667,2.811,3.2452,3.2885,3.291,3.2922,3.3307
10.1833333333333,2.811,3.2452,3.2885,3.291,3.2922,3.3307
10.2,2.8111,3.2452,3.2885,3.291,3.2922,3.3307
10.2166666666667,2.8111,3.2452,3.2885,3.291,3.2922,3.3307
10.2333333333333,2.8113,3.2452,3.2885,3.291,3.2922,3.3307
10.25,2.8113,3.2452,3.2885,3.291,3.2922,3.3307
10.2666666666667,2.8114,3.2452,3.2885,3.291,3.2922,3.3307
10.2833333333333,2.8114,3.2452,3.2885,3.291,3.2922,3.3307
10.3,2.8116,3.2452,3.2885,3.291,3.2922,3.3307
10.3166666666667,2.8116,3.2452,3.2885,3.291,3.2922,3.3307
10.3333333333333,2.8117,3.2452,3.2885,3.291,3.2922,3.3307
10.35,2.8117,3.2452,3.2885,3.291,3.2922,3.3307
10.3666666666667,2.8119,3.2452,3.2885,3.291,3.2922,3.3307
10.3833333333333,2.8119,3.2452,3.2885,3.291,3.2922,3.3307
10.4,2.8121,3.2452,3.2885,3.291,3.2922,3.3307
10.4166666666667,2.8121,3.2452,3.2885,3.291,3.2922,3.3307
10.4333333333333,2.8122,3.2452,3.2885,3.291,3.2922,3.3307
10.45,2.8122,3.2452,3.2885,3.291,3.2922,3.3307
10.4666666666667,2.8124,3.2452,3.2885,3.291,3.2922,3.3307
10.4833333333333,2.8124,3.2452,3.2885,3.291,3.2922,3.3307
10.5,2.8124,3.2452,3.2887,3.291,3.2922,3.3307
10.5166666666667,2.8124,3.2452,3.2887,3.291,3.2922,3.3307
10.5333333333333,2.8125,3.2452,3.2887,3.291,3.2922,3.3307
10.55,2.8125,3.2452,3.2887,3.291,3.2922,3.3307
10.5666666666667,2.8127,3.2452,3.2887,3.291,3.2922,3.3307
10.5833333333333,2.8127,3.2452,3.2887,3.291,3.2922,3.3307
10.6,2.8128,3.2453,3.2887,3.291,3.2922,3.3307
10.6166666666667,2.8128,3.2453,3.2887,3.291,3.2922,3.3307
10.6333333333333,2.813,3.2452,3.2887,3.291,3.2922,3.3307
10.65,2.813,3.2452,3.2887,3.291,3.2922,3.3307
10.6666666666667,2.8131,3.2452,3.2887,3.291,3.2922,3.3307
10.6833333333333,2.8131,3.2452,3.2887,3.291,3.2922,3.3307
10.7,2.8133,3.2453,3.2887,3.291,3.2924,3.3307
10.7166666666667,2.8133,3.2453,3.2887,3.291,3.2924,3.3307
10.7333333333333,2.8135,3.2453,3.2887,3.291,3.2924,3.3307
10.75,2.8135,3.2453,3.2887,3.291,3.2924,3.3307
10.7666666666667,2.8135,3.2453,3.2887,3.291,3.2924,3.3307
10.7833333333333,2.8135,3.2453,3.2887,3.291,3.2924,3.3307
10.8,2.8136,3.2452,3.2887,3.291,3.2924,3.3307
10.8166666666667,2.8136,3.2452,3.2887,3.291,3.2924,3.3307
10.8333333333333,2.8138,3.2453,3.2887,3.291,3.2922,3.3309
10.85,2.8138,3.2453,3.2887,3.291,3.2922,3.3309
10.8666666666667,2.8139,3.2453,3.2887,3.291,3.2924,3.3309
10.8833333333333,2.8139,3.2453,3.2887,3.291,3.2924,3.3309
10.9,2.8141,3.2453,3.2887,3.291,3.2924,3.3307
10.9166666666667,2.8141,3.2453,3.2887,3.291,3.2924,3.3307
10.9333333333333,2.8142,3.2453,3.2887,3.291,3.2922,3.3307
10.95,2.8142,3.2453,3.2887,3.291,3.2922,3.3307
10.9666666666667,2.8142,3.2453,3.2887,3.291,3.2924,3.3307
10.9833333333333,2.8142,3.2453,3.2887,3.291,3.2924,3.3307
11,2.8144,3.2453,3.2887,3.291,3.2924,3.3307
11.0166666666667,2.8144,3.2453,3.2887,3.291,3.2924,3.3307
11.0333333333333,2.8145,3.2453,3.2887,3.291,3.2924,3.3307
11.05,2.8145,3.2453,3.2887,3.291,3.2924,3.3307
11.0666666666667,2.8147,3.2453,3.2887,3.291,3.2924,3.3307
11.0833333333333,2.8147,3.2453,3.2887,3.291,3.2924,3.3307
11.1,2.8149,3.2453,3.2887,3.291,3.2924,3.3307
11.1166666666667,2.8149,3.2453,3.2887,3.291,3.2924,3.3307
11.1333333333333,2.815,3.2453,3.2887,3.291,3.2924,3.3307
11.15,2.815,3.2453,3.2887,3.291,3.2924,3.3307
11.1666666666667,2.815,3.2453,3.2887,3.291,3.2924,3.3307
11.1833333333333,2.815,3.2453,3.2887,3.291,3.2924,3.3307
11.2,2.8152,3.2455,3.2887,3.292,3.2924,3.3307
11.2166666666667,2.8152,3.2455,3.2887,3.291,3.2924,3.3307
11.2333333333333,2.8153,3.2455,3.2887,3.291,3.2924,3.3307
11.25,2.8153,3.2455,3.2887,3.291,3.2924,3.3307
11.2666666666667,2.8155,3.2455,3.2887,3.291,3.2924,3.3307
11.2833333333333,2.8155,3.2455,3.2887,3.291,3.2924,3.3307
11.3,2.8156,3.2455,3.2887,3.291,3.2924,3.3307
11.3166666666667,2.8156,3.2455,3.2887,3.291,3.2924,3.3307
11.3333333333333,2.8156,3.2455,3.2887,3.291,3.2924,3.3309
11.35,2.8156,3.2455,3.2887,3.291,3.2924,3.3309
11.3666666666667,2.8158,3.2455,3.2887,3.291,3.2924,3.3309
11.3833333333333,2.8158,3.2455,3.2887,3.291,3.2924,3.3309
11.4,2.8159,3.2455,3.2887,3.291,3.2924,3.3307
11.4166666666667,2.8159,3.2455,3.2887,3.291,3.2924,3.3307
11.4333333333333,2.8161,3.2455,3.2887,3.291,3.2924,3.3309
11.45,2.8161,3.2455,3.2887,3.291,3.2924,3.3309
11.4666666666667,2.8163,3.2455,3.2887,3.291,3.2924,3.3309
11.4833333333333,2.8163,3.2455,3.2887,3.292,3.2924,3.3309
11.5,2.8163,3.2455,3.2887,3.291,3.2924,3.3309
11.5166666666667,2.8163,3.2455,3.2887,3.291,3.2924,3.3309
11.5333333333333,2.8164,3.2455,3.2887,3.291,3.2924,3.3307
11.55,2.8164,3.2455,3.2887,3.291,3.2924,3.3307
11.5666666666667,2.8166,3.2455,3.2887,3.291,3.2924,3.3309
11.5833333333333,2.8166,3.2455,3.2887,3.291,3.2924,3.3309
11.6,2.8167,3.2455,3.2887,3.292,3.2924,3.3309
11.6166666666667,2.8167,3.2455,3.2887,3.291,3.2924,3.3309
11.6333333333333,2.8169,3.2455,3.2887,3.291,3.2924,3.3309
11.65,2.8169,3.2455,3.2887,3.291,3.2924,3.3309
11.6666666666667,2.817,3.2455,3.2887,3.291,3.2924,3.3309
11.6833333333333,2.817,3.2455,3.2887,3.291,3.2924,3.3309
11.7,2.817,3.2457,3.2887,3.291,3.2924,3.3309
11.7166666666667,2.817,3.2457,3.2887,3.291,3.2924,3.3309
11.7333333333333,2.8172,3.2455,3.2887,3.291,3.2924,3.3309
11.75,2.8172,3.2455,3.2887,3.291,3.2924,3.3309
11.7666666666667,2.8174,3.2457,3.2887,3.291,3.2924,3.3309
11.7833333333333,2.8174,3.2457,3.2887,3.291,3.2924,3.3309
11.8,2.8175,3.2457,3.2887,3.291,3.2924,3.3309
11.8166666666667,2.8175,3.2457,3.2887,3.291,3.2924,3.3309
11.8333333333333,2.8175,3.2457,3.2888,3.291,3.2924,3.3309
11.85,2.8175,3.2457,3.2888,3.291,3.2924,3.3309
11.8666666666667,2.8177,3.2457,3.2888,3.291,3.2924,3.3309
11.8833333333333,2.8177,3.2457,3.2888,3.291,3.2924,3.3309
11.9,2.8178,3.2457,3.2888,3.291,3.2924,3.3309
11.9166666666667,2.8178,3.2457,3.2888,3.292,3.2924,3.3309
11.9333333333333,2.818,3.2457,3.2888,3.291,3.2924,3.3309
11.95,2.818,3.2457,3.2888,3.291,3.2924,3.3309
11.9666666666667,2.818,3.2457,3.2888,3.291,3.2924,3.3309
11.9833333333333,2.818,3.2457,3.2888,3.291,3.2924,3.3309
12,2.8181,3.2457,3.2888,3.291,3.2924,3.3309
12.0166666666667,2.8181,3.2457,3.2888,3.291,3.2924,3.3309
12.0333333333333,2.8183,3.2457,3.2888,3.291,3.2924,3.3309
12.05,2.8183,3.2457,3.2888,3.291,3.2924,3.3309
12.0666666666667,2.8184,3.2457,3.2888,3.291,3.2924,3.3309
12.0833333333333,2.8184,3.2457,3.2888,3.291,3.2924,3.3309
12.1,2.8184,3.2457,3.2888,3.291,3.2924,3.3309
12.1166666666667,2.8184,3.2457,3.2888,3.291,3.2924,3.3309
12.1333333333333,2.8186,3.2457,3.2888,3.291,3.2924,3.3309
12.15,2.8186,3.2457,3.2888,3.292,3.2924,3.3309
12.1666666666667,2.8188,3.2457,3.2888,3.291,3.2924,3.3309
12.1833333333333,2.8188,3.2457,3.2888,3.291,3.2924,3.3309
12.2,2.8188,3.2458,3.2888,3.291,3.2924,3.3309
12.2166666666667,2.8188,3.2458,3.2888,3.291,3.2924,3.3309
12.2333333333333,2.8189,3.2458,3.2888,3.291,3.2924,3.3309
12.25,2.8189,3.2458,3.2888,3.291,3.2924,3.3309
12.2666666666667,2.8191,3.2458,3.2888,3.291,3.2924,3.3309
12.2833333333333,2.8191,3.2458,3.2888,3.291,3.2924,3.3309
12.3,2.8192,3.2458,3.2888,3.291,3.2924,3.3309
12.3166666666667,2.8192,3.2458,3.2888,3.291,3.2924,3.3309
12.3333333333333,2.8192,3.2458,3.2888,3.291,3.2924,3.3309
12.35,2.8192,3.2458,3.2888,3.292,3.2924,3.3309
12.3666666666667,2.8194,3.2458,3.2888,3.291,3.2924,3.3309
12.3833333333333,2.8194,3.2458,3.2888,3.291,3.2924,3.3309
12.4,2.8195,3.2458,3.2888,3.291,3.2924,3.3309
12.4166666666667,2.8195,3.2458,3.2888,3.291,3.2924,3.3309
12.4333333333333,2.8197,3.2458,3.2888,3.291,3.2924,3.3309
12.45,2.8197,3.2458,3.2888,3.291,3.2924,3.3309
12.4666666666667,2.8197,3.2458,3.2888,3.292,3.2924,3.3309
12.4833333333333,2.8197,3.2458,3.2888,3.292,3.2924,3.3309
12.5,2.8198,3.2458,3.2888,3.291,3.2926,3.3309
12.5166666666667,2.8198,3.2458,3.2888,3.291,3.2926,3.3309
12.5333333333333,2.82,3.2458,3.2888,3.291,3.2926,3.3309
12.55,2.82,3.2458,3.2888,3.291,3.2926,3.3309
12.5666666666667,2.8202,3.2458,3.2888,3.291,3.2924,3.3309
12.5833333333333,2.8202,3.2458,3.2888,3.292,3.2924,3.3309
12.6,2.8202,3.2458,3.2888,3.291,3.2924,3.3309
12.6166666666667,2.8202,3.2458,3.2888,3.291,3.2924,3.3309
12.6333333333333,2.8203,3.2458,3.2888,3.291,3.2926,3.3309
12.65,2.8203,3.2458,3.2888,3.291,3.2926,3.3309
12.6666666666667,2.8205,3.2458,3.2888,3.291,3.2926,3.3309
12.6833333333333,2.8205,3.2458,3.2888,3.291,3.2926,3.3309
12.7,2.8205,3.246,3.2888,3.291,3.2926,3.3309
12.7166666666667,2.8205,3.246,3.2888,3.291,3.2926,3.3309
12.7333333333333,2.8206,3.2458,3.2888,3.291,3.2926,3.3309
12.75,2.8206,3.2458,3.2888,3.291,3.2926,3.3309
12.7666666666667,2.8206,3.246,3.2888,3.291,3.2926,3.3309
12.7833333333333,2.8206,3.246,3.2888,3.291,3.2926,3.3309
12.8,2.8208,3.2458,3.289,3.291,3.2926,3.3309
12.8166666666667,2.8208,3.2458,3.289,3.291,3.2926,3.3309
12.8333333333333,2.8209,3.246,3.2888,3.291,3.2926,3.3309
12.85,2.8209,3.246,3.2888,3.291,3.2926,3.3309
12.8666666666667,2.8211,3.246,3.2888,3.291,3.2926,3.3309
12.8833333333333,2.8211,3.246,3.2888,3.291,3.2926,3.3309
12.9,2.8211,3.246,3.2888,3.291,3.2926,3.3309
12.9166666666667,2.8211,3.246,3.2888,3.291,3.2926,3.3309
12.9333333333333,2.8212,3.246,3.289,3.291,3.2926,3.3309
12.95,2.8212,3.246,3.289,3.291,3.2926,3.3309
12.9666666666667,2.8214,3.246,3.289,3.291,3.2926,3.3309
12.9833333333333,2.8214,3.246,3.289,3.292,3.2926,3.3309
13,2.8214,3.246,3.2888,3.291,3.2926,3.3309
13.0166666666667,2.8214,3.246,3.2888,3.291,3.2926,3.3309
13.0333333333333,2.8216,3.246,3.289,3.291,3.2926,3.3309
13.05,2.8216,3.246,3.289,3.291,3.2926,3.3309
13.0666666666667,2.8217,3.246,3.289,3.291,3.2926,3.3309
13.0833333333333,2.8217,3.246,3.289,3.291,3.2926,3.3309
13.1,2.8217,3.246,3.289,3.292,3.2926,3.3309
13.1166666666667,2.8217,3.246,3.289,3.291,3.2926,3.3309
13.1333333333333,2.8219,3.246,3.289,3.291,3.2926,3.3309
13.15,2.8219,3.246,3.289,3.291,3.2926,3.3309
13.1666666666667,2.822,3.246,3.289,3.291,3.2926,3.3309
13.1833333333333,2.822,3.246,3.289,3.291,3.2926,3.3309
13.2,2.822,3.246,3.289,3.291,3.2926,3.3309
13.2166666666667,2.822,3.246,3.289,3.291,3.2926,3.3309
13.2333333333333,2.8222,3.246,3.289,3.291,3.2926,3.3309
13.25,2.8222,3.246,3.289,3.291,3.2926,3.3309
13.2666666666667,2.8223,3.246,3.289,3.291,3.2926,3.3309
13.2833333333333,2.8223,3.246,3.289,3.291,3.2926,3.3309
13.3,2.8225,3.246,3.289,3.291,3.2926,3.3309
13.3166666666667,2.8225,3.246,3.289,3.291,3.2926,3.3309
13.3333333333333,2.8225,3.246,3.289,3.291,3.2926,3.3309
13.35,2.8225,3.246,3.289,3.291,3.2926,3.3309
13.3666666666667,2.8226,3.246,3.289,3.291,3.2926,3.3309
13.3833333333333,2.8226,3.246,3.289,3.291,3.2926,3.3309
13.4,2.8228,3.2461,3.289,3.291,3.2926,3.3309
13.4166666666667,2.8228,3.2461,3.289,3.292,3.2926,3.3309
13.4333333333333,2.8228,3.2461,3.289,3.292,3.2926,3.3309
13.45,2.8228,3.2461,3.289,3.291,3.2926,3.3309
13.4666666666667,2.823,3.2461,3.289,3.291,3.2926,3.3309
13.4833333333333,2.823,3.2461,3.289,3.291,3.2926,3.3309
13.5,2.8231,3.2461,3.289,3.291,3.2926,3.3309
13.5166666666667,2.8231,3.2461,3.289,3.291,3.2926,3.3309
13.5333333333333,2.8233,3.2461,3.289,3.291,3.2926,3.3309
13.55,2.8233,3.2461,3.289,3.292,3.2926,3.3309
13.5666666666667,2.8233,3.2461,3.289,3.291,3.2926,3.3309
13.5833333333333,2.8233,3.2461,3.289,3.291,3.2926,3.3309
13.6,2.8234,3.2461,3.289,3.291,3.2926,3.3309
13.6166666666667,2.8234,3.2461,3.289,3.291,3.2926,3.3309
13.6333333333333,2.8236,3.2461,3.289,3.291,3.2927,3.3309
13.65,2.8236,3.2461,3.289,3.292,3.2927,3.3309
13.6666666666667,2.8236,3.2461,3.289,3.292,3.2926,3.3309
13.6833333333333,2.8236,3.2461,3.289,3.291,3.2926,3.3309
13.7,2.8237,3.2461,3.289,3.291,3.2927,3.3309
13.7166666666667,2.8237,3.2461,3.289,3.291,3.2927,3.3309
13.7333333333333,2.8239,3.2461,3.289,3.291,3.2926,3.3309
13.75,2.8239,3.2461,3.289,3.291,3.2926,3.3309
13.7666666666667,2.8241,3.2461,3.289,3.292,3.2927,3.3309
13.7833333333333,2.8241,3.2461,3.289,3.291,3.2927,3.3309
13.8,2.8241,3.2461,3.289,3.291,3.2926,3.3309
13.8166666666667,2.8241,3.2461,3.289,3.291,3.2926,3.3309
13.8333333333333,2.8242,3.2461,3.289,3.292,3.2926,3.3309
13.85,2.8242,3.2461,3.289,3.291,3.2926,3.3309
13.8666666666667,2.8242,3.2461,3.289,3.292,3.2927,3.3309
13.8833333333333,2.8242,3.2461,3.289,3.291,3.2927,3.3309
13.9,2.8244,3.2461,3.289,3.291,3.2927,3.3309
13.9166666666667,2.8244,3.2461,3.289,3.291,3.2927,3.3309
13.9333333333333,2.8244,3.2461,3.289,3.292,3.2927,3.3309
13.95,2.8244,3.2461,3.289,3.292,3.2927,3.3309
13.9666666666667,2.8245,3.2461,3.289,3.291,3.2927,3.3309
13.9833333333333,2.8245,3.2461,3.289,3.291,3.2927,3.3309
14,2.8247,3.2461,3.289,3.291,3.2927,3.3309
14.0166666666667,2.8247,3.2461,3.289,3.291,3.2927,3.3309
14.0333333333333,2.8248,3.2461,3.289,3.291,3.2926,3.3309
14.05,2.8248,3.2461,3.289,3.291,3.2926,3.3309
14.0666666666667,2.8248,3.2463,3.289,3.291,3.2927,3.3309
14.0833333333333,2.8248,3.2463,3.289,3.291,3.2927,3.3309
14.1,2.825,3.2463,3.289,3.291,3.2927,3.3309
14.1166666666667,2.825,3.2463,3.289,3.291,3.2927,3.3309
14.1333333333333,2.8251,3.2463,3.289,3.291,3.2927,3.3309
14.15,2.8251,3.2463,3.289,3.291,3.2927,3.3309
14.1666666666667,2.8251,3.2463,3.289,3.291,3.2927,3.3309
14.1833333333333,2.8251,3.2463,3.289,3.291,3.2927,3.3309
14.2,2.8253,3.2463,3.289,3.291,3.2927,3.3309
14.2166666666667,2.8253,3.2463,3.289,3.291,3.2927,3.3309
14.2333333333333,2.8253,3.2463,3.289,3.292,3.2927,3.3309
14.25,2.8253,3.2463,3.289,3.291,3.2927,3.3309
14.2666666666667,2.8255,3.2463,3.289,3.292,3.2927,3.3309
14.2833333333333,2.8255,3.2463,3.289,3.291,3.2927,3.3309
14.3,2.8256,3.2463,3.289,3.291,3.2927,3.3309
14.3166666666667,2.8256,3.2463,3.289,3.291,3.2927,3.3309
14.3333333333333,2.8256,3.2463,3.289,3.292,3.2927,3.3309
14.35,2.8256,3.2463,3.289,3.291,3.2927,3.3309
14.3666666666667,2.8258,3.2463,3.289,3.292,3.2927,3.3309
14.3833333333333,2.8258,3.2463,3.289,3.291,3.2927,3.3309
14.4,2.8258,3.2463,3.289,3.292,3.2927,3.3309
14.4166666666667,2.8258,3.2463,3.289,3.291,3.2927,3.3309
14.4333333333333,2.8259,3.2463,3.289,3.291,3.2927,3.3309
14.45,2.8259,3.2463,3.289,3.291,3.2927,3.3309
14.4666666666667,2.8261,3.2463,3.289,3.292,3.2927,3.3309
14.4833333333333,2.8261,3.2463,3.289,3.292,3.2927,3.3309
14.5,2.8261,3.2463,3.289,3.292,3.2927,3.3309
14.5166666666667,2.8261,3.2463,3.289,3.291,3.2927,3.3309
14.5333333333333,2.8262,3.2463,3.289,3.291,3.2927,3.3309
14.55,2.8262,3.2463,3.289,3.292,3.2927,3.3309
14.5666666666667,2.8264,3.2463,3.289,3.292,3.2927,3.3309
14.5833333333333,2.8264,3.2463,3.289,3.291,3.2927,3.3309
14.6,2.8264,3.2463,3.289,3.291,3.2927,3.3309
14.6166666666667,2.8264,3.2463,3.289,3.291,3.2927,3.3309
14.6333333333333,2.8265,3.2463,3.289,3.291,3.2927,3.3309
14.65,2.8265,3.2463,3.289,3.291,3.2927,3.3309
14.6666666666667,2.8267,3.2463,3.289,3.291,3.2927,3.3309
14.6833333333333,2.8267,3.2463,3.289,3.291,3.2927,3.3309
14.7,2.8267,3.2463,3.289,3.291,3.2927,3.3309
14.7166666666667,2.8267,3.2463,3.289,3.291,3.2927,3.3309
14.7333333333333,2.8269,3.2464,3.289,3.291,3.2927,3.3309
14.75,2.8269,3.2464,3.289,3.292,3.2927,3.3309
14.7666666666667,2.8269,3.2463,3.289,3.291,3.2927,3.3309
14.7833333333333,2.8269,3.2463,3.289,3.291,3.2927,3.3309
14.8,2.827,3.2463,3.289,3.292,3.2927,3.3309
14.8166666666667,2.827,3.2463,3.289,3.291,3.2927,3.3309
14.8333333333333,2.8272,3.2464,3.289,3.291,3.2927,3.3309
14.85,2.8272,3.2464,3.289,3.291,3.2927,3.3309
14.8666666666667,2.8272,3.2464,3.289,3.292,3.2927,3.3309
14.8833333333333,2.8272,3.2464,3.289,3.291,3.2927,3.3309
14.9,2.8273,3.2464,3.289,3.291,3.2927,3.3309
14.9166666666667,2.8273,3.2464,3.289,3.291,3.2927,3.3309
14.9333333333333,2.8275,3.2464,3.289,3.291,3.2927,3.3309
14.95,2.8275,3.2464,3.289,3.291,3.2927,3.3309
14.9666666666667,2.8275,3.2464,3.289,3.292,3.2927,3.3309
14.9833333333333,2.8275,3.2464,3.289,3.292,3.2927,3.3309
15,2.8276,3.2464,3.289,3.291,3.2927,3.3309
15.0166666666667,2.8276,3.2464,3.289,3.292,3.2927,3.3309
15.0333333333333,2.8276,3.2464,3.289,3.292,3.2927,3.3309
15.05,2.8276,3.2464,3.289,3.292,3.2927,3.3309
15.0666666666667,2.8278,3.2464,3.289,3.291,3.2927,3.3309
15.0833333333333,2.8278,3.2464,3.289,3.291,3.2927,3.3309
15.1,2.8279,3.2464,3.289,3.292,3.2927,3.3309
15.1166666666667,2.8279,3.2464,3.289,3.291,3.2927,3.3309
15.1333333333333,2.8279,3.2464,3.289,3.292,3.2927,3.3309
15.15,2.8279,3.2464,3.289,3.291,3.2927,3.3309
15.1666666666667,2.8281,3.2464,3.289,3.291,3.2927,3.3309
15.1833333333333,2.8281,3.2464,3.289,3.292,3.2927,3.3309
15.2,2.8281,3.2464,3.289,3.292,3.2927,3.3309
15.2166666666667,2.8281,3.2464,3.289,3.291,3.2927,3.3309
15.2333333333333,2.8283,3.2464,3.289,3.292,3.2927,3.3309
15.25,2.8283,3.2464,3.289,3.292,3.2927,3.3309
15.2666666666667,2.8283,3.2464,3.2891,3.291,3.2927,3.3309
15.2833333333333,2.8283,3.2464,3.2891,3.292,3.2927,3.3309
15.3,2.8284,3.2464,3.2891,3.292,3.2927,3.3309
15.3166666666667,2.8284,3.2464,3.2891,3.291,3.2927,3.3309
15.3333333333333,2.8286,3.2464,3.2891,3.291,3.2927,3.3309
15.35,2.8286,3.2464,3.2891,3.291,3.2927,3.3309
15.3666666666667,2.8286,3.2464,3.289,3.291,3.2927,3.3309
15.3833333333333,2.8286,3.2464,3.289,3.292,3.2927,3.3309
15.4,2.8287,3.2464,3.289,3.292,3.2927,3.3309
15.4166666666667,2.8287,3.2464,3.289,3.292,3.2927,3.3309
15.4333333333333,2.8287,3.2464,3.289,3.291,3.2927,3.3309
15.45,2.8287,3.2464,3.289,3.292,3.2927,3.3309
15.4666666666667,2.8289,3.2464,3.2891,3.291,3.2927,3.3309
15.4833333333333,2.8289,3.2464,3.2891,3.292,3.2927,3.3309
15.5,2.829,3.2466,3.2891,3.291,3.2927,3.3309
15.5166666666667,2.829,3.2466,3.2891,3.291,3.2927,3.3309
15.5333333333333,2.829,3.2464,3.2891,3.292,3.2927,3.3309
15.55,2.829,3.2464,3.2891,3.291,3.2927,3.3309
15.5666666666667,2.8292,3.2466,3.2891,3.291,3.2927,3.3309
15.5833333333333,2.8292,3.2466,3.2891,3.291,3.2927,3.3309
15.6,2.8292,3.2466,3.2891,3.292,3.2927,3.3309
15.6166666666667,2.8292,3.2466,3.2891,3.291,3.2927,3.3309
15.6333333333333,2.8293,3.2466,3.2891,3.291,3.2927,3.3309
15.65,2.8293,3.2466,3.2891,3.291,3.2927,3.3309
15.6666666666667,2.8295,3.2466,3.2891,3.291,3.2927,3.3309
15.6833333333333,2.8295,3.2466,3.2891,3.292,3.2927,3.3309
15.7,2.8295,3.2466,3.2891,3.292,3.2927,3.3309
15.7166666666667,2.8295,3.2466,3.2891,3.291,3.2927,3.3309
15.7333333333333,2.8297,3.2466,3.2891,3.292,3.2927,3.3309
15.75,2.8297,3.2466,3.2891,3.292,3.2927,3.3309
15.7666666666667,2.8297,3.2466,3.2891,3.291,3.2927,3.3309
15.7833333333333,2.8297,3.2466,3.2891,3.292,3.2927,3.3309
15.8,2.8298,3.2466,3.2891,3.292,3.2927,3.3309
15.8166666666667,2.8298,3.2466,3.2891,3.291,3.2927,3.3309
15.8333333333333,2.83,3.2466,3.2891,3.292,3.2927,3.3309
15.85,2.83,3.2466,3.2891,3.292,3.2927,3.3309
15.8666666666667,2.83,3.2466,3.2891,3.292,3.2927,3.3309
15.8833333333333,2.83,3.2466,3.2891,3.291,3.2927,3.3309
15.9,2.8301,3.2466,3.2891,3.292,3.2927,3.3309
15.9166666666667,2.8301,3.2466,3.2891,3.292,3.2927,3.3309
15.9333333333333,2.8301,3.2466,3.2891,3.291,3.2927,3.3309
15.95,2.8301,3.2466,3.2891,3.292,3.2927,3.3309
15.9666666666667,2.8303,3.2466,3.2891,3.292,3.2927,3.3309
15.9833333333333,2.8303,3.2466,3.2891,3.292,3.2927,3.3309
16,2.8303,3.2466,3.2891,3.292,3.2927,3.3309
16.0166666666667,2.8303,3.2466,3.2891,3.292,3.2927,3.3309
16.0333333333333,2.8304,3.2466,3.2891,3.292,3.2927,3.3309
16.05,2.8304,3.2466,3.2891,3.292,3.2927,3.3309
16.0666666666667,2.8304,3.2466,3.2891,3.291,3.2927,3.3309
16.0833333333333,2.8304,3.2466,3.2891,3.292,3.2927,3.3309
16.1,2.8306,3.2466,3.2891,3.292,3.2927,3.3309
16.1166666666667,2.8306,3.2466,3.2891,3.292,3.2927,3.3309
16.1333333333333,2.8306,3.2466,3.2891,3.292,3.2927,3.3309
16.15,2.8306,3.2466,3.2891,3.292,3.2927,3.3309
16.1666666666667,2.8308,3.2466,3.2891,3.291,3.2927,3.3309
16.1833333333333,2.8308,3.2466,3.2891,3.292,3.2927,3.3309
16.2,2.8309,3.2466,3.2891,3.292,3.2927,3.3309
16.2166666666667,2.8309,3.2466,3.2891,3.291,3.2927,3.3309
16.2333333333333,2.8309,3.2466,3.2891,3.291,3.2927,3.3309
16.25,2.8309,3.2466,3.2891,3.291,3.2927,3.3309
16.2666666666667,2.8311,3.2466,3.2891,3.292,3.2927,3.3309
16.2833333333333,2.8311,3.2466,3.2891,3.291,3.2927,3.3309
16.3,2.8311,3.2466,3.2891,3.292,3.2927,3.3309
16.3166666666667,2.8311,3.2466,3.2891,3.292,3.2927,3.3309
16.3333333333333,2.8312,3.2467,3.2891,3.292,3.2927,3.3309
16.35,2.8312,3.2467,3.2891,3.292,3.2927,3.3309
16.3666666666667,2.8312,3.2467,3.2891,3.291,3.2927,3.3309
16.3833333333333,2.8312,3.2467,3.2891,3.292,3.2927,3.3309
16.4,2.8314,3.2467,3.2891,3.292,3.2927,3.3309
16.4166666666667,2.8314,3.2467,3.2891,3.292,3.2927,3.3309
16.4333333333333,2.8315,3.2467,3.2891,3.292,3.2927,3.3309
16.45,2.8315,3.2467,3.2891,3.292,3.2927,3.3309
16.4666666666667,2.8315,3.2467,3.2891,3.292,3.2927,3.3309
16.4833333333333,2.8315,3.2467,3.2891,3.292,3.2927,3.3309
16.5,2.8317,3.2467,3.2891,3.292,3.2927,3.3309
16.5166666666667,2.8317,3.2467,3.2891,3.292,3.2927,3.3309
16.5333333333333,2.8317,3.2467,3.2891,3.292,3.2927,3.3309
16.55,2.8317,3.2467,3.2891,3.291,3.2927,3.3309
16.5666666666667,2.8318,3.2467,3.2891,3.292,3.2927,3.3309
16.5833333333333,2.8318,3.2467,3.2891,3.292,3.2927,3.3309
16.6,2.8318,3.2467,3.2891,3.292,3.2927,3.3309
16.6166666666667,2.8318,3.2467,3.2891,3.292,3.2927,3.3309
16.6333333333333,2.832,3.2467,3.2891,3.291,3.2927,3.3309
16.65,2.832,3.2467,3.2891,3.292,3.2927,3.3309
16.6666666666667,2.832,3.2467,3.2891,3.292,3.2927,3.3309
16.6833333333333,2.832,3.2467,3.2891,3.292,3.2927,3.3309
16.7,2.8322,3.2467,3.2891,3.292,3.2927,3.3309
16.7166666666667,2.8322,3.2467,3.2891,3.291,3.2927,3.3309
16.7333333333333,2.8322,3.2467,3.2891,3.291,3.2927,3.3309
16.75,2.8322,3.2467,3.2891,3.292,3.2927,3.3309
16.7666666666667,2.8323,3.2467,3.2891,3.292,3.2927,3.3309
16.7833333333333,2.8323,3.2467,3.2891,3.292,3.2927,3.3309
16.8,2.8323,3.2467,3.2891,3.292,3.2927,3.3309
16.8166666666667,2.8323,3.2467,3.2891,3.292,3.2927,3.3309
16.8333333333333,2.8325,3.2467,3.2891,3.292,3.2927,3.3309
16.85,2.8325,3.2467,3.2891,3.292,3.2927,3.3309
16.8666666666667,2.8325,3.2467,3.2891,3.291,3.2927,3.3309
16.8833333333333,2.8325,3.2467,3.2891,3.292,3.2927,3.3309
16.9,2.8326,3.2467,3.2891,3.292,3.2927,3.3309
16.9166666666667,2.8326,3.2467,3.2891,3.291,3.2927,3.3309
16.9333333333333,2.8328,3.2467,3.2891,3.292,3.2927,3.3309
16.95,2.8328,3.2467,3.2891,3.291,3.2927,3.3309
16.9666666666667,2.8328,3.2467,3.2891,3.291,3.2927,3.3309
16.9833333333333,2.8328,3.2467,3.2891,3.292,3.2927,3.3309
17,2.8329,3.2467,3.2891,3.292,3.2927,3.3309
17.0166666666667,2.8329,3.2467,3.2891,3.291,3.2927,3.3309
17.0333333333333,2.8329,3.2467,3.2891,3.292,3.2927,3.3309
17.05,2.8329,3.2467,3.2891,3.292,3.2927,3.3309
17.0666666666667,2.8331,3.2467,3.2891,3.292,3.2927,3.3309
17.0833333333333,2.8331,3.2467,3.2891,3.291,3.2927,3.3309
17.1,2.8331,3.2467,3.2891,3.292,3.2927,3.3309
17.1166666666667,2.8331,3.2467,3.2891,3.291,3.2927,3.3309
17.1333333333333,2.8332,3.2467,3.2891,3.292,3.2927,3.3309
17.15,2.8332,3.2467,3.2891,3.292,3.2927,3.3309
17.1666666666667,2.8332,3.2467,3.2891,3.292,3.2927,3.3309
17.1833333333333,2.8332,3.2467,3.2891,3.291,3.2927,3.3309
17.2,2.8334,3.2469,3.2891,3.292,3.2927,3.3309
17.2166666666667,2.8334,3.2469,3.2891,3.292,3.2927,3.3309
17.2333333333333,2.8334,3.2469,3.2891,3.291,3.2927,3.3309
17.25,2.8334,3.2469,3.2891,3.292,3.2927,3.3309
17.2666666666667,2.8336,3.2469,3.2891,3.291,3.2927,3.3309
17.2833333333333,2.8336,3.2469,3.2891,3.292,3.2927,3.3309
17.3,2.8336,3.2467,3.2891,3.292,3.2927,3.3309
17.3166666666667,2.8336,3.2467,3.2891,3.292,3.2927,3.3309
17.3333333333333,2.8337,3.2469,3.2891,3.291,3.2927,3.3309
17.35,2.8337,3.2469,3.2891,3.292,3.2927,3.3309
17.3666666666667,2.8337,3.2469,3.2891,3.291,3.2927,3.3309
17.3833333333333,2.8337,3.2469,3.2891,3.291,3.2927,3.3309
17.4,2.8339,3.2469,3.2891,3.292,3.2927,3.3309
17.4166666666667,2.8339,3.2469,3.2891,3.292,3.2927,3.3309
17.4333333333333,2.8339,3.2469,3.2891,3.292,3.2927,3.3309
17.45,2.8339,3.2469,3.2891,3.292,3.2927,3.3309
17.4666666666667,2.834,3.2469,3.2891,3.292,3.2927,3.3309
17.4833333333333,2.834,3.2469,3.2891,3.292,3.2927,3.3309
17.5,2.834,3.2469,3.2891,3.291,3.2927,3.3309
17.5166666666667,2.834,3.2469,3.2891,3.291,3.2927,3.3309
17.5333333333333,2.8342,3.2469,3.2891,3.292,3.2927,3.3309
17.55,2.8342,3.2469,3.2891,3.292,3.2927,3.3309
17.5666666666667,2.8343,3.2469,3.2891,3.291,3.2927,3.3309
17.5833333333333,2.8343,3.2469,3.2891,3.292,3.2927,3.3309
17.6,2.8343,3.2469,3.2891,3.291,3.2927,3.3309
17.6166666666667,2.8343,3.2469,3.2891,3.292,3.2927,3.3309
17.6333333333333,2.8345,3.2469,3.2891,3.292,3.2927,3.3309
17.65,2.8345,3.2469,3.2891,3.292,3.2927,3.3309
17.6666666666667,2.8345,3.2469,3.2891,3.292,3.2927,3.3309
17.6833333333333,2.8345,3.2469,3.2891,3.291,3.2927,3.3309
17.7,2.8346,3.2469,3.2891,3.291,3.2927,3.3309
17.7166666666667,2.8346,3.2469,3.2891,3.292,3.2927,3.3309
17.7333333333333,2.8346,3.2469,3.2891,3.292,3.2927,3.3309
17.75,2.8346,3.2469,3.2891,3.292,3.2927,3.3309
17.7666666666667,2.8348,3.2469,3.2891,3.291,3.2927,3.3309
17.7833333333333,2.8348,3.2469,3.2891,3.292,3.2927,3.3309
17.8,2.8348,3.2469,3.2891,3.292,3.2927,3.3309
17.8166666666667,2.8348,3.2469,3.2891,3.292,3.2927,3.3309
17.8333333333333,2.835,3.2469,3.2891,3.292,3.2927,3.3309
17.85,2.835,3.2469,3.2891,3.292,3.2927,3.3309
17.8666666666667,2.835,3.2469,3.2891,3.291,3.2927,3.3309
17.8833333333333,2.835,3.2469,3.2891,3.291,3.2927,3.3309
17.9,2.8351,3.2469,3.2891,3.292,3.2927,3.3309
17.9166666666667,2.8351,3.2469,3.2891,3.291,3.2927,3.3309
17.9333333333333,2.8351,3.2469,3.2891,3.291,3.2927,3.3309
17.95,2.8351,3.2469,3.2891,3.292,3.2927,3.3309
17.9666666666667,2.8353,3.2469,3.2891,3.291,3.2927,3.3309
17.9833333333333,2.8353,3.2469,3.2891,3.291,3.2927,3.3309
18,2.8353,3.2469,3.2891,3.292,3.2929,3.3309
18.0166666666667,2.8353,3.2469,3.2891,3.292,3.2929,3.3309
18.0333333333333,2.8354,3.2469,3.2891,3.292,3.2927,3.3309
18.05,2.8354,3.2469,3.2891,3.292,3.2927,3.3309
18.0666666666667,2.8354,3.2469,3.2891,3.292,3.2927,3.3309
18.0833333333333,2.8354,3.2469,3.2891,3.291,3.2927,3.3309
18.1,2.8356,3.2469,3.2891,3.292,3.2927,3.3309
18.1166666666667,2.8356,3.2469,3.2891,3.291,3.2927,3.3309
18.1333333333333,2.8356,3.2469,3.2893,3.292,3.2927,3.3309
18.15,2.8356,3.2469,3.2893,3.291,3.2927,3.3309
18.1666666666667,2.8357,3.2471,3.2893,3.292,3.2927,3.3309
18.1833333333333,2.8357,3.2471,3.2893,3.292,3.2927,3.3309
18.2,2.8357,3.2471,3.2891,3.292,3.2927,3.3309
18.2166666666667,2.8357,3.2471,3.2891,3.292,3.2927,3.3309
18.2333333333333,2.8359,3.2471,3.2891,3.292,3.2927,3.3309
18.25,2.8359,3.2471,3.2891,3.292,3.2927,3.3309
18.2666666666667,2.8359,3.2471,3.2893,3.292,3.2927,3.3309
18.2833333333333,2.8359,3.2471,3.2893,3.292,3.2927,3.3309
18.3,2.836,3.2471,3.2891,3.292,3.2929,3.3309
18.3166666666667,2.836,3.2471,3.2891,3.292,3.2929,3.3309
18.3333333333333,2.8362,3.2471,3.2891,3.292,3.2929,3.3309
18.35,2.8362,3.2471,3.2891,3.291,3.2929,3.3309
18.3666666666667,2.8362,3.2471,3.2891,3.292,3.2929,3.3309
18.3833333333333,2.8362,3.2471,3.2891,3.292,3.2929,3.3309
18.4,2.8362,3.2471,3.2891,3.291,3.2929,3.3309
18.4166666666667,2.8362,3.2471,3.2891,3.292,3.2929,3.3309
18.4333333333333,2.8364,3.2471,3.2891,3.292,3.2927,3.3309
18.45,2.8364,3.2471,3.2891,3.291,3.2927,3.3309
18.4666666666667,2.8364,3.2471,3.2891,3.291,3.2927,3.3309
18.4833333333333,2.8364,3.2471,3.2891,3.292,3.2927,3.3309
18.5,2.8365,3.2471,3.2893,3.292,3.2927,3.3309
18.5166666666667,2.8365,3.2471,3.2893,3.291,3.2927,3.3309
18.5333333333333,2.8365,3.2471,3.2893,3.292,3.2929,3.3309
18.55,2.8365,3.2471,3.2893,3.292,3.2929,3.3309
18.5666666666667,2.8367,3.2471,3.2893,3.292,3.2929,3.3309
18.5833333333333,2.8367,3.2471,3.2893,3.292,3.2929,3.3309
18.6,2.8367,3.2471,3.2893,3.292,3.2929,3.3309
18.6166666666667,2.8367,3.2471,3.2893,3.291,3.2929,3.3309
18.6333333333333,2.8368,3.2471,3.2891,3.292,3.2929,3.3309
18.65,2.8368,3.2471,3.2891,3.292,3.2929,3.3309
18.6666666666667,2.837,3.2471,3.2891,3.291,3.2929,3.3309
18.6833333333333,2.837,3.2471,3.2891,3.291,3.2929,3.3309
18.7,2.837,3.2471,3.2893,3.292,3.2929,3.3309
18.7166666666667,2.837,3.2471,3.2893,3.291,3.2929,3.3309
18.7333333333333,2.8371,3.2471,3.2893,3.292,3.2929,3.3309
18.75,2.8371,3.2471,3.2893,3.292,3.2929,3.3309
18.7666666666667,2.8371,3.2471,3.2891,3.292,3.2929,3.3309
18.7833333333333,2.8371,3.2471,3.2891,3.292,3.2929,3.3309
18.8,2.8373,3.2471,3.2891,3.292,3.2929,3.3309
18.8166666666667,2.8373,3.2471,3.2891,3.292,3.2929,3.3309
18.8333333333333,2.8373,3.2471,3.2893,3.292,3.2929,3.3309
18.85,2.8373,3.2471,3.2893,3.292,3.2929,3.3309
18.8666666666667,2.8375,3.2471,3.2893,3.291,3.2927,3.3309
18.8833333333333,2.8375,3.2471,3.2893,3.292,3.2927,3.3309
18.9,2.8375,3.2471,3.2893,3.292,3.2929,3.3309
18.9166666666667,2.8375,3.2471,3.2893,3.291,3.2929,3.3309
18.9333333333333,2.8376,3.2471,3.2893,3.292,3.2929,3.3309
18.95,2.8376,3.2471,3.2893,3.291,3.2929,3.3309
18.9666666666667,2.8376,3.2471,3.2893,3.292,3.2929,3.3309
18.9833333333333,2.8376,3.2471,3.2893,3.291,3.2929,3.3309
19,2.8376,3.2471,3.2893,3.292,3.2929,3.3309
19.0166666666667,2.8376,3.2471,3.2893,3.292,3.2929,3.3309
19.0333333333333,2.8378,3.2471,3.2893,3.292,3.2929,3.3309
19.05,2.8378,3.2471,3.2893,3.292,3.2929,3.3309
19.0666666666667,2.8378,3.2471,3.2893,3.292,3.2929,3.3309
19.0833333333333,2.8378,3.2471,3.2893,3.292,3.2929,3.3309
19.1,2.8379,3.2471,3.2893,3.292,3.2929,3.3309
19.1166666666667,2.8379,3.2471,3.2893,3.291,3.2929,3.3309
19.1333333333333,2.8379,3.2471,3.2893,3.292,3.2929,3.3309
19.15,2.8379,3.2471,3.2893,3.292,3.2929,3.3309
19.1666666666667,2.8381,3.2471,3.2893,3.292,3.2929,3.3309
19.1833333333333,2.8381,3.2471,3.2893,3.292,3.2929,3.3309
19.2,2.8381,3.2471,3.2893,3.292,3.2929,3.3309
19.2166666666667,2.8381,3.2471,3.2893,3.292,3.2929,3.3309
19.2333333333333,2.8382,3.2471,3.2893,3.291,3.2929,3.3309
19.25,2.8382,3.2471,3.2893,3.291,3.2929,3.3309
19.2666666666667,2.8382,3.2471,3.2893,3.292,3.2929,3.3309
19.2833333333333,2.8382,3.2471,3.2893,3.292,3.2929,3.3309
19.3,2.8384,3.2471,3.2893,3.292,3.2929,3.3309
19.3166666666667,2.8384,3.2471,3.2893,3.292,3.2929,3.3309
19.3333333333333,2.8384,3.2472,3.2893,3.292,3.2929,3.3309
19.35,2.8384,3.2472,3.2893,3.292,3.2929,3.3309
19.3666666666667,2.8384,3.2472,3.2893,3.292,3.2929,3.3309
19.3833333333333,2.8384,3.2472,3.2893,3.291,3.2929,3.3309
19.4,2.8385,3.2472,3.2893,3.292,3.2929,3.3309
19.4166666666667,2.8385,3.2472,3.2893,3.292,3.2929,3.3309
19.4333333333333,2.8385,3.2472,3.2893,3.292,3.2929,3.3309
19.45,2.8385,3.2472,3.2893,3.292,3.2929,3.3309
19.4666666666667,2.8387,3.2472,3.2893,3.292,3.2929,3.3309
19.4833333333333,2.8387,3.2472,3.2893,3.292,3.2929,3.3309
19.5,2.8387,3.2472,3.2893,3.292,3.2929,3.3309
19.5166666666667,2.8387,3.2472,3.2893,3.292,3.2929,3.3309
19.5333333333333,2.8389,3.2472,3.2893,3.292,3.2929,3.3309
19.55,2.8389,3.2472,3.2893,3.292,3.2929,3.3309
19.5666666666667,2.8389,3.2472,3.2893,3.292,3.2929,3.3309
19.5833333333333,2.8389,3.2472,3.2893,3.291,3.2929,3.3309
19.6,2.839,3.2472,3.2893,3.292,3.2929,3.3309
19.6166666666667,2.839,3.2472,3.2893,3.292,3.2929,3.3309
19.6333333333333,2.839,3.2472,3.2893,3.292,3.2929,3.3309
19.65,2.839,3.2472,3.2893,3.292,3.2929,3.3309
19.6666666666667,2.8392,3.2472,3.2893,3.292,3.2929,3.3309
19.6833333333333,2.8392,3.2472,3.2893,3.292,3.2929,3.3309
19.7,2.8392,3.2472,3.2893,3.292,3.2929,3.3309
19.7166666666667,2.8392,3.2472,3.2893,3.292,3.2929,3.3309
19.7333333333333,2.8392,3.2472,3.2893,3.292,3.2929,3.3309
19.75,2.8392,3.2472,3.2893,3.292,3.2929,3.3309
19.7666666666667,2.8393,3.2472,3.2893,3.291,3.2929,3.3309
19.7833333333333,2.8393,3.2472,3.2893,3.292,3.2929,3.3309
19.8,2.8393,3.2472,3.2893,3.292,3.2929,3.3309
19.8166666666667,2.8393,3.2472,3.2893,3.292,3.2929,3.3309
19.8333333333333,2.8395,3.2472,3.2893,3.292,3.2929,3.3309
19.85,2.8395,3.2472,3.2893,3.292,3.2929,3.3309
19.8666666666667,2.8395,3.2472,3.2893,3.291,3.2929,3.3309
19.8833333333333,2.8395,3.2472,3.2893,3.291,3.2929,3.3309
19.9,2.8396,3.2472,3.2893,3.292,3.2929,3.3309
19.9166666666667,2.8396,3.2472,3.2893,3.292,3.2929,3.3309
19.9333333333333,2.8396,3.2472,3.2893,3.292,3.2929,3.3309
19.95,2.8396,3.2472,3.2893,3.292,3.2929,3.3309
19.9666666666667,2.8398,3.2472,3.2893,3.291,3.2929,3.3309
19.9833333333333,2.8398,3.2472,3.2893,3.292,3.2929,3.3309
20,2.8398,3.2472,3.2893,3.292,3.2929,3.3309
20.0166666666667,2.8398,3.2472,3.2893,3.292,3.2929,3.3309
20.0333333333333,2.8398,3.2472,3.2893,3.292,3.2929,3.3309
20.05,2.8398,3.2472,3.2893,3.292,3.2929,3.3309
20.0666666666667,2.8399,3.2472,3.2893,3.291,3.2929,3.3309
20.0833333333333,2.8399,3.2472,3.2893,3.292,3.2929,3.3309
20.1,2.8399,3.2472,3.2893,3.292,3.2929,3.3309
20.1166666666667,2.8399,3.2472,3.2893,3.291,3.2929,3.3309
20.1333333333333,2.8401,3.2472,3.2893,3.292,3.2929,3.3309
20.15,2.8401,3.2472,3.2893,3.292,3.2929,3.3309
20.1666666666667,2.8401,3.2472,3.2893,3.292,3.2929,3.3309
20.1833333333333,2.8401,3.2472,3.2893,3.292,3.2929,3.3309
20.2,2.8403,3.2472,3.2893,3.292,3.2929,3.3309
20.2166666666667,2.8403,3.2472,3.2893,3.292,3.2929,3.3309
20.2333333333333,2.8403,3.2472,3.2893,3.292,3.2929,3.3309
20.25,2.8403,3.2472,3.2893,3.292,3.2929,3.3309
20.2666666666667,2.8403,3.2472,3.2893,3.292,3.2929,3.3309
20.2833333333333,2.8403,3.2472,3.2893,3.292,3.2929,3.3309
20.3,2.8404,3.2472,3.2893,3.292,3.2929,3.3309
20.3166666666667,2.8404,3.2472,3.2893,3.292,3.2929,3.3309
20.3333333333333,2.8404,3.2472,3.2893,3.292,3.2929,3.3309
20.35,2.8404,3.2472,3.2893,3.292,3.2929,3.3309
20.3666666666667,2.8406,3.2474,3.2893,3.292,3.2929,3.3309
20.3833333333333,2.8406,3.2474,3.2893,3.292,3.2929,3.3309
20.4,2.8406,3.2474,3.2893,3.292,3.2929,3.3309
20.4166666666667,2.8406,3.2474,3.2893,3.292,3.2929,3.3309
20.4333333333333,2.8407,3.2474,3.2893,3.292,3.2929,3.3309
20.45,2.8407,3.2474,3.2893,3.292,3.2929,3.3309
20.4666666666667,2.8407,3.2474,3.2893,3.292,3.2929,3.3309
20.4833333333333,2.8407,3.2474,3.2893,3.292,3.2929,3.3309
20.5,2.8407,3.2474,3.2893,3.292,3.2929,3.3309
20.5166666666667,2.8407,3.2474,3.2893,3.292,3.2929,3.3309
20.5333333333333,2.8409,3.2474,3.2893,3.292,3.2929,3.3309
20.55,2.8409,3.2474,3.2893,3.292,3.2929,3.3309
20.5666666666667,2.8409,3.2474,3.2893,3.292,3.2929,3.3309
20.5833333333333,2.8409,3.2474,3.2893,3.292,3.2929,3.3309
20.6,2.841,3.2474,3.2893,3.292,3.2929,3.3309
20.6166666666667,2.841,3.2474,3.2893,3.292,3.2929,3.3309
20.6333333333333,2.841,3.2474,3.2893,3.292,3.2929,3.3309
20.65,2.841,3.2474,3.2893,3.292,3.2929,3.3309
20.6666666666667,2.841,3.2474,3.2893,3.292,3.2929,3.3309
20.6833333333333,2.841,3.2474,3.2893,3.292,3.2929,3.3309
20.7,2.8412,3.2474,3.2893,3.292,3.2929,3.3309
20.7166666666667,2.8412,3.2474,3.2893,3.292,3.2929,3.3309
20.7333333333333,2.8412,3.2474,3.2893,3.292,3.2929,3.3309
20.75,2.8412,3.2474,3.2893,3.292,3.2929,3.3309
20.7666666666667,2.8413,3.2474,3.2893,3.292,3.2929,3.3309
20.7833333333333,2.8413,3.2474,3.2893,3.292,3.2929,3.3309
20.8,2.8413,3.2474,3.2893,3.292,3.2929,3.3309
20.8166666666667,2.8413,3.2474,3.2893,3.292,3.2929,3.3309
20.8333333333333,2.8415,3.2474,3.2893,3.292,3.2929,3.3309
20.85,2.8415,3.2474,3.2893,3.292,3.2929,3.3309
20.8666666666667,2.8415,3.2474,3.2893,3.292,3.2929,3.3309
20.8833333333333,2.8415,3.2474,3.2893,3.292,3.2929,3.3309
20.9,2.8417,3.2474,3.2893,3.292,3.2929,3.3309
20.9166666666667,2.8417,3.2474,3.2893,3.292,3.2929,3.3309
20.9333333333333,2.8417,3.2474,3.2893,3.292,3.2929,3.3309
20.95,2.8417,3.2474,3.2893,3.292,3.2929,3.3309
20.9666666666667,2.8417,3.2474,3.2893,3.292,3.2929,3.3309
20.9833333333333,2.8417,3.2474,3.2893,3.292,3.2929,3.3309
21,2.8418,3.2474,3.2893,3.292,3.2929,3.3309
21.0166666666667,2.8418,3.2474,3.2893,3.292,3.2929,3.3309
21.0333333333333,2.8418,3.2474,3.2893,3.292,3.2929,3.3309
21.05,2.8418,3.2474,3.2893,3.292,3.2929,3.3309
21.0666666666667,2.842,3.2474,3.2893,3.292,3.2929,3.3309
21.0833333333333,2.842,3.2474,3.2893,3.292,3.2929,3.3309
21.1,2.842,3.2474,3.2893,3.292,3.2929,3.3309
21.1166666666667,2.842,3.2474,3.2893,3.292,3.2929,3.3309
21.1333333333333,2.842,3.2474,3.2893,3.291,3.2929,3.3309
21.15,2.842,3.2474,3.2893,3.292,3.2929,3.3309
21.1666666666667,2.8421,3.2474,3.2893,3.292,3.2929,3.3309
21.1833333333333,2.8421,3.2474,3.2893,3.292,3.2929,3.3309
21.2,2.8421,3.2474,3.2893,3.292,3.2929,3.3309
21.2166666666667,2.8421,3.2474,3.2893,3.292,3.2929,3.3309
21.2333333333333,2.8423,3.2474,3.2893,3.292,3.2929,3.3309
21.25,2.8423,3.2474,3.2893,3.292,3.2929,3.3309
21.2666666666667,2.8423,3.2474,3.2893,3.292,3.2929,3.3309
21.2833333333333,2.8423,3.2474,3.2893,3.292,3.2929,3.3309
21.3,2.8424,3.2474,3.2893,3.292,3.2929,3.3309
21.3166666666667,2.8424,3.2474,3.2893,3.292,3.2929,3.3309
21.3333333333333,2.8424,3.2474,3.2893,3.292,3.2929,3.3309
21.35,2.8424,3.2474,3.2893,3.292,3.2929,3.3309
21.3666666666667,2.8426,3.2474,3.2893,3.292,3.2929,3.3309
21.3833333333333,2.8426,3.2474,3.2893,3.292,3.2929,3.3309
21.4,2.8426,3.2474,3.2893,3.292,3.2929,3.3309
21.4166666666667,2.8426,3.2474,3.2893,3.292,3.2929,3.3309
21.4333333333333,2.8426,3.2474,3.2893,3.292,3.2929,3.3309
21.45,2.8426,3.2474,3.2893,3.292,3.2929,3.3309
21.4666666666667,2.8427,3.2474,3.2893,3.292,3.2929,3.3309
21.4833333333333,2.8427,3.2474,3.2893,3.292,3.2929,3.3309
21.5,2.8427,3.2474,3.2893,3.292,3.2929,3.3309
21.5166666666667,2.8427,3.2474,3.2893,3.292,3.2929,3.3309
21.5333333333333,2.8429,3.2474,3.2893,3.292,3.2929,3.3309
21.55,2.8429,3.2474,3.2893,3.292,3.2929,3.3309
21.5666666666667,2.8429,3.2474,3.2893,3.292,3.2929,3.3309
21.5833333333333,2.8429,3.2474,3.2893,3.292,3.2929,3.3309
21.6,2.8429,3.2474,3.2893,3.292,3.2929,3.3309
21.6166666666667,2.8429,3.2474,3.2893,3.292,3.2929,3.3309
21.6333333333333,2.8431,3.2474,3.2893,3.292,3.2929,3.3309
21.65,2.8431,3.2474,3.2893,3.292,3.2929,3.3309
21.6666666666667,2.8431,3.2474,3.2893,3.292,3.2929,3.3309
21.6833333333333,2.8431,3.2474,3.2893,3.292,3.2929,3.3309
21.7,2.8432,3.2475,3.2893,3.292,3.2929,3.3309
21.7166666666667,2.8432,3.2475,3.2893,3.292,3.2929,3.3309
21.7333333333333,2.8432,3.2475,3.2893,3.292,3.2929,3.3309
21.75,2.8432,3.2475,3.2893,3.292,3.2929,3.3309
21.7666666666667,2.8432,3.2474,3.2893,3.292,3.2929,3.3309
21.7833333333333,2.8432,3.2474,3.2893,3.292,3.2929,3.3309
21.8,2.8434,3.2475,3.2893,3.292,3.2929,3.3309
21.8166666666667,2.8434,3.2475,3.2893,3.292,3.2929,3.3309
21.8333333333333,2.8434,3.2475,3.2893,3.292,3.2929,3.3309
21.85,2.8434,3.2475,3.2893,3.292,3.2929,3.3309
21.8666666666667,2.8435,3.2475,3.2893,3.292,3.2929,3.3309
21.8833333333333,2.8435,3.2475,3.2893,3.292,3.2929,3.3309
21.9,2.8435,3.2475,3.2893,3.292,3.2929,3.3309
21.9166666666667,2.8435,3.2475,3.2893,3.292,3.2929,3.3309
21.9333333333333,2.8435,3.2475,3.2893,3.292,3.2929,3.3309
21.95,2.8435,3.2475,3.2893,3.292,3.2929,3.3309
21.9666666666667,2.8437,3.2475,3.2893,3.292,3.2929,3.3309
21.9833333333333,2.8437,3.2475,3.2893,3.292,3.2929,3.3309
22,2.8437,3.2475,3.2893,3.292,3.2929,3.3309
22.0166666666667,2.8437,3.2475,3.2893,3.292,3.2929,3.3309
22.0333333333333,2.8438,3.2475,3.2893,3.292,3.2929,3.3309
22.05,2.8438,3.2475,3.2893,3.292,3.2929,3.3309
22.0666666666667,2.8438,3.2475,3.2893,3.292,3.2929,3.3309
22.0833333333333,2.8438,3.2475,3.2893,3.292,3.2929,3.3309
22.1,2.8438,3.2475,3.2893,3.292,3.2929,3.3309
22.1166666666667,2.8438,3.2475,3.2893,3.292,3.2929,3.3309
22.1333333333333,2.844,3.2475,3.2893,3.292,3.2929,3.3309
22.15,2.844,3.2475,3.2893,3.292,3.2929,3.3309
22.1666666666667,2.844,3.2475,3.2893,3.292,3.2929,3.3309
22.1833333333333,2.844,3.2475,3.2893,3.292,3.2929,3.3309
22.2,2.8442,3.2475,3.2893,3.292,3.2929,3.3309
22.2166666666667,2.8442,3.2475,3.2893,3.292,3.2929,3.3309
22.2333333333333,2.8442,3.2475,3.2893,3.292,3.2929,3.3309
22.25,2.8442,3.2475,3.2893,3.292,3.2929,3.3309
22.2666666666667,2.8442,3.2475,3.2893,3.292,3.2929,3.3309
22.2833333333333,2.8442,3.2475,3.2893,3.292,3.2929,3.3309
22.3,2.8443,3.2475,3.2893,3.292,3.2929,3.3309
22.3166666666667,2.8443,3.2475,3.2893,3.292,3.2929,3.3309
22.3333333333333,2.8443,3.2475,3.2893,3.292,3.2929,3.3309
22.35,2.8443,3.2475,3.2893,3.292,3.2929,3.3309
22.3666666666667,2.8445,3.2475,3.2893,3.292,3.2929,3.3309
22.3833333333333,2.8445,3.2475,3.2893,3.292,3.2929,3.3309
22.4,2.8445,3.2475,3.2894,3.292,3.2929,3.3309
22.4166666666667,2.8445,3.2475,3.2894,3.292,3.2929,3.3309
22.4333333333333,2.8445,3.2475,3.2893,3.292,3.2929,3.3309
22.45,2.8445,3.2475,3.2893,3.292,3.2929,3.3309
22.4666666666667,2.8446,3.2475,3.2893,3.292,3.2929,3.3309
22.4833333333333,2.8446,3.2475,3.2893,3.292,3.2929,3.3309
22.5,2.8446,3.2475,3.2893,3.292,3.2929,3.3309
22.5166666666667,2.8446,3.2475,3.2893,3.292,3.2929,3.3309
22.5333333333333,2.8446,3.2475,3.2893,3.292,3.2929,3.3309
22.55,2.8446,3.2475,3.2893,3.292,3.2929,3.3309
22.5666666666667,2.8448,3.2475,3.2893,3.292,3.2929,3.3309
22.5833333333333,2.8448,3.2475,3.2893,3.292,3.2929,3.3309
22.6,2.8448,3.2475,3.2893,3.292,3.2929,3.331
22.6166666666667,2.8448,3.2475,3.2893,3.292,3.2929,3.331
22.6333333333333,2.8449,3.2475,3.2894,3.292,3.2929,3.3309
22.65,2.8449,3.2475,3.2894,3.292,3.2929,3.3309
22.6666666666667,2.8449,3.2475,3.2893,3.292,3.2929,3.3309
22.6833333333333,2.8449,3.2475,3.2893,3.292,3.2929,3.3309
22.7,2.8449,3.2475,3.2893,3.292,3.2929,3.3309
22.7166666666667,2.8449,3.2475,3.2893,3.292,3.2929,3.3309
22.7333333333333,2.8451,3.2475,3.2893,3.292,3.2929,3.3309
22.75,2.8451,3.2475,3.2893,3.292,3.2929,3.3309
22.7666666666667,2.8451,3.2475,3.2894,3.292,3.2929,3.3309
22.7833333333333,2.8451,3.2475,3.2894,3.292,3.2929,3.3309
22.8,2.8451,3.2475,3.2894,3.292,3.2929,3.331
22.8166666666667,2.8451,3.2475,3.2894,3.292,3.2929,3.331
22.8333333333333,2.8452,3.2475,3.2894,3.292,3.2929,3.3309
22.85,2.8452,3.2475,3.2894,3.292,3.2929,3.3309
22.8666666666667,2.8452,3.2475,3.2894,3.292,3.2929,3.3309
22.8833333333333,2.8452,3.2475,3.2894,3.292,3.2929,3.3309
22.9,2.8454,3.2475,3.2894,3.292,3.2929,3.3309
22.9166666666667,2.8454,3.2475,3.2894,3.292,3.2929,3.3309
22.9333333333333,2.8454,3.2475,3.2894,3.292,3.2929,3.3309
22.95,2.8454,3.2475,3.2894,3.292,3.2929,3.3309
22.9666666666667,2.8454,3.2475,3.2894,3.292,3.2929,3.3309
22.9833333333333,2.8454,3.2475,3.2894,3.292,3.2929,3.3309
23,2.8456,3.2475,3.2894,3.292,3.2929,3.3309
23.0166666666667,2.8456,3.2475,3.2894,3.292,3.2929,3.3309
23.0333333333333,2.8456,3.2475,3.2894,3.292,3.2929,3.3309
23.05,2.8456,3.2475,3.2894,3.292,3.2929,3.3309
23.0666666666667,2.8457,3.2475,3.2894,3.291,3.2929,3.3309
23.0833333333333,2.8457,3.2475,3.2894,3.292,3.2929,3.3309
23.1,2.8457,3.2475,3.2894,3.292,3.2929,3.3309
23.1166666666667,2.8457,3.2475,3.2894,3.292,3.2929,3.3309
23.1333333333333,2.8457,3.2475,3.2894,3.292,3.2929,3.3309
23.15,2.8457,3.2475,3.2894,3.292,3.2929,3.3309
23.1666666666667,2.8459,3.2475,3.2894,3.292,3.2929,3.3309
23.1833333333333,2.8459,3.2475,3.2894,3.292,3.2929,3.3309
23.2,2.8459,3.2477,3.2894,3.292,3.2929,3.3309
23.2166666666667,2.8459,3.2477,3.2894,3.292,3.2929,3.3309
23.2333333333333,2.8459,3.2477,3.2894,3.292,3.2929,3.3309
23.25,2.8459,3.2477,3.2894,3.292,3.2929,3.3309
23.2666666666667,2.846,3.2477,3.2894,3.292,3.2929,3.3309
23.2833333333333,2.846,3.2477,3.2894,3.292,3.2929,3.3309
23.3,2.846,3.2477,3.2894,3.292,3.2929,3.3309
23.3166666666667,2.846,3.2477,3.2894,3.292,3.2929,3.3309
23.3333333333333,2.8462,3.2477,3.2894,3.292,3.2929,3.3309
23.35,2.8462,3.2477,3.2894,3.292,3.2929,3.3309
23.3666666666667,2.8462,3.2477,3.2894,3.292,3.2929,3.3309
23.3833333333333,2.8462,3.2477,3.2894,3.292,3.2929,3.3309
23.4,2.8462,3.2477,3.2894,3.292,3.2929,3.3309
23.4166666666667,2.8462,3.2477,3.2894,3.292,3.2929,3.3309
23.4333333333333,2.8463,3.2477,3.2894,3.292,3.2929,3.3309
23.45,2.8463,3.2477,3.2894,3.292,3.2929,3.3309
23.4666666666667,2.8463,3.2477,3.2894,3.292,3.2929,3.3309
23.4833333333333,2.8463,3.2477,3.2894,3.292,3.2929,3.3309
23.5,2.8463,3.2477,3.2894,3.292,3.2929,3.3309
23.5166666666667,2.8463,3.2477,3.2894,3.292,3.2929,3.3309
23.5333333333333,2.8465,3.2477,3.2894,3.292,3.2929,3.3309
23.55,2.8465,3.2477,3.2894,3.292,3.2929,3.3309
23.5666666666667,2.8465,3.2477,3.2894,3.292,3.2929,3.3309
23.5833333333333,2.8465,3.2477,3.2894,3.292,3.2929,3.3309
23.6,2.8466,3.2477,3.2894,3.292,3.2929,3.3309
23.6166666666667,2.8466,3.2477,3.2894,3.292,3.2929,3.3309
23.6333333333333,2.8466,3.2477,3.2894,3.292,3.2929,3.3309
23.65,2.8466,3.2477,3.2894,3.292,3.2929,3.3309
23.6666666666667,2.8466,3.2477,3.2894,3.292,3.2929,3.3309
23.6833333333333,2.8466,3.2477,3.2894,3.292,3.2929,3.3309
23.7,2.8468,3.2477,3.2894,3.292,3.2929,3.3309
23.7166666666667,2.8468,3.2477,3.2894,3.292,3.2929,3.3309
23.7333333333333,2.8468,3.2477,3.2894,3.292,3.2929,3.3309
23.75,2.8468,3.2477,3.2894,3.292,3.2929,3.3309
23.7666666666667,2.8468,3.2477,3.2894,3.292,3.2929,3.3309
23.7833333333333,2.8468,3.2477,3.2894,3.292,3.2929,3.3309
23.8,2.847,3.2477,3.2894,3.292,3.2929,3.3309
23.8166666666667,2.847,3.2477,3.2894,3.292,3.2929,3.3309
23.8333333333333,2.847,3.2477,3.2894,3.292,3.2929,3.3309
23.85,2.847,3.2477,3.2894,3.292,3.2929,3.3309
23.8666666666667,2.847,3.2477,3.2894,3.292,3.2929,3.3309
23.8833333333333,2.847,3.2477,3.2894,3.292,3.2929,3.3309
23.9,2.8471,3.2477,3.2894,3.292,3.2929,3.3309
23.9166666666667,2.8471,3.2477,3.2894,3.292,3.2929,3.3309
23.9333333333333,2.8471,3.2477,3.2894,3.292,3.2929,3.3309
23.95,2.8471,3.2477,3.2894,3.292,3.2929,3.3309
23.9666666666667,2.8473,3.2477,3.2894,3.292,3.2929,3.3309
23.9833333333333,2.8473,3.2477,3.2894,3.292,3.2929,3.3309
24,2.8473,3.2477,3.2894,3.292,3.2929,3.3309
