Timestamp [h],BATT_005_OCV_V_00-SOC
0,3.003
0.0166666666666667,3.101112
0.0333333333333333,3.125
0.05,3.142
0.0666666666666667,3.155583
0.0833333333333333,3.167
0.1,3.176552
0.116666666666667,3.185467
0.133333333333333,3.193514
0.15,3.201
0.166666666666667,3.208
0.183333333333333,3.214
0.2,3.22
0.216666666666667,3.225
0.233333333333333,3.23041
0.25,3.235391
0.266666666666667,3.240379
0.283333333333333,3.245
0.3,3.249
0.316666666666667,3.253
0.333333333333333,3.257
0.35,3.260711
0.366666666666667,3.264
0.383333333333333,3.267
0.4,3.271
0.416666666666667,3.274
0.433333333333333,3.277
0.45,3.28
0.466666666666667,3.283
0.483333333333333,3.286
0.5,3.289
0.516666666666667,3.291871
0.533333333333333,3.294
0.55,3.297
0.566666666666667,3.299
0.583333333333333,3.302
0.6,3.304
0.616666666666667,3.306
0.633333333333333,3.308025
0.65,3.311
0.666666666666667,3.313
0.683333333333333,3.315979
0.7,3.317958
0.716666666666667,3.31906
0.733333333333333,3.322
0.75,3.324
0.766666666666667,3.326
0.783333333333333,3.328
0.8,3.33
0.816666666666667,3.332
0.833333333333333,3.333815
0.85,3.335
0.866666666666667,3.337213
0.883333333333333,3.339
0.9,3.341
0.916666666666667,3.343
0.933333333333333,3.344281
0.95,3.346
0.966666666666667,3.347685
0.983333333333333,3.349337
1,3.351
1.01666666666667,3.353
1.03333333333333,3.355
1.05,3.356
1.06666666666667,3.357421
1.08333333333333,3.359
1.1,3.361
1.11666666666667,3.362
1.13333333333333,3.364
1.15,3.365
1.16666666666667,3.366
1.18333333333333,3.368
1.2,3.36945
1.21666666666667,3.371
1.23333333333333,3.372
1.25,3.373599
1.26666666666667,3.375
1.28333333333333,3.376
1.3,3.378
1.31666666666667,3.379
1.33333333333333,3.38
1.35,3.382
1.36666666666667,3.383
1.38333333333333,3.384
1.4,3.385
1.41666666666667,3.386237
1.43333333333333,3.388
1.45,3.389
1.46666666666667,3.39
1.48333333333333,3.391
1.5,3.392172
1.51666666666667,3.394
1.53333333333333,3.394144
1.55,3.396
1.56666666666667,3.397
1.58333333333333,3.398
1.6,3.399
1.61666666666667,3.4
1.63333333333333,3.401
1.65,3.402993
1.66666666666667,3.403
1.68333333333333,3.404
1.7,3.405
1.71666666666667,3.406942
1.73333333333333,3.407074
1.75,3.408
1.76666666666667,3.409
1.78333333333333,3.41
1.8,3.411
1.81666666666667,3.412
1.83333333333333,3.413
1.85,3.414
1.86666666666667,3.415
1.88333333333333,3.415775
1.9,3.417
1.91666666666667,3.418
1.93333333333333,3.418722
1.95,3.419
1.96666666666667,3.42
1.98333333333333,3.421
2,3.422
2.01666666666667,3.423
2.03333333333333,3.424
2.05,3.424
2.06666666666667,3.425
2.08333333333333,3.426
2.1,3.427
2.11666666666667,3.427535
2.13333333333333,3.428
2.15,3.429
2.16666666666667,3.43
2.18333333333333,3.431
2.2,3.431438
2.21666666666667,3.432
2.23333333333333,3.433
2.25,3.434
2.26666666666667,3.434
2.28333333333333,3.435
2.3,3.436
2.31666666666667,3.437
2.33333333333333,3.437
2.35,3.438
2.36666666666667,3.43827
2.38333333333333,3.439
2.4,3.44
2.41666666666667,3.441
2.43333333333333,3.441206
2.45,3.442
2.46666666666667,3.442
2.48333333333333,3.443
2.5,3.444
2.51666666666667,3.444
2.53333333333333,3.445
2.55,3.446
2.56666666666667,3.446
2.58333333333333,3.447
2.6,3.447026
2.61666666666667,3.448
2.63333333333333,3.448992
2.65,3.449973
2.66666666666667,3.45
2.68333333333333,3.45
2.7,3.451
2.71666666666667,3.45191
2.73333333333333,3.452
2.75,3.452881
2.76666666666667,3.45313
2.78333333333333,3.454
2.8,3.454158
2.81666666666667,3.455
2.83333333333333,3.455
2.85,3.456
2.86666666666667,3.456
2.88333333333333,3.457
2.9,3.457744
2.91666666666667,3.458
2.93333333333333,3.458706
2.95,3.459
2.96666666666667,3.459335
2.98333333333333,3.46
3,3.46
3.01666666666667,3.461
3.03333333333333,3.461
3.05,3.462
3.06666666666667,3.462429
3.08333333333333,3.463
3.1,3.463535
3.11666666666667,3.464
3.13333333333333,3.464
3.15,3.465
3.16666666666667,3.465446
3.18333333333333,3.466
3.2,3.466
3.21666666666667,3.467
3.23333333333333,3.467
3.25,3.468
3.26666666666667,3.468
3.28333333333333,3.468675
3.3,3.469
3.31666666666667,3.469
3.33333333333333,3.47
3.35,3.47
3.36666666666667,3.471
3.38333333333333,3.471
3.4,3.471791
3.41666666666667,3.472
3.43333333333333,3.473
3.45,3.473
3.46666666666667,3.473
3.48333333333333,3.474
3.5,3.474
3.51666666666667,3.474088
3.53333333333333,3.475
3.55,3.475
3.56666666666667,3.475963
3.58333333333333,3.476
3.6,3.476
3.61666666666667,3.477
3.63333333333333,3.477
3.65,3.477954
3.66666666666667,3.478
3.68333333333333,3.478
3.7,3.479
3.71666666666667,3.479
3.73333333333333,3.479855
3.75,3.48
3.76666666666667,3.48
3.78333333333333,3.48
3.8,3.481
3.81666666666667,3.481231
3.83333333333333,3.482
3.85,3.482
3.86666666666667,3.482
3.88333333333333,3.483
3.9,3.483
3.91666666666667,3.483328
3.93333333333333,3.484
3.95,3.484
3.96666666666667,3.485
3.98333333333333,3.485
4,3.485
4.01666666666667,3.485432
4.03333333333333,3.486
4.05,3.486
4.06666666666667,3.486
4.08333333333333,3.486503
4.1,3.487
4.11666666666667,3.487
4.13333333333333,3.488
4.15,3.488
4.16666666666667,3.488428
4.18333333333333,3.489
4.2,3.489
4.21666666666667,3.489
4.23333333333333,3.49
4.25,3.49
4.26666666666667,3.49
4.28333333333333,3.491
4.3,3.491
4.31666666666667,3.491
4.33333333333333,3.491
4.35,3.492
4.36666666666667,3.492
4.38333333333333,3.493
4.4,3.493
4.41666666666667,3.493
4.43333333333333,3.493158
4.45,3.494
4.46666666666667,3.494
4.48333333333333,3.494
4.5,3.494
4.51666666666667,3.494945
4.53333333333333,3.495
4.55,3.495
4.56666666666667,3.495006
4.58333333333333,3.496
4.6,3.496966
4.61666666666667,3.496947
4.63333333333333,3.496928
4.65,3.497
4.66666666666667,3.497
4.68333333333333,3.498
4.7,3.498
4.71666666666667,3.498
4.73333333333333,3.498
4.75,3.499
4.76666666666667,3.499
4.78333333333333,3.499
4.8,3.499756
4.81666666666667,3.499256
4.83333333333333,3.5
4.85,3.5
4.86666666666667,3.500695
4.88333333333333,3.501
4.9,3.501
4.91666666666667,3.501
4.93333333333333,3.501
4.95,3.501
4.96666666666667,3.501412
4.98333333333333,3.502
5,3.502549
5.01666666666667,3.503
5.03333333333333,3.503
5.05,3.503
5.06666666666667,3.503
5.08333333333333,3.50347
5.1,3.504
5.11666666666667,3.504
5.13333333333333,3.504
5.15,3.504
5.16666666666667,3.504369
5.18333333333333,3.505
5.2,3.50534
5.21666666666667,3.505
5.23333333333333,3.505315
5.25,3.506
5.26666666666667,3.506
5.28333333333333,3.506
5.3,3.506236
5.31666666666667,3.507
5.33333333333333,3.507
5.35,3.507
5.36666666666667,3.507
5.38333333333333,3.508
5.4,3.508
5.41666666666667,3.508
5.43333333333333,3.508
5.45,3.508
5.46666666666667,3.508935
5.48333333333333,3.508049
5.5,3.509
5.51666666666667,3.509
5.53333333333333,3.509
5.55,3.509015
5.56666666666667,3.51
5.58333333333333,3.51
5.6,3.51
5.61666666666667,3.51
5.63333333333333,3.511
5.65,3.510112
5.66666666666667,3.511
5.68333333333333,3.511
5.7,3.511153
5.71666666666667,3.512
5.73333333333333,3.512
5.75,3.512
5.76666666666667,3.512
5.78333333333333,3.512
5.8,3.512754
5.81666666666667,3.512
5.83333333333333,3.513
5.85,3.513
5.86666666666667,3.513
5.88333333333333,3.513326
5.9,3.513661
5.91666666666667,3.513647
5.93333333333333,3.514
5.95,3.514
5.96666666666667,3.514
5.98333333333333,3.514
6,3.514437
6.01666666666667,3.515
6.03333333333333,3.515
6.05,3.515
6.06666666666667,3.515
6.08333333333333,3.515
6.1,3.515461
6.11666666666667,3.516
6.13333333333333,3.516
6.15,3.516
6.16666666666667,3.5164
6.18333333333333,3.516
6.2,3.517
6.21666666666667,3.517
6.23333333333333,3.517
6.25,3.517
6.26666666666667,3.517295
6.28333333333333,3.518
6.3,3.518
6.31666666666667,3.518
6.33333333333333,3.518
6.35,3.518
6.36666666666667,3.518
6.38333333333333,3.518
6.4,3.518149
6.41666666666667,3.519
6.43333333333333,3.519
6.45,3.519
6.46666666666667,3.519
6.48333333333333,3.519
6.5,3.519
6.51666666666667,3.519031
6.53333333333333,3.519003
6.55,3.52
6.56666666666667,3.519035
6.58333333333333,3.52
6.6,3.52
6.61666666666667,3.520909
6.63333333333333,3.521
6.65,3.521
6.66666666666667,3.521
6.68333333333333,3.521
6.7,3.521
6.71666666666667,3.521
6.73333333333333,3.5218
6.75,3.521221
6.76666666666667,3.522
6.78333333333333,3.522
6.8,3.522
6.81666666666667,3.522
6.83333333333333,3.522
6.85,3.522
6.86666666666667,3.522
6.88333333333333,3.522353
6.9,3.522631
6.91666666666667,3.522613
6.93333333333333,3.523
6.95,3.523
6.96666666666667,3.523
6.98333333333333,3.523
7,3.523
7.01666666666667,3.524
7.03333333333333,3.524
7.05,3.524
7.06666666666667,3.524
7.08333333333333,3.524
7.1,3.524
7.11666666666667,3.524
7.13333333333333,3.524622
7.15,3.525
7.16666666666667,3.525
7.18333333333333,3.525
7.2,3.525
7.21666666666667,3.525
7.23333333333333,3.525
7.25,3.525224
7.26666666666667,3.525
7.28333333333333,3.525191
7.3,3.525173
7.31666666666667,3.526
7.33333333333333,3.526
7.35,3.526
7.36666666666667,3.526
7.38333333333333,3.526097
7.4,3.526
7.41666666666667,3.526057
7.43333333333333,3.527
7.45,3.526994
7.46666666666667,3.527
7.48333333333333,3.527
7.5,3.527
7.51666666666667,3.527
7.53333333333333,3.527
7.55,3.527886
7.56666666666667,3.527867
7.58333333333333,3.527156
7.6,3.527829
7.61666666666667,3.528
7.63333333333333,3.528
7.65,3.528
7.66666666666667,3.528
7.68333333333333,3.528
7.7,3.528
7.71666666666667,3.528
7.73333333333333,3.528331
7.75,3.529
7.76666666666667,3.529
7.78333333333333,3.529
7.8,3.529
7.81666666666667,3.529
7.83333333333333,3.529
7.85,3.529
7.86666666666667,3.529
7.88333333333333,3.529
7.9,3.53
7.91666666666667,3.53
7.93333333333333,3.53
7.95,3.53
7.96666666666667,3.53
7.98333333333333,3.53
8,3.53
8.01666666666667,3.53
8.03333333333333,3.53
8.05,3.530285
8.06666666666667,3.530736
8.08333333333333,3.530758
8.1,3.530777
8.11666666666667,3.531
8.13333333333333,3.531
8.15,3.531
8.16666666666667,3.531
8.18333333333333,3.531
8.2,3.53189
8.21666666666667,3.531
8.23333333333333,3.532
8.25,3.531053
8.26666666666667,3.532
8.28333333333333,3.532
8.3,3.532
8.31666666666667,3.532
8.33333333333333,3.532
8.35,3.532
8.36666666666667,3.532
8.38333333333333,3.532
8.4,3.532
8.41666666666667,3.532
8.43333333333333,3.532
8.45,3.53219
8.46666666666667,3.532797
8.48333333333333,3.533
8.5,3.533
8.51666666666667,3.533
8.53333333333333,3.533
8.55,3.533
8.56666666666667,3.533
8.58333333333333,3.532655
8.6,3.533
8.61666666666667,3.533
8.63333333333333,3.533
8.65,3.533
8.66666666666667,3.533
8.68333333333333,3.533
8.7,3.533
8.71666666666667,3.533498
8.73333333333333,3.533526
8.75,3.533
8.76666666666667,3.533
8.78333333333333,3.533
8.8,3.533
8.81666666666667,3.533
8.83333333333333,3.533641
8.85,3.53366
8.86666666666667,3.534
8.88333333333333,3.534
8.9,3.533285
8.91666666666667,3.534
8.93333333333333,3.533244
8.95,3.534
8.96666666666667,3.533195
8.98333333333333,3.534
9,3.53384
9.01666666666667,3.533863
9.03333333333333,3.534
9.05,3.534
9.06666666666667,3.534
9.08333333333333,3.534
9.1,3.534
9.11666666666667,3.534
9.13333333333333,3.534
9.15,3.534
9.16666666666667,3.534036
9.18333333333333,3.534052
9.2,3.534924
9.21666666666667,3.534
9.23333333333333,3.534113
9.25,3.534869
9.26666666666667,3.534148
9.28333333333333,3.534831
9.3,3.534813
9.31666666666667,3.534796
9.33333333333333,3.534776
9.35,3.535
9.36666666666667,3.535
9.38333333333333,3.534288
9.4,3.535
9.41666666666667,3.535667
9.43333333333333,3.535
9.45,3.535368
9.46666666666667,3.535615
9.48333333333333,3.535396
9.5,3.536
9.51666666666667,3.535
9.53333333333333,3.536
9.55,3.535539
9.56666666666667,3.53548
9.58333333333333,3.536
9.6,3.536
9.61666666666667,3.536474
9.63333333333333,3.536
9.65,3.536
9.66666666666667,3.53557
9.68333333333333,3.536413
9.7,3.536
9.71666666666667,3.536387
9.73333333333333,3.536375
9.75,3.537
9.76666666666667,3.537
9.78333333333333,3.537
9.8,3.536299
9.81666666666667,3.537
9.83333333333333,3.537
9.85,3.537
9.86666666666667,3.537234
9.88333333333333,3.537
9.9,3.537
9.91666666666667,3.537
9.93333333333333,3.537
9.95,3.537
9.96666666666667,3.537
9.98333333333333,3.538
10,3.537
10.0166666666667,3.538
10.0333333333333,3.537081
10.05,3.538
10.0666666666667,3.538
10.0833333333333,3.538
10.1,3.539
10.1166666666667,3.538994
10.1333333333333,3.539
10.15,3.539
10.1666666666667,3.539
10.1833333333333,3.539
10.2,3.539
10.2166666666667,3.539105
10.2333333333333,3.54
10.25,3.539854
10.2666666666667,3.54
10.2833333333333,3.54
10.3,3.54
10.3166666666667,3.54
10.3333333333333,3.54
10.35,3.540774
10.3666666666667,3.54
10.3833333333333,3.540253
10.4,3.540267
10.4166666666667,3.540712
10.4333333333333,3.540697
10.45,3.541
10.4666666666667,3.541
10.4833333333333,3.541
10.5,3.541
10.5166666666667,3.541599
10.5333333333333,3.541
10.55,3.541438
10.5666666666667,3.541
10.5833333333333,3.541
10.6,3.542
10.6166666666667,3.541504
10.6333333333333,3.541479
10.65,3.542
10.6666666666667,3.542
10.6833333333333,3.542
10.7,3.542
10.7166666666667,3.542
10.7333333333333,3.542
10.75,3.542655
10.7666666666667,3.542
10.7833333333333,3.542
10.8,3.543
10.8166666666667,3.543
10.8333333333333,3.543
10.85,3.543
10.8666666666667,3.543
10.8833333333333,3.543
10.9,3.543
10.9166666666667,3.543
10.9333333333333,3.543
10.95,3.543
10.9666666666667,3.543924
10.9833333333333,3.543938
11,3.543
11.0166666666667,3.543
11.0333333333333,3.543993
11.05,3.543986
11.0666666666667,3.543031
11.0833333333333,3.544
11.1,3.544
11.1166666666667,3.544
11.1333333333333,3.544
11.15,3.544
11.1666666666667,3.544
11.1833333333333,3.544
11.2,3.544
11.2166666666667,3.544776
11.2333333333333,3.544
11.25,3.544743
11.2666666666667,3.544722
11.2833333333333,3.545
11.3,3.544683
11.3166666666667,3.545
11.3333333333333,3.545
11.35,3.545
11.3666666666667,3.545
11.3833333333333,3.545
11.4,3.544569
11.4166666666667,3.545
11.4333333333333,3.545
11.45,3.54551
11.4666666666667,3.545504
11.4833333333333,3.546
11.5,3.545
11.5166666666667,3.546
11.5333333333333,3.546
11.55,3.54541
11.5666666666667,3.546
11.5833333333333,3.546
11.6,3.546
11.6166666666667,3.546
11.6333333333333,3.546
11.65,3.546
11.6666666666667,3.546
11.6833333333333,3.546
11.7,3.546
11.7166666666667,3.546
11.7333333333333,3.546
11.75,3.546
11.7666666666667,3.546
11.7833333333333,3.546
11.8,3.546116
11.8166666666667,3.546
11.8333333333333,3.547
11.85,3.546057
11.8666666666667,3.546038
11.8833333333333,3.546014
11.9,3.547
11.9166666666667,3.547
11.9333333333333,3.547
11.95,3.547
11.9666666666667,3.547
11.9833333333333,3.547
12,3.547
12.0166666666667,3.547
12.0333333333333,3.547
12.05,3.547841
12.0666666666667,3.547824
12.0833333333333,3.547197
12.1,3.547788
12.1166666666667,3.54723
12.1333333333333,3.548
12.15,3.548
12.1666666666667,3.547276
12.1833333333333,3.548
12.2,3.548
12.2166666666667,3.548
12.2333333333333,3.548
12.25,3.548
12.2666666666667,3.548
12.2833333333333,3.548407
12.3,3.548
12.3166666666667,3.548443
12.3333333333333,3.548
12.35,3.548
12.3666666666667,3.54851
12.3833333333333,3.548493
12.4,3.549
12.4166666666667,3.549
12.4333333333333,3.549
12.45,3.549
12.4666666666667,3.548413
12.4833333333333,3.549
12.5,3.549
12.5166666666667,3.549
12.5333333333333,3.549
12.55,3.549
12.5666666666667,3.549
12.5833333333333,3.549
12.6,3.549
12.6166666666667,3.549266
12.6333333333333,3.549754
12.65,3.549
12.6666666666667,3.55
12.6833333333333,3.549191
12.7,3.549168
12.7166666666667,3.549151
12.7333333333333,3.55
12.75,3.549881
12.7666666666667,3.549098
12.7833333333333,3.55
12.8,3.55
12.8166666666667,3.55
12.8333333333333,3.55
12.85,3.550994
12.8666666666667,3.55
12.8833333333333,3.55
12.9,3.55
12.9166666666667,3.55
12.9333333333333,3.55
12.95,3.55
12.9666666666667,3.55
12.9833333333333,3.550893
13,3.551
13.0166666666667,3.55
13.0333333333333,3.551
13.05,3.550152
13.0666666666667,3.550838
13.0833333333333,3.550827
13.1,3.551
13.1166666666667,3.551
13.1333333333333,3.551
13.15,3.551
13.1666666666667,3.551
13.1833333333333,3.551
13.2,3.551
13.2166666666667,3.551
13.2333333333333,3.551
13.25,3.551
13.2666666666667,3.551
13.2833333333333,3.551
13.3,3.551
13.3166666666667,3.551603
13.3333333333333,3.551
13.35,3.55158
13.3666666666667,3.551433
13.3833333333333,3.551557
13.4,3.552
13.4166666666667,3.55147
13.4333333333333,3.552
13.45,3.552
13.4666666666667,3.552
13.4833333333333,3.552
13.5,3.552
13.5166666666667,3.552
13.5333333333333,3.552
13.55,3.552
13.5666666666667,3.552
13.5833333333333,3.552626
13.6,3.552356
13.6166666666667,3.552336
13.6333333333333,3.552
13.65,3.552
13.6666666666667,3.552297
13.6833333333333,3.552
13.7,3.552731
13.7166666666667,3.553
13.7333333333333,3.55276
13.75,3.552221
13.7666666666667,3.552793
13.7833333333333,3.553
13.8,3.553
13.8166666666667,3.553
13.8333333333333,3.553
13.85,3.553
13.8666666666667,3.553
13.8833333333333,3.553
13.9,3.553
13.9166666666667,3.553
13.9333333333333,3.553
13.95,3.553
13.9666666666667,3.553
13.9833333333333,3.553004
14,3.553
14.0166666666667,3.553967
14.0333333333333,3.553
14.05,3.553
14.0666666666667,3.554
14.0833333333333,3.553097
14.1,3.553882
14.1166666666667,3.554
14.1333333333333,3.553156
14.15,3.553172
14.1666666666667,3.554
14.1833333333333,3.554
14.2,3.554
14.2166666666667,3.554
14.2333333333333,3.554
14.25,3.554
14.2666666666667,3.554
14.2833333333333,3.554
14.3,3.554689
14.3166666666667,3.554679
14.3333333333333,3.554658
14.35,3.554
14.3666666666667,3.554636
14.3833333333333,3.554614
14.4,3.554404
14.4166666666667,3.554423
14.4333333333333,3.554443
14.45,3.554538
14.4666666666667,3.555
14.4833333333333,3.555
14.5,3.555
14.5166666666667,3.555
14.5333333333333,3.555
14.55,3.555
14.5666666666667,3.555
14.5833333333333,3.555
14.6,3.555
14.6166666666667,3.555
14.6333333333333,3.555
14.65,3.555
14.6666666666667,3.555
14.6833333333333,3.555
14.7,3.555298
14.7166666666667,3.555
14.7333333333333,3.555
14.75,3.555
14.7666666666667,3.555
14.7833333333333,3.555
14.8,3.555809
14.8166666666667,3.555174
14.8333333333333,3.556
14.85,3.55514
14.8666666666667,3.555
14.8833333333333,3.556
14.9,3.555904
14.9166666666667,3.556
14.9333333333333,3.556
14.95,3.556
14.9666666666667,3.556
14.9833333333333,3.556
15,3.556
15.0166666666667,3.555975
15.0333333333333,3.556
15.05,3.556
15.0666666666667,3.556
15.0833333333333,3.556
15.1,3.556
15.1166666666667,3.556
15.1333333333333,3.556
15.15,3.556
15.1666666666667,3.55619
15.1833333333333,3.556
15.2,3.556784
15.2166666666667,3.557
15.2333333333333,3.556258
15.25,3.557
15.2666666666667,3.556706
15.2833333333333,3.557
15.3,3.557
15.3166666666667,3.557
15.3333333333333,3.557
15.35,3.557
15.3666666666667,3.557
15.3833333333333,3.557
15.4,3.557
15.4166666666667,3.557
15.4333333333333,3.557
15.45,3.557
15.4666666666667,3.557528
15.4833333333333,3.557
15.5,3.557
15.5166666666667,3.557518
15.5333333333333,3.557462
15.55,3.557451
15.5666666666667,3.558
15.5833333333333,3.558
15.6,3.558
15.6166666666667,3.557613
15.6333333333333,3.558
15.65,3.558
15.6666666666667,3.558
15.6833333333333,3.558
15.7,3.558
15.7166666666667,3.558
15.7333333333333,3.558
15.75,3.557737
15.7666666666667,3.558
15.7833333333333,3.558
15.8,3.558
15.8166666666667,3.558
15.8333333333333,3.558
15.85,3.558
15.8666666666667,3.558
15.8833333333333,3.558
15.9,3.558
15.9166666666667,3.558894
15.9333333333333,3.558089
15.95,3.558926
15.9666666666667,3.559
15.9833333333333,3.558039
16,3.558025
16.0166666666667,3.559
16.0333333333333,3.559
16.05,3.559
16.0666666666667,3.559
16.0833333333333,3.559
16.1,3.559
16.1166666666667,3.559
16.1333333333333,3.559
16.15,3.559
16.1666666666667,3.559
16.1833333333333,3.559
16.2,3.559
16.2166666666667,3.559
16.2333333333333,3.559
16.25,3.559
16.2666666666667,3.55925
16.2833333333333,3.559733
16.3,3.559
16.3166666666667,3.559
16.3333333333333,3.559
16.35,3.559666
16.3666666666667,3.559
16.3833333333333,3.559359
16.4,3.56
16.4166666666667,3.56
16.4333333333333,3.56
16.45,3.56
16.4666666666667,3.56
16.4833333333333,3.56
16.5,3.559466
16.5166666666667,3.56
16.5333333333333,3.56
16.55,3.56
16.5666666666667,3.56
16.5833333333333,3.56
16.6,3.56
16.6166666666667,3.56
16.6333333333333,3.56
16.65,3.56
16.6666666666667,3.56
16.6833333333333,3.56
16.7,3.56
16.7166666666667,3.56
16.7333333333333,3.56
16.75,3.560258
16.7666666666667,3.56
16.7833333333333,3.56
16.8,3.56
16.8166666666667,3.56
16.8333333333333,3.56
16.85,3.560155
16.8666666666667,3.560861
16.8833333333333,3.561
16.9,3.560112
16.9166666666667,3.560092
16.9333333333333,3.560074
16.95,3.561
16.9666666666667,3.561
16.9833333333333,3.561
17,3.561
17.0166666666667,3.561
17.0333333333333,3.561
17.05,3.561
17.0666666666667,3.561
17.0833333333333,3.561
17.1,3.561
17.1166666666667,3.561875
17.1333333333333,3.561
17.15,3.561
17.1666666666667,3.561
17.1833333333333,3.561
17.2,3.561787
17.2166666666667,3.561771
17.2333333333333,3.561
17.25,3.562
17.2666666666667,3.56128
17.2833333333333,3.561704
17.3,3.562
17.3166666666667,3.562
17.3333333333333,3.562
17.35,3.561357
17.3666666666667,3.562
17.3833333333333,3.561
17.4,3.561396
17.4166666666667,3.562
17.4333333333333,3.562
17.45,3.561446
17.4666666666667,3.562
17.4833333333333,3.562
17.5,3.562
17.5166666666667,3.562
17.5333333333333,3.562
17.55,3.562
17.5666666666667,3.562
17.5833333333333,3.562
17.6,3.562
17.6166666666667,3.562612
17.6333333333333,3.562
17.65,3.562646
17.6666666666667,3.562
17.6833333333333,3.562
17.7,3.562
17.7166666666667,3.562
17.7333333333333,3.562275
17.75,3.562
17.7666666666667,3.562242
17.7833333333333,3.563
17.8,3.563
17.8166666666667,3.563
17.8333333333333,3.563
17.85,3.562164
17.8666666666667,3.563
17.8833333333333,3.563
17.9,3.563
17.9166666666667,3.563
17.9333333333333,3.563
17.95,3.563
17.9666666666667,3.563
17.9833333333333,3.563
18,3.563
18.0166666666667,3.563
18.0333333333333,3.563
18.05,3.563
18.0666666666667,3.563
18.0833333333333,3.563
18.1,3.563905
18.1166666666667,3.563111
18.1333333333333,3.563
18.15,3.563856
18.1666666666667,3.563
18.1833333333333,3.563
18.2,3.564
18.2166666666667,3.564
18.2333333333333,3.564
18.25,3.564
18.2666666666667,3.563737
18.2833333333333,3.564
18.3,3.564
18.3166666666667,3.563297
18.3333333333333,3.564
18.35,3.564
18.3666666666667,3.564
18.3833333333333,3.564
18.4,3.564
18.4166666666667,3.564
18.4333333333333,3.564
18.45,3.564
18.4666666666667,3.564
18.4833333333333,3.564
18.5,3.564
18.5166666666667,3.564
18.5333333333333,3.564
18.55,3.564
18.5666666666667,3.564
18.5833333333333,3.564507
18.6,3.564495
18.6166666666667,3.564515
18.6333333333333,3.564474
18.65,3.565
18.6666666666667,3.565
18.6833333333333,3.565
18.7,3.565
18.7166666666667,3.56442
18.7333333333333,3.565
18.75,3.565
18.7666666666667,3.564391
18.7833333333333,3.565
18.8,3.565
18.8166666666667,3.565
18.8333333333333,3.565
18.85,3.565
18.8666666666667,3.565
18.8833333333333,3.565
18.9,3.565
18.9166666666667,3.565
18.9333333333333,3.565
18.95,3.565
18.9666666666667,3.565
18.9833333333333,3.565
19,3.565
19.0166666666667,3.565
19.0333333333333,3.565
19.05,3.565193
19.0666666666667,3.565
19.0833333333333,3.565837
19.1,3.565
19.1166666666667,3.565857
19.1333333333333,3.565
19.15,3.565
19.1666666666667,3.566
19.1833333333333,3.565
19.2,3.566
19.2166666666667,3.566
19.2333333333333,3.56505
19.25,3.566
19.2666666666667,3.565972
19.2833333333333,3.565991
19.3,3.566
19.3166666666667,3.566
19.3333333333333,3.566
19.35,3.566
19.3666666666667,3.566
19.3833333333333,3.566
19.4,3.566
19.4166666666667,3.566
19.4333333333333,3.566
19.45,3.566
19.4666666666667,3.566
19.4833333333333,3.566
19.5,3.566
19.5166666666667,3.566
19.5333333333333,3.566
19.55,3.566
19.5666666666667,3.566
19.5833333333333,3.566277
19.6,3.566
19.6166666666667,3.56631
19.6333333333333,3.566
19.65,3.566341
19.6666666666667,3.566644
19.6833333333333,3.567
19.7,3.567
19.7166666666667,3.567
19.7333333333333,3.566573
19.75,3.567
19.7666666666667,3.566462
19.7833333333333,3.567
19.8,3.567
19.8166666666667,3.567
19.8333333333333,3.567
19.85,3.567
19.8666666666667,3.567
19.8833333333333,3.567
19.9,3.567
19.9166666666667,3.567
19.9333333333333,3.567
19.95,3.567
19.9666666666667,3.567
19.9833333333333,3.567
20,3.567
20.0166666666667,3.567712
20.0333333333333,3.567
20.05,3.567
20.0666666666667,3.567
20.0833333333333,3.567
20.1,3.567
20.1166666666667,3.567
20.1333333333333,3.567
20.15,3.568
20.1666666666667,3.568
20.1833333333333,3.567868
20.2,3.567
20.2166666666667,3.567
20.2333333333333,3.567918
20.25,3.568
20.2666666666667,3.568
20.2833333333333,3.568
20.3,3.568
20.3166666666667,3.568
20.3333333333333,3.568
20.35,3.568
20.3666666666667,3.568
20.3833333333333,3.568
20.4,3.568
20.4166666666667,3.568
20.4333333333333,3.568
20.45,3.568
20.4666666666667,3.568148
20.4833333333333,3.568
20.5,3.568821
20.5166666666667,3.568194
20.5333333333333,3.568205
20.55,3.569
20.5666666666667,3.569
20.5833333333333,3.568747
20.6,3.569
20.6166666666667,3.569
20.6333333333333,3.569
20.65,3.569
20.6666666666667,3.56967
20.6833333333333,3.569
20.7,3.56964
20.7166666666667,3.569377
20.7333333333333,3.57
20.75,3.57
20.7666666666667,3.57
20.7833333333333,3.57
20.8,3.57
20.8166666666667,3.57
20.8333333333333,3.57
20.85,3.57
20.8666666666667,3.57
20.8833333333333,3.57
20.9,3.57
20.9166666666667,3.57
20.9333333333333,3.57
20.95,3.57
20.9666666666667,3.57
20.9833333333333,3.57
21,3.57
21.0166666666667,3.57067
21.0333333333333,3.571
21.05,3.571
21.0666666666667,3.57072
21.0833333333333,3.571
21.1,3.571
21.1166666666667,3.571
21.1333333333333,3.571
21.15,3.571
21.1666666666667,3.571
21.1833333333333,3.571
21.2,3.571
21.2166666666667,3.571
21.2333333333333,3.571
21.25,3.571
21.2666666666667,3.571897
21.2833333333333,3.571091
21.3,3.571074
21.3166666666667,3.571939
21.3333333333333,3.571
21.35,3.572
21.3666666666667,3.571977
21.3833333333333,3.57101
21.4,3.572
21.4166666666667,3.571978
21.4333333333333,3.572
21.45,3.572
21.4666666666667,3.572
21.4833333333333,3.572
21.5,3.572
21.5166666666667,3.572
21.5333333333333,3.572
21.55,3.572
21.5666666666667,3.572
21.5833333333333,3.572
21.6,3.572
21.6166666666667,3.572
21.6333333333333,3.572
21.65,3.572
21.6666666666667,3.572287
21.6833333333333,3.572695
21.7,3.573
21.7166666666667,3.573
21.7333333333333,3.572
21.75,3.572622
21.7666666666667,3.572607
21.7833333333333,3.573
21.8,3.573
21.8166666666667,3.573
21.8333333333333,3.573
21.85,3.573
21.8666666666667,3.573
21.8833333333333,3.573
21.9,3.573
21.9166666666667,3.573
21.9333333333333,3.573
21.95,3.573
21.9666666666667,3.573
21.9833333333333,3.573
22,3.573
22.0166666666667,3.573
22.0333333333333,3.573302
22.05,3.573
22.0666666666667,3.573
22.0833333333333,3.573778
22.1,3.574
22.1166666666667,3.573
22.1333333333333,3.573842
22.15,3.57314
22.1666666666667,3.574
22.1833333333333,3.574
22.2,3.574
22.2166666666667,3.574
22.2333333333333,3.574
22.25,3.574
22.2666666666667,3.574
22.2833333333333,3.574
22.3,3.574
22.3166666666667,3.574
22.3333333333333,3.574
22.35,3.574
22.3666666666667,3.574
22.3833333333333,3.574
22.4,3.574
22.4166666666667,3.574
22.4333333333333,3.574
22.45,3.574
22.4666666666667,3.574
22.4833333333333,3.574
22.5,3.574
22.5166666666667,3.574
22.5333333333333,3.574
22.55,3.574
22.5666666666667,3.574
22.5833333333333,3.574
22.6,3.574284
22.6166666666667,3.574
22.6333333333333,3.574
22.65,3.574
22.6666666666667,3.574659
22.6833333333333,3.574
22.7,3.575
22.7166666666667,3.575
22.7333333333333,3.575
22.75,3.574583
22.7666666666667,3.575
22.7833333333333,3.575
22.8,3.575
22.8166666666667,3.575
22.8333333333333,3.574495
22.85,3.575509
22.8666666666667,3.575
22.8833333333333,3.575
22.9,3.575
22.9166666666667,3.575
22.9333333333333,3.575
22.95,3.575
22.9666666666667,3.575
22.9833333333333,3.575
23,3.575
23.0166666666667,3.575
23.0333333333333,3.575
23.05,3.575
23.0666666666667,3.575
23.0833333333333,3.575
23.1,3.575
23.1166666666667,3.575
23.1333333333333,3.575
23.15,3.575805
23.1666666666667,3.575179
23.1833333333333,3.575
23.2,3.575846
23.2166666666667,3.575
23.2333333333333,3.576
23.25,3.575885
23.2666666666667,3.575094
23.2833333333333,3.576
23.3,3.576
23.3166666666667,3.576
23.3333333333333,3.576
23.35,3.575025
23.3666666666667,3.575991
23.3833333333333,3.576
23.4,3.576
23.4166666666667,3.575046
23.4333333333333,3.576
23.45,3.575078
23.4666666666667,3.5759
23.4833333333333,3.576
23.5,3.576
23.5166666666667,3.575839
23.5333333333333,3.576
23.55,3.575814
23.5666666666667,3.575
23.5833333333333,3.575
23.6,3.575
23.6166666666667,3.575754
23.6333333333333,3.575
23.65,3.575269
23.6666666666667,3.576
23.6833333333333,3.575
23.7,3.575
23.7166666666667,3.575
23.7333333333333,3.575658
23.75,3.575647
23.7666666666667,3.575628
23.7833333333333,3.575
23.8,3.575
23.8166666666667,3.575583
23.8333333333333,3.575562
23.85,3.575
23.8666666666667,3.576
23.8833333333333,3.575
23.9,3.575495
23.9166666666667,3.575521
23.9333333333333,3.575
23.95,3.575453
23.9666666666667,3.575438
23.9833333333333,3.575422
24,3.575
