Timestamp [h],BATT_008_OCV_V_100-SOC
0,1.455
0.0166666666666667,1.445
0.0333333333333333,1.443
0.05,1.441
0.0666666666666667,1.439
0.0833333333333333,1.438
0.1,1.436954
0.116666666666667,1.435
0.133333333333333,1.434
0.15,1.433
0.166666666666667,1.432
0.183333333333333,1.431
0.2,1.43
0.216666666666667,1.43
0.233333333333333,1.429
0.25,1.428
0.266666666666667,1.428
0.283333333333333,1.427
0.3,1.426
0.316666666666667,1.425
0.333333333333333,1.425
0.35,1.424
0.366666666666667,1.424
0.383333333333333,1.423299
0.4,1.423
0.416666666666667,1.423
0.433333333333333,1.422
0.45,1.422
0.466666666666667,1.421
0.483333333333333,1.420599
0.5,1.42
0.516666666666667,1.42
0.533333333333333,1.419
0.55,1.419
0.566666666666667,1.419
0.583333333333333,1.418495
0.6,1.418
0.616666666666667,1.41755
0.633333333333333,1.417
0.65,1.417
0.666666666666667,1.417
0.683333333333333,1.416
0.7,1.416
0.716666666666667,1.416
0.733333333333333,1.415
0.75,1.415
0.766666666666667,1.415
0.783333333333333,1.414698
0.8,1.414
0.816666666666667,1.414
0.833333333333333,1.414
0.85,1.41377
0.866666666666667,1.413
0.883333333333333,1.413
0.9,1.413
0.916666666666667,1.412166
0.933333333333333,1.412148
0.95,1.412
0.966666666666667,1.412
0.983333333333333,1.411913
1,1.411934
1.01666666666667,1.411
1.03333333333333,1.411
1.05,1.411
1.06666666666667,1.41
1.08333333333333,1.41
1.1,1.41
1.11666666666667,1.41
1.13333333333333,1.41
1.15,1.409081
1.16666666666667,1.409
1.18333333333333,1.409
1.2,1.409
1.21666666666667,1.409
1.23333333333333,1.408
1.25,1.408
1.26666666666667,1.408
1.28333333333333,1.407229
1.3,1.408
1.31666666666667,1.407736
1.33333333333333,1.407
1.35,1.407
1.36666666666667,1.407
1.38333333333333,1.407
1.4,1.407
1.41666666666667,1.406
1.43333333333333,1.406
1.45,1.406
1.46666666666667,1.406
1.48333333333333,1.405574
1.5,1.405
1.51666666666667,1.405
1.53333333333333,1.405
1.55,1.405
1.56666666666667,1.405
1.58333333333333,1.405
1.6,1.404
1.61666666666667,1.405
1.63333333333333,1.404
1.65,1.404
1.66666666666667,1.404
1.68333333333333,1.404
1.7,1.404
1.71666666666667,1.403334
1.73333333333333,1.403311
1.75,1.403
1.76666666666667,1.403
1.78333333333333,1.403
1.8,1.403
1.81666666666667,1.403
1.83333333333333,1.402217
1.85,1.402
1.86666666666667,1.402
1.88333333333333,1.402
1.9,1.402
1.91666666666667,1.402
1.93333333333333,1.401124
1.95,1.401108
1.96666666666667,1.401
1.98333333333333,1.401
2,1.401
2.01666666666667,1.401
2.03333333333333,1.401
2.05,1.401
2.06666666666667,1.4
2.08333333333333,1.400986
2.1,1.4
2.11666666666667,1.4
2.13333333333333,1.4
2.15,1.4
2.16666666666667,1.4
2.18333333333333,1.4
2.2,1.4
2.21666666666667,1.399
2.23333333333333,1.399
2.25,1.399
2.26666666666667,1.399
2.28333333333333,1.399
2.3,1.399
2.31666666666667,1.39874
2.33333333333333,1.399
2.35,1.39829
2.36666666666667,1.398301
2.38333333333333,1.398
2.4,1.398
2.41666666666667,1.398
2.43333333333333,1.398
2.45,1.398
2.46666666666667,1.398
2.48333333333333,1.398
2.5,1.398
2.51666666666667,1.397
2.53333333333333,1.398
2.55,1.397
2.56666666666667,1.397
2.58333333333333,1.397
2.6,1.397
2.61666666666667,1.397
2.63333333333333,1.397
2.65,1.396
2.66666666666667,1.396
2.68333333333333,1.396
2.7,1.396
2.71666666666667,1.396
2.73333333333333,1.396
2.75,1.396
2.76666666666667,1.396
2.78333333333333,1.396
2.8,1.395
2.81666666666667,1.395
2.83333333333333,1.395
2.85,1.396
2.86666666666667,1.395
2.88333333333333,1.395
2.9,1.395
2.91666666666667,1.395
2.93333333333333,1.395
2.95,1.395
2.96666666666667,1.395
2.98333333333333,1.395
3,1.394987
3.01666666666667,1.394
3.03333333333333,1.394
3.05,1.394
3.06666666666667,1.394
3.08333333333333,1.394
3.1,1.394
3.11666666666667,1.394
3.13333333333333,1.394
3.15,1.394
3.16666666666667,1.393144
3.18333333333333,1.393165
3.2,1.393
3.21666666666667,1.393
3.23333333333333,1.393
3.25,1.393
3.26666666666667,1.393
3.28333333333333,1.393
3.3,1.393
3.31666666666667,1.393
3.33333333333333,1.393
3.35,1.393
3.36666666666667,1.393
3.38333333333333,1.392
3.4,1.392
3.41666666666667,1.392
3.43333333333333,1.392
3.45,1.392
3.46666666666667,1.392
3.48333333333333,1.391525
3.5,1.392
3.51666666666667,1.391496
3.53333333333333,1.392
3.55,1.391458
3.56666666666667,1.391
3.58333333333333,1.391
3.6,1.391
3.61666666666667,1.391
3.63333333333333,1.391
3.65,1.391
3.66666666666667,1.391
3.68333333333333,1.391
3.7,1.391
3.71666666666667,1.391
3.73333333333333,1.391
3.75,1.391
3.76666666666667,1.391
3.78333333333333,1.391
3.8,1.39
3.81666666666667,1.390193
3.83333333333333,1.39
3.85,1.39
3.86666666666667,1.39
3.88333333333333,1.39
3.9,1.39
3.91666666666667,1.39
3.93333333333333,1.39
3.95,1.389959
3.96666666666667,1.39
3.98333333333333,1.389008
4,1.38999
4.01666666666667,1.389
4.03333333333333,1.389951
4.05,1.389064
4.06666666666667,1.389
4.08333333333333,1.389
4.1,1.389
4.11666666666667,1.389
4.13333333333333,1.389
4.15,1.389
4.16666666666667,1.388827
4.18333333333333,1.389
4.2,1.389
4.21666666666667,1.388778
4.23333333333333,1.389
4.25,1.388
4.26666666666667,1.388722
4.28333333333333,1.388
4.3,1.388
4.31666666666667,1.388
4.33333333333333,1.388
4.35,1.388
4.36666666666667,1.388
4.38333333333333,1.388
4.4,1.388
4.41666666666667,1.388
4.43333333333333,1.388
4.45,1.387499
4.46666666666667,1.387486
4.48333333333333,1.387466
4.5,1.387551
4.51666666666667,1.387568
4.53333333333333,1.387
4.55,1.387
4.56666666666667,1.387
4.58333333333333,1.387
4.6,1.387
4.61666666666667,1.387
4.63333333333333,1.387
4.65,1.387
4.66666666666667,1.387
4.68333333333333,1.387
4.7,1.387
4.71666666666667,1.387
4.73333333333333,1.387
4.75,1.386
4.76666666666667,1.386
4.78333333333333,1.386
4.8,1.386
4.81666666666667,1.386
4.83333333333333,1.386
4.85,1.386
4.86666666666667,1.386
4.88333333333333,1.386
4.9,1.386
4.91666666666667,1.386
4.93333333333333,1.386
4.95,1.386
4.96666666666667,1.386
4.98333333333333,1.386
5,1.386
5.01666666666667,1.386
5.03333333333333,1.385
5.05,1.385125
5.06666666666667,1.385144
5.08333333333333,1.385
5.1,1.385
5.11666666666667,1.385
5.13333333333333,1.385
5.15,1.385
5.16666666666667,1.385
5.18333333333333,1.385
5.2,1.385
5.21666666666667,1.385
5.23333333333333,1.38469
5.25,1.385
5.26666666666667,1.385
5.28333333333333,1.385
5.3,1.385
5.31666666666667,1.385
5.33333333333333,1.384
5.35,1.384
5.36666666666667,1.384
5.38333333333333,1.384
5.4,1.384
5.41666666666667,1.384
5.43333333333333,1.384
5.45,1.384
5.46666666666667,1.384
5.48333333333333,1.384
5.5,1.384
5.51666666666667,1.384
5.53333333333333,1.384
5.55,1.383362
5.56666666666667,1.383
5.58333333333333,1.383
5.6,1.383
5.61666666666667,1.383707
5.63333333333333,1.383
5.65,1.383
5.66666666666667,1.383
5.68333333333333,1.383
5.7,1.383
5.71666666666667,1.383
5.73333333333333,1.383
5.75,1.383
5.76666666666667,1.383
5.78333333333333,1.383
5.8,1.383
5.81666666666667,1.383
5.83333333333333,1.383
5.85,1.383
5.86666666666667,1.382031
5.88333333333333,1.382981
5.9,1.382
5.91666666666667,1.382
5.93333333333333,1.382
5.95,1.382
5.96666666666667,1.382
5.98333333333333,1.382
6,1.382
6.01666666666667,1.382
6.03333333333333,1.382
6.05,1.382
6.06666666666667,1.382
6.08333333333333,1.382
6.1,1.382
6.11666666666667,1.382
6.13333333333333,1.381
6.15,1.382
6.16666666666667,1.381
6.18333333333333,1.381303
6.2,1.381
6.21666666666667,1.381649
6.23333333333333,1.381366
6.25,1.381
6.26666666666667,1.381
6.28333333333333,1.381
6.3,1.381
6.31666666666667,1.381
6.33333333333333,1.381
6.35,1.381
6.36666666666667,1.381
6.38333333333333,1.381
6.4,1.381
6.41666666666667,1.381
6.43333333333333,1.381
6.45,1.381
6.46666666666667,1.381
6.48333333333333,1.381
6.5,1.381
6.51666666666667,1.380359
6.53333333333333,1.381
6.55,1.381
6.56666666666667,1.38
6.58333333333333,1.38
6.6,1.38
6.61666666666667,1.38
6.63333333333333,1.38
6.65,1.38
6.66666666666667,1.38
6.68333333333333,1.38
6.7,1.38
6.71666666666667,1.38
6.73333333333333,1.38
6.75,1.38
6.76666666666667,1.38
6.78333333333333,1.38
6.8,1.38
6.81666666666667,1.38
6.83333333333333,1.38
6.85,1.38
6.86666666666667,1.38
6.88333333333333,1.38
6.9,1.379
6.91666666666667,1.379937
6.93333333333333,1.379
6.95,1.379
6.96666666666667,1.379
6.98333333333333,1.379145
7,1.379
7.01666666666667,1.379
7.03333333333333,1.379
7.05,1.379
7.06666666666667,1.379
7.08333333333333,1.379
7.1,1.379
7.11666666666667,1.379
7.13333333333333,1.379
7.15,1.379
7.16666666666667,1.379
7.18333333333333,1.379
7.2,1.379
7.21666666666667,1.378606
7.23333333333333,1.379
7.25,1.378569
7.26666666666667,1.37845
7.28333333333333,1.378464
7.3,1.378487
7.31666666666667,1.378
7.33333333333333,1.378
7.35,1.378
7.36666666666667,1.37845
7.38333333333333,1.378
7.4,1.378
7.41666666666667,1.378
7.43333333333333,1.378
7.45,1.378
7.46666666666667,1.378
7.48333333333333,1.378
7.5,1.378
7.51666666666667,1.378
7.53333333333333,1.378
7.55,1.378
7.56666666666667,1.377263
7.58333333333333,1.378
7.6,1.378
7.61666666666667,1.377219
7.63333333333333,1.378
7.65,1.378
7.66666666666667,1.378
7.68333333333333,1.377141
7.7,1.377
7.71666666666667,1.3779
7.73333333333333,1.377
7.75,1.377938
7.76666666666667,1.377
7.78333333333333,1.377
7.8,1.377
7.81666666666667,1.377
7.83333333333333,1.377
7.85,1.377
7.86666666666667,1.377
7.88333333333333,1.377
7.9,1.377
7.91666666666667,1.377
7.93333333333333,1.377
7.95,1.377
7.96666666666667,1.377
7.98333333333333,1.377
8,1.377
8.01666666666667,1.377
8.03333333333333,1.376767
8.05,1.376253
8.06666666666667,1.377
8.08333333333333,1.376283
8.1,1.376695
8.11666666666667,1.376324
8.13333333333333,1.376658
8.15,1.37636
8.16666666666667,1.377
8.18333333333333,1.376399
8.2,1.377
8.21666666666667,1.376
8.23333333333333,1.376
8.25,1.376
8.26666666666667,1.376
8.28333333333333,1.376
8.3,1.376
8.31666666666667,1.376
8.33333333333333,1.376
8.35,1.376
8.36666666666667,1.376
8.38333333333333,1.376
8.4,1.376
8.41666666666667,1.376
8.43333333333333,1.376
8.45,1.376
8.46666666666667,1.375263
8.48333333333333,1.376
8.5,1.376
8.51666666666667,1.375802
8.53333333333333,1.376
8.55,1.376
8.56666666666667,1.375137
8.58333333333333,1.375119
8.6,1.375
8.61666666666667,1.375
8.63333333333333,1.375
8.65,1.375
8.66666666666667,1.375
8.68333333333333,1.375
8.7,1.375
8.71666666666667,1.375
8.73333333333333,1.375
8.75,1.375
8.76666666666667,1.375
8.78333333333333,1.375
8.8,1.375
8.81666666666667,1.375
8.83333333333333,1.375
8.85,1.375
8.86666666666667,1.375
8.88333333333333,1.375
8.9,1.375
8.91666666666667,1.375
8.93333333333333,1.374273
8.95,1.374299
8.96666666666667,1.374
8.98333333333333,1.374347
9,1.374
9.01666666666667,1.374619
9.03333333333333,1.374601
9.05,1.374
9.06666666666667,1.374437
9.08333333333333,1.374456
9.1,1.374
9.11666666666667,1.374
9.13333333333333,1.374
9.15,1.374
9.16666666666667,1.374
9.18333333333333,1.374
9.2,1.374
9.21666666666667,1.374
9.23333333333333,1.374
9.25,1.374
9.26666666666667,1.374
9.28333333333333,1.374
9.3,1.374
9.31666666666667,1.374
9.33333333333333,1.374
9.35,1.374
9.36666666666667,1.373789
9.38333333333333,1.374
9.4,1.374
9.41666666666667,1.373845
9.43333333333333,1.374
9.45,1.373113
9.46666666666667,1.373
9.48333333333333,1.373
9.5,1.373053
9.51666666666667,1.37397
9.53333333333333,1.373986
9.55,1.373
9.56666666666667,1.373
9.58333333333333,1.373
9.6,1.373
9.61666666666667,1.373
9.63333333333333,1.373
9.65,1.373
9.66666666666667,1.373
9.68333333333333,1.373
9.7,1.373
9.71666666666667,1.373
9.73333333333333,1.373
9.75,1.373
9.76666666666667,1.373
9.78333333333333,1.373
9.8,1.373
9.81666666666667,1.373
9.83333333333333,1.373
9.85,1.373
9.86666666666667,1.373
9.88333333333333,1.373
9.9,1.372
9.91666666666667,1.372
9.93333333333333,1.372554
9.95,1.372536
9.96666666666667,1.372523
9.98333333333333,1.372499
10,1.372
10.0166666666667,1.372458
10.0333333333333,1.372
10.05,1.372
10.0666666666667,1.372
10.0833333333333,1.372
10.1,1.372
10.1166666666667,1.372
10.1333333333333,1.372
10.15,1.372
10.1666666666667,1.372
10.1833333333333,1.372
10.2,1.372
10.2166666666667,1.372
10.2333333333333,1.372
10.25,1.372
10.2666666666667,1.372
10.2833333333333,1.372
10.3,1.372
10.3166666666667,1.372
10.3333333333333,1.372
10.35,1.372
10.3666666666667,1.372
10.3833333333333,1.372
10.4,1.372
10.4166666666667,1.372
10.4333333333333,1.372
10.45,1.371077
10.4666666666667,1.371906
10.4833333333333,1.372
10.5,1.371867
10.5166666666667,1.371155
10.5333333333333,1.371179
10.55,1.371797
10.5666666666667,1.371225
10.5833333333333,1.371
10.6,1.371263
10.6166666666667,1.371
10.6333333333333,1.37169
10.65,1.371
10.6666666666667,1.371
10.6833333333333,1.371
10.7,1.371
10.7166666666667,1.371
10.7333333333333,1.371
10.75,1.371
10.7666666666667,1.371
10.7833333333333,1.371
10.8,1.371
10.8166666666667,1.371
10.8333333333333,1.371
10.85,1.371
10.8666666666667,1.371
10.8833333333333,1.371
10.9,1.371
10.9166666666667,1.371
10.9333333333333,1.371
10.95,1.371
10.9666666666667,1.371
10.9833333333333,1.370281
11,1.371
11.0166666666667,1.371
11.0333333333333,1.370774
11.05,1.371
11.0666666666667,1.370811
11.0833333333333,1.370836
11.1,1.37
11.1166666666667,1.370128
11.1333333333333,1.37
11.15,1.370909
11.1666666666667,1.370927
11.1833333333333,1.37
11.2,1.370033
11.2166666666667,1.37
11.2333333333333,1.37
11.25,1.370022
11.2666666666667,1.37
11.2833333333333,1.37
11.3,1.37
11.3166666666667,1.37
11.3333333333333,1.37
11.35,1.37
11.3666666666667,1.37
11.3833333333333,1.37
11.4,1.37
11.4166666666667,1.37
11.4333333333333,1.37
11.45,1.37
11.4666666666667,1.37
11.4833333333333,1.37
11.5,1.37
11.5166666666667,1.37
11.5333333333333,1.37
11.55,1.3696
11.5666666666667,1.37
11.5833333333333,1.369
11.6,1.369
11.6166666666667,1.37
11.6333333333333,1.37
11.65,1.369476
11.6666666666667,1.369454
11.6833333333333,1.369573
11.7,1.369409
11.7166666666667,1.369394
11.7333333333333,1.369374
11.75,1.369
11.7666666666667,1.369
11.7833333333333,1.369
11.8,1.369
11.8166666666667,1.369
11.8333333333333,1.369
11.85,1.369
11.8666666666667,1.369
11.8833333333333,1.369
11.9,1.369823
11.9166666666667,1.369
11.9333333333333,1.369
11.95,1.369
11.9666666666667,1.369
11.9833333333333,1.369
12,1.369
12.0166666666667,1.369
12.0333333333333,1.369
12.05,1.369
12.0666666666667,1.368029
12.0833333333333,1.369
12.1,1.369
12.1166666666667,1.369
12.1333333333333,1.369
12.15,1.369
12.1666666666667,1.369
12.1833333333333,1.368163
12.2,1.369
12.2166666666667,1.369
12.2333333333333,1.368768
12.25,1.368
12.2666666666667,1.368272
12.2833333333333,1.368
12.3,1.368
12.3166666666667,1.368
12.3333333333333,1.368
12.35,1.368
12.3666666666667,1.368598
12.3833333333333,1.368422
12.4,1.368557
12.4166666666667,1.368464
12.4333333333333,1.368
12.45,1.368
12.4666666666667,1.368
12.4833333333333,1.368
12.5,1.368
12.5166666666667,1.368
12.5333333333333,1.368
12.55,1.368
12.5666666666667,1.368
12.5833333333333,1.368
12.6,1.368
12.6166666666667,1.368
12.6333333333333,1.368
12.65,1.368
12.6666666666667,1.368
12.6833333333333,1.368
12.7,1.368
12.7166666666667,1.368
12.7333333333333,1.368
12.75,1.368
12.7666666666667,1.368
12.7833333333333,1.367933
12.8,1.368
12.8166666666667,1.367975
12.8333333333333,1.368
12.85,1.367988
12.8666666666667,1.367968
12.8833333333333,1.367055
12.9,1.367077
12.9166666666667,1.367094
12.9333333333333,1.367115
12.95,1.367
12.9666666666667,1.367
12.9833333333333,1.367
13,1.367
13.0166666666667,1.367
13.0333333333333,1.367
13.05,1.367
13.0666666666667,1.367
13.0833333333333,1.367
13.1,1.367
13.1166666666667,1.367
13.1333333333333,1.367
13.15,1.367
13.1666666666667,1.367
13.1833333333333,1.367
13.2,1.367
13.2166666666667,1.367
13.2333333333333,1.367532
13.25,1.367
13.2666666666667,1.367
13.2833333333333,1.367
13.3,1.367
13.3166666666667,1.367
13.3333333333333,1.367
13.35,1.367
13.3666666666667,1.367
13.3833333333333,1.367
13.4,1.367
13.4166666666667,1.367
13.4333333333333,1.367
13.45,1.367
13.4666666666667,1.367
13.4833333333333,1.367
13.5,1.367
13.5166666666667,1.367
13.5333333333333,1.367
13.55,1.367
13.5666666666667,1.366875
13.5833333333333,1.367
13.6,1.367
13.6166666666667,1.367
13.6333333333333,1.367
13.65,1.366033
13.6666666666667,1.366987
13.6833333333333,1.367
13.7,1.367
13.7166666666667,1.366045
13.7333333333333,1.366063
13.75,1.366083
13.7666666666667,1.366105
13.7833333333333,1.366
13.8,1.366
13.8166666666667,1.366
13.8333333333333,1.366187
13.85,1.366208
13.8666666666667,1.366228
13.8833333333333,1.366
13.9,1.366
13.9166666666667,1.366
13.9333333333333,1.366
13.95,1.366
13.9666666666667,1.366
13.9833333333333,1.366
14,1.366
14.0166666666667,1.366
14.0333333333333,1.366
14.05,1.366
14.0666666666667,1.366
14.0833333333333,1.366
14.1,1.366
14.1166666666667,1.366
14.1333333333333,1.366
14.15,1.366
14.1666666666667,1.366
14.1833333333333,1.366
14.2,1.366
14.2166666666667,1.365
14.2333333333333,1.366
14.25,1.366
14.2666666666667,1.366
14.2833333333333,1.366
14.3,1.365257
14.3166666666667,1.366
14.3333333333333,1.365
14.35,1.366
14.3666666666667,1.366
14.3833333333333,1.365851
14.4,1.365874
14.4166666666667,1.365895
14.4333333333333,1.365912
14.45,1.365
14.4666666666667,1.365
14.4833333333333,1.365
14.5,1.365
14.5166666666667,1.365
14.5333333333333,1.365
14.55,1.365
14.5666666666667,1.365
14.5833333333333,1.365
14.6,1.365
14.6166666666667,1.365
14.6333333333333,1.365
14.65,1.365
14.6666666666667,1.365
14.6833333333333,1.365
14.7,1.365
14.7166666666667,1.365
14.7333333333333,1.365
14.75,1.365
14.7666666666667,1.365
14.7833333333333,1.365
14.8,1.365
14.8166666666667,1.364622
14.8333333333333,1.365
14.85,1.365
14.8666666666667,1.365
14.8833333333333,1.365
14.9,1.365
14.9166666666667,1.365
14.9333333333333,1.365
14.95,1.365
14.9666666666667,1.365
14.9833333333333,1.365
15,1.365
15.0166666666667,1.365
15.0333333333333,1.364369
15.05,1.365
15.0666666666667,1.365
15.0833333333333,1.365
15.1,1.364302
15.1166666666667,1.364716
15.1333333333333,1.364
15.15,1.36424
15.1666666666667,1.364
15.1833333333333,1.365
15.2,1.364
15.2166666666667,1.364
15.2333333333333,1.364
15.25,1.364
15.2666666666667,1.364
15.2833333333333,1.364923
15.3,1.364
15.3166666666667,1.364
15.3333333333333,1.364
15.35,1.364014
15.3666666666667,1.364
15.3833333333333,1.364
15.4,1.364
15.4166666666667,1.364
15.4333333333333,1.364
15.45,1.364
15.4666666666667,1.364
15.4833333333333,1.364
15.5,1.364
15.5166666666667,1.364
15.5333333333333,1.364
15.55,1.364
15.5666666666667,1.364
15.5833333333333,1.364
15.6,1.364
15.6166666666667,1.364
15.6333333333333,1.364
15.65,1.364
15.6666666666667,1.364
15.6833333333333,1.364
15.7,1.364
15.7166666666667,1.364
15.7333333333333,1.364
15.75,1.364
15.7666666666667,1.36345
15.7833333333333,1.363435
15.8,1.364
15.8166666666667,1.364
15.8333333333333,1.363
15.85,1.364
15.8666666666667,1.363
15.8833333333333,1.364
15.9,1.363
15.9166666666667,1.363271
15.9333333333333,1.363751
15.95,1.363
15.9666666666667,1.363
15.9833333333333,1.3632
16,1.363181
16.0166666666667,1.363163
16.0333333333333,1.363
16.05,1.363
16.0666666666667,1.363
16.0833333333333,1.363
16.1,1.363
16.1166666666667,1.363
16.1333333333333,1.363
16.15,1.363
16.1666666666667,1.363
16.1833333333333,1.363
16.2,1.363
16.2166666666667,1.363
16.2333333333333,1.363
16.25,1.363
16.2666666666667,1.363
16.2833333333333,1.363
16.3,1.363
16.3166666666667,1.363
16.3333333333333,1.363
16.35,1.363
16.3666666666667,1.362285
16.3833333333333,1.363
16.4,1.363
16.4166666666667,1.363
16.4333333333333,1.363
16.45,1.363
16.4666666666667,1.363
16.4833333333333,1.363
16.5,1.363
16.5166666666667,1.363
16.5333333333333,1.363
16.55,1.363
16.5666666666667,1.362524
16.5833333333333,1.363
16.6,1.362563
16.6166666666667,1.363
16.6333333333333,1.362397
16.65,1.362616
16.6666666666667,1.362644
16.6833333333333,1.362671
16.7,1.362687
16.7166666666667,1.362
16.7333333333333,1.362726
16.75,1.362
16.7666666666667,1.362
16.7833333333333,1.362803
16.8,1.362
16.8166666666667,1.362
16.8333333333333,1.362
16.85,1.362
16.8666666666667,1.363
16.8833333333333,1.362
16.9,1.362
16.9166666666667,1.362
16.9333333333333,1.362
16.95,1.362
16.9666666666667,1.362
16.9833333333333,1.362
17,1.362
17.0166666666667,1.362
17.0333333333333,1.362
17.05,1.362
17.0666666666667,1.362
17.0833333333333,1.362
17.1,1.362
17.1166666666667,1.362
17.1333333333333,1.362
17.15,1.362
17.1666666666667,1.362
17.1833333333333,1.362
17.2,1.362
17.2166666666667,1.362
17.2333333333333,1.362
17.25,1.362
17.2666666666667,1.362
17.2833333333333,1.362
17.3,1.362
17.3166666666667,1.362
17.3333333333333,1.362
17.35,1.362
17.3666666666667,1.362
17.3833333333333,1.362
17.4,1.362
17.4166666666667,1.362
17.4333333333333,1.362
17.45,1.362
17.4666666666667,1.362
17.4833333333333,1.362
17.5,1.362
17.5166666666667,1.362
17.5333333333333,1.362
17.55,1.362
17.5666666666667,1.362
17.5833333333333,1.362
17.6,1.362
17.6166666666667,1.362
17.6333333333333,1.362
17.65,1.362
17.6666666666667,1.361877
17.6833333333333,1.361099
17.7,1.361
17.7166666666667,1.361051
17.7333333333333,1.361974
17.75,1.361994
17.7666666666667,1.362
17.7833333333333,1.361038
17.8,1.361057
17.8166666666667,1.362
17.8333333333333,1.361896
17.85,1.361
17.8666666666667,1.361
17.8833333333333,1.361
17.9,1.361
17.9166666666667,1.361798
17.9333333333333,1.361
17.95,1.361
17.9666666666667,1.361
17.9833333333333,1.361
18,1.361
18.0166666666667,1.361
18.0333333333333,1.361
18.05,1.361
18.0666666666667,1.361
18.0833333333333,1.361
18.1,1.361
18.1166666666667,1.361
18.1333333333333,1.361
18.15,1.361
18.1666666666667,1.361
18.1833333333333,1.361
18.2,1.361
18.2166666666667,1.361
18.2333333333333,1.361
18.25,1.361
18.2666666666667,1.361
18.2833333333333,1.361
18.3,1.361
18.3166666666667,1.361
18.3333333333333,1.361
18.35,1.361
18.3666666666667,1.361
18.3833333333333,1.361
18.4,1.361
18.4166666666667,1.361
18.4333333333333,1.361
18.45,1.361
18.4666666666667,1.361
18.4833333333333,1.360072
18.5,1.360946
18.5166666666667,1.361
18.5333333333333,1.361
18.55,1.361
18.5666666666667,1.360036
18.5833333333333,1.360944
18.6,1.361
18.6166666666667,1.361
18.6333333333333,1.360124
18.65,1.361
18.6666666666667,1.361
18.6833333333333,1.360181
18.7,1.360791
18.7166666666667,1.361
18.7333333333333,1.360748
18.75,1.36
18.7666666666667,1.360297
18.7833333333333,1.36
18.8,1.36
18.8166666666667,1.36
18.8333333333333,1.36
18.85,1.36
18.8666666666667,1.36
18.8833333333333,1.36
18.9,1.36
18.9166666666667,1.36
18.9333333333333,1.36
18.95,1.36
18.9666666666667,1.36
18.9833333333333,1.3606
19,1.36
19.0166666666667,1.36
19.0333333333333,1.36
19.05,1.36
19.0666666666667,1.36
19.0833333333333,1.36
19.1,1.36
19.1166666666667,1.360785
19.1333333333333,1.36
19.15,1.36
19.1666666666667,1.36
19.1833333333333,1.36
19.2,1.36
19.2166666666667,1.36
19.2333333333333,1.36
19.25,1.36
19.2666666666667,1.36
19.2833333333333,1.36
19.3,1.36
19.3166666666667,1.36
19.3333333333333,1.36
19.35,1.36
19.3666666666667,1.36
19.3833333333333,1.36
19.4,1.359174
19.4166666666667,1.36
19.4333333333333,1.36
19.45,1.35924
19.4666666666667,1.36
19.4833333333333,1.36
19.5,1.36
19.5166666666667,1.36
19.5333333333333,1.36
19.55,1.36
19.5666666666667,1.359407
19.5833333333333,1.35943
19.6,1.359
19.6166666666667,1.36
19.6333333333333,1.36
19.65,1.359488
19.6666666666667,1.359467
19.6833333333333,1.359441
19.7,1.359418
19.7166666666667,1.359399
19.7333333333333,1.359624
19.75,1.359644
19.7666666666667,1.35934
19.7833333333333,1.359314
19.8,1.359
19.8166666666667,1.359731
19.8333333333333,1.359756
19.85,1.359
19.8666666666667,1.359
19.8833333333333,1.359829
19.9,1.359142
19.9166666666667,1.359
19.9333333333333,1.359
19.95,1.359
19.9666666666667,1.359
19.9833333333333,1.359
20,1.359
20.0166666666667,1.359013
20.0333333333333,1.359
20.05,1.359
20.0666666666667,1.359083
20.0833333333333,1.359
20.1,1.359
20.1166666666667,1.359
20.1333333333333,1.359
20.15,1.359
20.1666666666667,1.359
20.1833333333333,1.359
20.2,1.359
20.2166666666667,1.359
20.2333333333333,1.359
20.25,1.359
20.2666666666667,1.359
20.2833333333333,1.359
20.3,1.359
20.3166666666667,1.359
20.3333333333333,1.359
20.35,1.359
20.3666666666667,1.359
20.3833333333333,1.359
20.4,1.359
20.4166666666667,1.359
20.4333333333333,1.359
20.45,1.359
20.4666666666667,1.359
20.4833333333333,1.359
20.5,1.359
20.5166666666667,1.359
20.5333333333333,1.359
20.55,1.359
20.5666666666667,1.359
20.5833333333333,1.359
20.6,1.35816
20.6166666666667,1.359
20.6333333333333,1.359
20.65,1.358102
20.6666666666667,1.358921
20.6833333333333,1.359
20.7,1.359
20.7166666666667,1.359
20.7333333333333,1.359
20.75,1.359
20.7666666666667,1.358058
20.7833333333333,1.35808
20.8,1.358103
20.8166666666667,1.359
20.8333333333333,1.358155
20.85,1.358178
20.8666666666667,1.359
20.8833333333333,1.35878
20.9,1.358
20.9166666666667,1.358733
20.9333333333333,1.358284
20.95,1.358
20.9666666666667,1.358
20.9833333333333,1.358
21,1.358
21.0166666666667,1.358
21.0333333333333,1.358
21.05,1.358
21.0666666666667,1.358
21.0833333333333,1.358
21.1,1.358
21.1166666666667,1.358
21.1333333333333,1.358
21.15,1.358
21.1666666666667,1.358603
21.1833333333333,1.358
21.2,1.358
21.2166666666667,1.358
21.2333333333333,1.358
21.25,1.358
21.2666666666667,1.358
21.2833333333333,1.358
21.3,1.358
21.3166666666667,1.358
21.3333333333333,1.358
21.35,1.358
21.3666666666667,1.358
21.3833333333333,1.358
21.4,1.358
21.4166666666667,1.358
21.4333333333333,1.358
21.45,1.358
21.4666666666667,1.358
21.4833333333333,1.358
21.5,1.358
21.5166666666667,1.358
21.5333333333333,1.358
21.55,1.358
21.5666666666667,1.358
21.5833333333333,1.358
21.6,1.358
21.6166666666667,1.358
21.6333333333333,1.358
21.65,1.358
21.6666666666667,1.358
21.6833333333333,1.358
21.7,1.358
21.7166666666667,1.358
21.7333333333333,1.358
21.75,1.358
21.7666666666667,1.358
21.7833333333333,1.358
21.8,1.358
21.8166666666667,1.358
21.8333333333333,1.358
21.85,1.358
21.8666666666667,1.358
21.8833333333333,1.358
21.9,1.358
21.9166666666667,1.358
21.9333333333333,1.358
21.95,1.358
21.9666666666667,1.358
21.9833333333333,1.358
22,1.357257
22.0166666666667,1.357764
22.0333333333333,1.358
22.05,1.358
22.0666666666667,1.357163
22.0833333333333,1.357
22.1,1.358
22.1166666666667,1.357
22.1333333333333,1.357941
22.15,1.357961
22.1666666666667,1.357987
22.1833333333333,1.358
22.2,1.357
22.2166666666667,1.358
22.2333333333333,1.358
22.25,1.357902
22.2666666666667,1.35788
22.2833333333333,1.357
22.3,1.357166
22.3166666666667,1.358
22.3333333333333,1.357788
22.35,1.357
22.3666666666667,1.35775
22.3833333333333,1.357
22.4,1.357
22.4166666666667,1.357
22.4333333333333,1.357
22.45,1.357
22.4666666666667,1.357597
22.4833333333333,1.357
22.5,1.357
22.5166666666667,1.357521
22.5333333333333,1.357
22.55,1.357
22.5666666666667,1.357
22.5833333333333,1.357
22.6,1.357
22.6166666666667,1.357
22.6333333333333,1.357
22.65,1.357
22.6666666666667,1.357
22.6833333333333,1.357
22.7,1.357
22.7166666666667,1.357
22.7333333333333,1.357
22.75,1.357
22.7666666666667,1.357
22.7833333333333,1.357
22.8,1.357
22.8166666666667,1.357
22.8333333333333,1.357
22.85,1.357
22.8666666666667,1.357
22.8833333333333,1.357
22.9,1.357
22.9166666666667,1.357
22.9333333333333,1.357
22.95,1.357
22.9666666666667,1.357
22.9833333333333,1.357
23,1.357
23.0166666666667,1.356824
23.0333333333333,1.357
23.05,1.356774
23.0666666666667,1.357
23.0833333333333,1.357
23.1,1.357
23.1166666666667,1.357
23.1333333333333,1.357
23.15,1.357
23.1666666666667,1.357
23.1833333333333,1.356588
23.2,1.356566
23.2166666666667,1.357
23.2333333333333,1.356475
23.25,1.3565
23.2666666666667,1.356522
23.2833333333333,1.357
23.3,1.356426
23.3166666666667,1.356
23.3333333333333,1.356377
23.35,1.356
23.3666666666667,1.357
23.3833333333333,1.357
23.4,1.356276
23.4166666666667,1.356257
23.4333333333333,1.356767
23.45,1.356791
23.4666666666667,1.356816
23.4833333333333,1.356
23.5,1.356133
23.5166666666667,1.357
23.5333333333333,1.356
23.55,1.356058
23.5666666666667,1.357
23.5833333333333,1.356008
23.6,1.357
23.6166666666667,1.356
23.6333333333333,1.356
23.65,1.356
23.6666666666667,1.356109
23.6833333333333,1.357
23.7,1.356
23.7166666666667,1.356
23.7333333333333,1.356206
23.75,1.356231
23.7666666666667,1.356
23.7833333333333,1.356282
23.8,1.356
23.8166666666667,1.356
23.8333333333333,1.356
23.85,1.356
23.8666666666667,1.356
23.8833333333333,1.356
23.9,1.356
23.9166666666667,1.356
23.9333333333333,1.356
23.95,1.356
23.9666666666667,1.356
23.9833333333333,1.356
24,1.356
