Timestamp [h],BATT_002_OCV_V_00-SOC,BATT_002_OCV_V_50-SOC,BATT_002_OCV_V_60-SOC
0,2.481,3.244,3.244
0.0166666666666667,2.595,3.276,3.277
0.0333333333333333,2.618,3.279,3.28
0.05,2.634,3.281,3.281
0.0666666666666667,2.647,3.282,3.283
0.0833333333333333,2.657,3.282,3.284
0.1,2.667,3.283,3.284
0.116666666666667,2.675054,3.284,3.284
0.133333333333333,2.683,3.285,3.285
0.15,2.69,3.285,3.285
0.166666666666667,2.696905,3.285,3.286
0.183333333333333,2.702,3.285,3.286
0.2,2.707878,3.286,3.287
0.216666666666667,2.713,3.286,3.287
0.233333333333333,2.718,3.287,3.287
0.25,2.722,3.286,3.287
0.266666666666667,2.726,3.287,3.287
0.283333333333333,2.73,3.287,3.288
0.3,2.734,3.287,3.288
0.316666666666667,2.738,3.288,3.288
0.333333333333333,2.741749,3.287,3.288
0.35,2.745,3.288,3.288
0.366666666666667,2.748,3.288,3.289
0.383333333333333,2.751,3.288,3.289
0.4,2.754,3.288,3.289
0.416666666666667,2.757,3.288,3.289
0.433333333333333,2.76,3.289,3.289
0.45,2.76264,3.288,3.289
0.466666666666667,2.765632,3.289,3.289
0.483333333333333,2.768,3.289,3.289
0.5,2.770389,3.289,3.29
0.516666666666667,2.773,3.289,3.29
0.533333333333333,2.775,3.289,3.29
0.55,2.777432,3.289,3.29
0.566666666666667,2.78,3.289,3.29
0.583333333333333,2.782,3.289,3.29
0.6,2.784,3.289,3.29
0.616666666666667,2.786,3.289,3.29
0.633333333333333,2.788506,3.289,3.29
0.65,2.79,3.289,3.29
0.666666666666667,2.792462,3.289,3.29
0.683333333333333,2.794,3.29,3.29
0.7,2.796,3.29,3.291
0.716666666666667,2.798,3.29,3.29
0.733333333333333,2.8,3.29,3.291
0.75,2.802,3.29,3.291
0.766666666666667,2.803369,3.29,3.291
0.783333333333333,2.805,3.29,3.291
0.8,2.807,3.29,3.291
0.816666666666667,2.809,3.289,3.291
0.833333333333333,2.81,3.29,3.291
0.85,2.812,3.29,3.291
0.866666666666667,2.813,3.29,3.291
0.883333333333333,2.815,3.291,3.291
0.9,2.816,3.291,3.291
0.916666666666667,2.818,3.29,3.291
0.933333333333333,2.819,3.29,3.291
0.95,2.821,3.29,3.291
0.966666666666667,2.82218,3.291,3.291
0.983333333333333,2.823166,3.291,3.291
1,2.825,3.291,3.291
1.01666666666667,2.826861,3.291,3.292
1.03333333333333,2.827121,3.291,3.292
1.05,2.829,3.291,3.291
1.06666666666667,2.83,3.291,3.291
1.08333333333333,2.832,3.29,3.292
1.1,2.833,3.291,3.292
1.11666666666667,2.833949,3.291,3.292
1.13333333333333,2.835,3.291,3.292
1.15,2.837,3.291,3.292
1.16666666666667,2.838,3.291,3.292
1.18333333333333,2.838992,3.291,3.292
1.2,2.84,3.291,3.292
1.21666666666667,2.841,3.291,3.292
1.23333333333333,2.842,3.291,3.292
1.25,2.843,3.291,3.292
1.26666666666667,2.844915,3.291,3.292
1.28333333333333,2.846,3.291,3.292
1.3,2.846113,3.291,3.292
1.31666666666667,2.848,3.291,3.292
1.33333333333333,2.849,3.291,3.292
1.35,2.85,3.291,3.292
1.36666666666667,2.851,3.291,3.292
1.38333333333333,2.852,3.291,3.292
1.4,2.853,3.292,3.292
1.41666666666667,2.854,3.291,3.292
1.43333333333333,2.855,3.291,3.292
1.45,2.856,3.292,3.292
1.46666666666667,2.857,3.292,3.292
1.48333333333333,2.858,3.292,3.292
1.5,2.859,3.291,3.292
1.51666666666667,2.86,3.292,3.292
1.53333333333333,2.861,3.291,3.292
1.55,2.861353,3.291,3.292
1.56666666666667,2.862,3.291,3.292
1.58333333333333,2.863,3.292,3.292
1.6,2.864,3.292,3.293
1.61666666666667,2.865,3.292,3.292
1.63333333333333,2.866,3.292,3.292
1.65,2.866443,3.291,3.292
1.66666666666667,2.868,3.292,3.292
1.68333333333333,2.868,3.292,3.292
1.7,2.869515,3.292,3.292
1.71666666666667,2.87,3.292,3.293
1.73333333333333,2.871,3.292,3.292
1.75,2.872,3.292,3.293
1.76666666666667,2.872543,3.291,3.292
1.78333333333333,2.873442,3.292,3.293
1.8,2.874,3.292,3.293
1.81666666666667,2.875,3.292,3.293
1.83333333333333,2.875399,3.292,3.293
1.85,2.876618,3.292,3.293
1.86666666666667,2.877,3.291,3.293
1.88333333333333,2.878,3.292,3.293
1.9,2.879,3.292,3.293
1.91666666666667,2.879,3.292,3.292
1.93333333333333,2.88,3.292,3.293
1.95,2.881,3.292,3.293
1.96666666666667,2.881,3.292,3.293
1.98333333333333,2.882,3.292,3.293
2,2.883,3.292,3.293
2.01666666666667,2.884,3.292,3.293
2.03333333333333,2.884,3.292,3.293
2.05,2.885,3.292,3.293
2.06666666666667,2.885176,3.292,3.293
2.08333333333333,2.886153,3.292,3.293
2.1,2.887,3.292,3.293
2.11666666666667,2.888,3.292,3.293
2.13333333333333,2.888,3.292,3.293
2.15,2.889,3.292,3.293
2.16666666666667,2.88908,3.292,3.293
2.18333333333333,2.89,3.292,3.293
2.2,2.891,3.292,3.293
2.21666666666667,2.891,3.292,3.293
2.23333333333333,2.892,3.292,3.293
2.25,2.893,3.292,3.293
2.26666666666667,2.893984,3.292,3.293
2.28333333333333,2.894,3.292,3.293
2.3,2.894,3.292,3.293
2.31666666666667,2.895,3.292,3.293
2.33333333333333,2.895083,3.292,3.293
2.35,2.896,3.292,3.293
2.36666666666667,2.896889,3.292,3.293
2.38333333333333,2.897879,3.292,3.293
2.4,2.898,3.292,3.293
2.41666666666667,2.898,3.292,3.293
2.43333333333333,2.899,3.292,3.293
2.45,2.9,3.292,3.293
2.46666666666667,2.9,3.292,3.293
2.48333333333333,2.901,3.292,3.293
2.5,2.901222,3.292,3.293
2.51666666666667,2.902,3.292,3.293
2.53333333333333,2.902,3.292,3.293
2.55,2.903,3.292,3.293
2.56666666666667,2.903,3.292,3.293
2.58333333333333,2.903705,3.292,3.293
2.6,2.904,3.292,3.293
2.61666666666667,2.905,3.292,3.293
2.63333333333333,2.905,3.292,3.293
2.65,2.906,3.292,3.293
2.66666666666667,2.906,3.292,3.293
2.68333333333333,2.907,3.292,3.293
2.7,2.907,3.292,3.293
2.71666666666667,2.908,3.293,3.293
2.73333333333333,2.908,3.292,3.293
2.75,2.909,3.292,3.293
2.76666666666667,2.909,3.292,3.294
2.78333333333333,2.909536,3.292,3.294
2.8,2.91,3.292,3.293
2.81666666666667,2.91,3.293,3.293
2.83333333333333,2.911,3.292,3.293
2.85,2.911,3.292,3.293
2.86666666666667,2.912,3.293,3.293
2.88333333333333,2.912,3.292,3.293
2.9,2.913,3.293,3.293
2.91666666666667,2.913,3.292,3.294
2.93333333333333,2.913,3.292,3.293
2.95,2.914,3.293,3.293
2.96666666666667,2.915,3.293,3.294
2.98333333333333,2.915,3.292,3.293
3,2.915,3.293,3.294
3.01666666666667,2.916,3.293,3.294
3.03333333333333,2.916,3.292,3.294
3.05,2.916287,3.293,3.293
3.06666666666667,2.917,3.293,3.293
3.08333333333333,2.917,3.292,3.293
3.1,2.918,3.293,3.293
3.11666666666667,2.918,3.293,3.294
3.13333333333333,2.918,3.293,3.293
3.15,2.918148,3.292,3.294
3.16666666666667,2.919,3.293,3.294
3.18333333333333,2.919,3.293,3.293
3.2,2.92,3.292,3.293
3.21666666666667,2.92,3.292,3.294
3.23333333333333,2.921,3.292,3.293
3.25,2.920054,3.293,3.293
3.26666666666667,2.921,3.293,3.294
3.28333333333333,2.922,3.293,3.294
3.3,2.922,3.293,3.294
3.31666666666667,2.922,3.293,3.294
3.33333333333333,2.922985,3.293,3.294
3.35,2.923,3.293,3.294
3.36666666666667,2.923,3.293,3.294
3.38333333333333,2.923935,3.293,3.294
3.4,2.923918,3.292,3.294
3.41666666666667,2.924,3.293,3.294
3.43333333333333,2.925,3.293,3.294
3.45,2.925,3.292,3.294
3.46666666666667,2.925,3.293,3.294
3.48333333333333,2.925,3.293,3.294
3.5,2.926,3.292,3.294
3.51666666666667,2.926,3.293,3.294
3.53333333333333,2.926,3.293,3.294
3.55,2.927,3.292,3.294
3.56666666666667,2.927,3.293,3.294
3.58333333333333,2.927,3.293,3.294
3.6,2.927255,3.293,3.294
3.61666666666667,2.928,3.293,3.294
3.63333333333333,2.928,3.292,3.293
3.65,2.928308,3.293,3.294
3.66666666666667,2.929,3.292,3.294
3.68333333333333,2.929,3.293,3.294
3.7,2.929,3.293,3.294
3.71666666666667,2.93,3.293,3.294
3.73333333333333,2.93,3.293,3.294
3.75,2.93,3.293,3.294
3.76666666666667,2.930586,3.293,3.294
3.78333333333333,2.931,3.292,3.294
3.8,2.931,3.293,3.294
3.81666666666667,2.931,3.293,3.294
3.83333333333333,2.931512,3.293,3.294
3.85,2.932,3.293,3.294
3.86666666666667,2.932,3.293,3.294
3.88333333333333,2.932,3.293,3.294
3.9,2.932457,3.293,3.294
3.91666666666667,2.933,3.293,3.294
3.93333333333333,2.933,3.293,3.294
3.95,2.933,3.293,3.294
3.96666666666667,2.933,3.293,3.294
3.98333333333333,2.934,3.293,3.294
4,2.934,3.293,3.294
4.01666666666667,2.934,3.293,3.294
4.03333333333333,2.934,3.292,3.294
4.05,2.934675,3.293,3.294
4.06666666666667,2.935,3.292,3.294
4.08333333333333,2.935,3.293,3.294
4.1,2.935728,3.293,3.294
4.11666666666667,2.935742,3.293,3.294
4.13333333333333,2.936,3.293,3.294
4.15,2.936,3.292,3.294
4.16666666666667,2.936,3.293,3.294
4.18333333333333,2.936,3.293,3.294
4.2,2.936167,3.293,3.294
4.21666666666667,2.936154,3.293,3.294
4.23333333333333,2.937,3.293,3.294
4.25,2.937,3.293,3.294
4.26666666666667,2.937,3.293,3.294
4.28333333333333,2.937094,3.293,3.294
4.3,2.937923,3.293,3.294
4.31666666666667,2.938,3.293,3.294
4.33333333333333,2.938,3.293,3.294
4.35,2.938,3.293,3.294
4.36666666666667,2.939,3.293,3.294
4.38333333333333,2.938007,3.293,3.294
4.4,2.939,3.293,3.294
4.41666666666667,2.939,3.293,3.294
4.43333333333333,2.939,3.293,3.294
4.45,2.939924,3.293,3.294
4.46666666666667,2.94,3.293,3.294
4.48333333333333,2.94,3.293,3.294
4.5,2.94,3.293,3.294
4.51666666666667,2.94,3.293,3.294
4.53333333333333,2.94,3.293,3.294
4.55,2.940155,3.293,3.294
4.56666666666667,2.940175,3.293,3.294
4.58333333333333,2.941,3.293,3.294
4.6,2.941,3.293,3.294
4.61666666666667,2.941,3.293,3.294
4.63333333333333,2.941761,3.293,3.294
4.65,2.941743,3.293,3.294
4.66666666666667,2.941269,3.293,3.294
4.68333333333333,2.941287,3.293,3.294
4.7,2.942,3.293,3.294
4.71666666666667,2.942,3.293,3.294
4.73333333333333,2.942,3.293,3.294
4.75,2.942351,3.293,3.294
4.76666666666667,2.943,3.293,3.294
4.78333333333333,2.943,3.293,3.294
4.8,2.943,3.293,3.294
4.81666666666667,2.943,3.293,3.294
4.83333333333333,2.943,3.293,3.294
4.85,2.943,3.293,3.294
4.86666666666667,2.943,3.293,3.294
4.88333333333333,2.944,3.293,3.294
4.9,2.944,3.293,3.294
4.91666666666667,2.944,3.293,3.294
4.93333333333333,2.944,3.293,3.294
4.95,2.944,3.293,3.294
4.96666666666667,2.944,3.293,3.294
4.98333333333333,2.944432,3.293,3.294
5,2.945,3.293,3.294
5.01666666666667,2.944,3.293,3.294
5.03333333333333,2.945,3.293,3.294
5.05,2.945,3.293,3.294
5.06666666666667,2.945,3.293,3.294
5.08333333333333,2.945,3.293,3.294
5.1,2.945,3.293,3.294
5.11666666666667,2.945,3.293,3.294
5.13333333333333,2.946,3.293,3.294
5.15,2.945288,3.293,3.294
5.16666666666667,2.946,3.293,3.294
5.18333333333333,2.946,3.293,3.294
5.2,2.946,3.293,3.294
5.21666666666667,2.946,3.293,3.294
5.23333333333333,2.946,3.293,3.294
5.25,2.946,3.293,3.294
5.26666666666667,2.946,3.293,3.294
5.28333333333333,2.946,3.294,3.294
5.3,2.946,3.293,3.294
5.31666666666667,2.946,3.293,3.294
5.33333333333333,2.947,3.293,3.294
5.35,2.947,3.293,3.294
5.36666666666667,2.947,3.293,3.294
5.38333333333333,2.947,3.293,3.294
5.4,2.947,3.293,3.294
5.41666666666667,2.947,3.293,3.294
5.43333333333333,2.947997,3.293,3.294
5.45,2.947982,3.293,3.294
5.46666666666667,2.948,3.293,3.294
5.48333333333333,2.948,3.293,3.294
5.5,2.948,3.293,3.294
5.51666666666667,2.948,3.293,3.294
5.53333333333333,2.948,3.293,3.294
5.55,2.948,3.293,3.294
5.56666666666667,2.948,3.293,3.294
5.58333333333333,2.948874,3.293,3.294
5.6,2.948146,3.294,3.294
5.61666666666667,2.948833,3.293,3.294
5.63333333333333,2.949,3.293,3.294
5.65,2.949,3.293,3.294
5.66666666666667,2.949,3.293,3.294
5.68333333333333,2.949,3.293,3.294
5.7,2.949,3.293,3.294
5.71666666666667,2.949,3.293,3.294
5.73333333333333,2.949,3.293,3.294
5.75,2.949,3.294,3.294
5.76666666666667,2.95,3.293,3.294
5.78333333333333,2.95,3.293,3.294
5.8,2.95,3.293,3.294
5.81666666666667,2.95,3.293,3.294
5.83333333333333,2.95,3.294,3.294
5.85,2.95,3.293,3.295
5.86666666666667,2.95,3.294,3.294
5.88333333333333,2.95,3.293,3.294
5.9,2.95,3.293,3.294
5.91666666666667,2.95,3.293,3.294
5.93333333333333,2.95,3.293,3.294
5.95,2.95,3.294,3.294
5.96666666666667,2.95,3.293,3.294
5.98333333333333,2.951,3.293,3.294
6,2.951,3.293,3.294
6.01666666666667,2.951,3.293,3.294
6.03333333333333,2.951,3.293,3.294
6.05,2.951,3.293,3.294
6.06666666666667,2.951,3.293,3.294
6.08333333333333,2.951,3.293,3.294
6.1,2.951,3.293,3.295
6.11666666666667,2.951,3.293,3.294
6.13333333333333,2.95138,3.294,3.294
6.15,2.951,3.293,3.294
6.16666666666667,2.951659,3.293,3.294
6.18333333333333,2.952,3.294,3.294
6.2,2.952,3.293,3.294
6.21666666666667,2.952,3.293,3.295
6.23333333333333,2.952,3.293,3.294
6.25,2.952,3.293,3.294
6.26666666666667,2.952,3.294,3.294
6.28333333333333,2.952,3.293,3.294
6.3,2.952,3.293,3.295
6.31666666666667,2.952,3.294,3.294
6.33333333333333,2.952164,3.293,3.294
6.35,2.953,3.293,3.294
6.36666666666667,2.953,3.293,3.294
6.38333333333333,2.953,3.293,3.294
6.4,2.953,3.293,3.295
6.41666666666667,2.953,3.293,3.295
6.43333333333333,2.953,3.294,3.294
6.45,2.953,3.293,3.294
6.46666666666667,2.953,3.293,3.295
6.48333333333333,2.953,3.293,3.294
6.5,2.953011,3.293,3.294
6.51666666666667,2.953001,3.293,3.294
6.53333333333333,2.954,3.293,3.294
6.55,2.954,3.293,3.294
6.56666666666667,2.954,3.293,3.294
6.58333333333333,2.954,3.293,3.294
6.6,2.954,3.293,3.294
6.61666666666667,2.954,3.293,3.294
6.63333333333333,2.954,3.293,3.294
6.65,2.954,3.293,3.295
6.66666666666667,2.954,3.293,3.295
6.68333333333333,2.954,3.294,3.295
6.7,2.954829,3.293,3.294
6.71666666666667,2.954814,3.293,3.294
6.73333333333333,2.954,3.293,3.295
6.75,2.955,3.293,3.295
6.76666666666667,2.955,3.293,3.294
6.78333333333333,2.955,3.293,3.295
6.8,2.955,3.293,3.294
6.81666666666667,2.955,3.294,3.294
6.83333333333333,2.955,3.293,3.295
6.85,2.955,3.293,3.294
6.86666666666667,2.955,3.293,3.294
6.88333333333333,2.955,3.294,3.294
6.9,2.955,3.294,3.294
6.91666666666667,2.955,3.293,3.294
6.93333333333333,2.955612,3.293,3.295
6.95,2.955404,3.294,3.294
6.96666666666667,2.956,3.293,3.294
6.98333333333333,2.956,3.293,3.295
7,2.956,3.293,3.294
7.01666666666667,2.956,3.294,3.295
7.03333333333333,2.956,3.293,3.294
7.05,2.956,3.293,3.294
7.06666666666667,2.956,3.293,3.294
7.08333333333333,2.956,3.294,3.295
7.1,2.956,3.293,3.294
7.11666666666667,2.956,3.293,3.294
7.13333333333333,2.956,3.293,3.295
7.15,2.956,3.294,3.295
7.16666666666667,2.956606,3.293,3.294
7.18333333333333,2.956381,3.293,3.294
7.2,2.956361,3.293,3.295
7.21666666666667,2.957,3.294,3.294
7.23333333333333,2.957,3.293,3.294
7.25,2.957,3.293,3.295
7.26666666666667,2.957,3.293,3.295
7.28333333333333,2.957,3.294,3.295
7.3,2.957,3.293,3.295
7.31666666666667,2.957,3.293,3.295
7.33333333333333,2.957208,3.293,3.295
7.35,2.957,3.294,3.294
7.36666666666667,2.957,3.293,3.295
7.38333333333333,2.957,3.294,3.294
7.4,2.957124,3.294,3.295
7.41666666666667,2.957891,3.293,3.294
7.43333333333333,2.958,3.293,3.294
7.45,2.958,3.294,3.295
7.46666666666667,2.958,3.294,3.295
7.48333333333333,2.958,3.293,3.295
7.5,2.958,3.293,3.295
7.51666666666667,2.958,3.293,3.295
7.53333333333333,2.958,3.293,3.295
7.55,2.958,3.294,3.294
7.56666666666667,2.958,3.293,3.294
7.58333333333333,2.958,3.293,3.294
7.6,2.958897,3.294,3.294
7.61666666666667,2.958,3.293,3.294
7.63333333333333,2.959,3.294,3.295
7.65,2.958836,3.294,3.294
7.66666666666667,2.959,3.293,3.295
7.68333333333333,2.959,3.294,3.295
7.7,2.959,3.293,3.295
7.71666666666667,2.958236,3.294,3.295
7.73333333333333,2.959,3.294,3.295
7.75,2.959,3.293,3.294
7.76666666666667,2.959,3.293,3.295
7.78333333333333,2.959,3.293,3.295
7.8,2.959677,3.293,3.295
7.81666666666667,2.959,3.294,3.294
7.83333333333333,2.959,3.293,3.295
7.85,2.959,3.293,3.295
7.86666666666667,2.959611,3.293,3.294
7.88333333333333,2.96,3.293,3.295
7.9,2.959,3.294,3.295
7.91666666666667,2.959441,3.293,3.295
7.93333333333333,2.96,3.294,3.295
7.95,2.96,3.293,3.295
7.96666666666667,2.96,3.293,3.295
7.98333333333333,2.96,3.293,3.295
8,2.96,3.293,3.295
8.01666666666667,2.96,3.293,3.294
8.03333333333333,2.96,3.293,3.295
8.05,2.96,3.293,3.295
8.06666666666667,2.96,3.293,3.295
8.08333333333333,2.960647,3.293,3.295
8.1,2.96,3.293,3.294
8.11666666666667,2.96,3.294,3.295
8.13333333333333,2.961,3.293,3.295
8.15,2.960733,3.294,3.294
8.16666666666667,2.96,3.293,3.295
8.18333333333333,2.960767,3.293,3.294
8.2,2.96,3.293,3.294
8.21666666666667,2.961,3.294,3.295
8.23333333333333,2.961,3.293,3.295
8.25,2.961,3.293,3.295
8.26666666666667,2.961,3.293,3.294
8.28333333333333,2.961,3.293,3.295
8.3,2.961,3.293,3.295
8.31666666666667,2.961,3.294,3.295
8.33333333333333,2.961,3.293,3.295
8.35,2.961,3.294,3.295
8.36666666666667,2.961,3.294,3.295
8.38333333333333,2.961,3.294,3.295
8.4,2.961,3.294,3.295
8.41666666666667,2.961,3.293,3.294
8.43333333333333,2.962,3.294,3.295
8.45,2.962,3.294,3.295
8.46666666666667,2.962,3.293,3.295
8.48333333333333,2.962,3.294,3.295
8.5,2.962,3.293,3.295
8.51666666666667,2.962,3.293,3.295
8.53333333333333,2.962,3.294,3.295
8.55,2.962,3.293,3.295
8.56666666666667,2.962,3.293,3.295
8.58333333333333,2.962,3.294,3.295
8.6,2.962,3.293,3.295
8.61666666666667,2.962,3.293,3.295
8.63333333333333,2.962,3.294,3.295
8.65,2.962,3.294,3.295
8.66666666666667,2.962,3.294,3.295
8.68333333333333,2.962352,3.293,3.295
8.7,2.96263,3.293,3.295
8.71666666666667,2.962614,3.294,3.295
8.73333333333333,2.963,3.294,3.295
8.75,2.963,3.294,3.295
8.76666666666667,2.963,3.293,3.295
8.78333333333333,2.963,3.294,3.295
8.8,2.963,3.294,3.295
8.81666666666667,2.963,3.293,3.295
8.83333333333333,2.963,3.294,3.295
8.85,2.963,3.293,3.295
8.86666666666667,2.963,3.294,3.295
8.88333333333333,2.963,3.293,3.295
8.9,2.963405,3.294,3.295
8.91666666666667,2.963,3.293,3.295
8.93333333333333,2.963635,3.293,3.295
8.95,2.963,3.294,3.295
8.96666666666667,2.963673,3.293,3.295
8.98333333333333,2.963689,3.294,3.294
9,2.963292,3.294,3.295
9.01666666666667,2.963732,3.293,3.295
9.03333333333333,2.964,3.294,3.295
9.05,2.964,3.294,3.295
9.06666666666667,2.963213,3.294,3.295
9.08333333333333,2.964,3.294,3.295
9.1,2.964,3.294,3.295
9.11666666666667,2.964,3.294,3.295
9.13333333333333,2.964,3.294,3.295
9.15,2.964,3.293,3.295
9.16666666666667,2.964,3.294,3.295
9.18333333333333,2.965,3.294,3.295
9.2,2.964056,3.294,3.295
9.21666666666667,2.964,3.294,3.295
9.23333333333333,2.964,3.293,3.295
9.25,2.965,3.294,3.295
9.26666666666667,2.964985,3.293,3.295
9.28333333333333,2.965,3.294,3.294
9.3,2.965,3.294,3.295
9.31666666666667,2.965,3.294,3.295
9.33333333333333,2.965,3.293,3.295
9.35,2.965,3.293,3.295
9.36666666666667,2.965,3.294,3.295
9.38333333333333,2.965,3.294,3.295
9.4,2.965,3.293,3.295
9.41666666666667,2.965,3.293,3.295
9.43333333333333,2.965,3.294,3.295
9.45,2.965,3.293,3.295
9.46666666666667,2.965,3.294,3.295
9.48333333333333,2.965,3.294,3.295
9.5,2.965,3.293,3.295
9.51666666666667,2.965,3.294,3.295
9.53333333333333,2.965692,3.294,3.295
9.55,2.965324,3.293,3.295
9.56666666666667,2.965,3.293,3.295
9.58333333333333,2.965626,3.293,3.295
9.6,2.965608,3.293,3.295
9.61666666666667,2.965592,3.294,3.295
9.63333333333333,2.966,3.293,3.295
9.65,2.965452,3.294,3.295
9.66666666666667,2.966,3.294,3.295
9.68333333333333,2.966,3.294,3.295
9.7,2.966,3.294,3.295
9.71666666666667,2.966,3.294,3.295
9.73333333333333,2.966,3.293,3.295
9.75,2.966,3.293,3.295
9.76666666666667,2.966,3.293,3.295
9.78333333333333,2.966,3.293,3.295
9.8,2.966,3.293,3.295
9.81666666666667,2.966,3.293,3.295
9.83333333333333,2.966,3.293,3.295
9.85,2.966,3.294,3.295
9.86666666666667,2.966299,3.293,3.295
9.88333333333333,2.966,3.294,3.295
9.9,2.966735,3.293,3.295
9.91666666666667,2.967,3.293,3.295
9.93333333333333,2.967,3.294,3.295
9.95,2.967,3.294,3.295
9.96666666666667,2.967,3.294,3.295
9.98333333333333,2.966828,3.293,3.295
10,2.966151,3.294,3.295
10.0166666666667,2.967,3.294,3.295
10.0333333333333,2.967,3.293,3.295
10.05,2.967,3.293,3.295
10.0666666666667,2.967,3.293,3.295
10.0833333333333,2.967,3.294,3.295
10.1,2.967,3.294,3.295
10.1166666666667,2.967,3.294,3.295
10.1333333333333,2.967,3.293,3.295
10.15,2.967,3.294,3.295
10.1666666666667,2.967,3.294,3.295
10.1833333333333,2.967,3.294,3.295
10.2,2.967,3.293,3.295
10.2166666666667,2.967108,3.293,3.295
10.2333333333333,2.967125,3.294,3.295
10.25,2.967145,3.293,3.295
10.2666666666667,2.968,3.294,3.295
10.2833333333333,2.968,3.294,3.295
10.3,2.968,3.294,3.295
10.3166666666667,2.968,3.294,3.295
10.3333333333333,2.968,3.294,3.295
10.35,2.968,3.294,3.295
10.3666666666667,2.968,3.293,3.295
10.3833333333333,2.968,3.294,3.295
10.4,2.968,3.294,3.295
10.4166666666667,2.968,3.294,3.295
10.4333333333333,2.968,3.294,3.295
10.45,2.968,3.294,3.295
10.4666666666667,2.968,3.294,3.294
10.4833333333333,2.968,3.293,3.295
10.5,2.968,3.294,3.295
10.5166666666667,2.968573,3.293,3.295
10.5333333333333,2.968,3.294,3.295
10.55,2.968467,3.293,3.295
10.5666666666667,2.968512,3.293,3.295
10.5833333333333,2.968488,3.293,3.295
10.6,2.968527,3.294,3.295
10.6166666666667,2.969,3.293,3.295
10.6333333333333,2.968431,3.294,3.295
10.65,2.969,3.294,3.295
10.6666666666667,2.969,3.294,3.295
10.6833333333333,2.969,3.293,3.295
10.7,2.969,3.294,3.295
10.7166666666667,2.969,3.293,3.295
10.7333333333333,2.969,3.294,3.295
10.75,2.969,3.293,3.295
10.7666666666667,2.969,3.294,3.295
10.7833333333333,2.969,3.294,3.295
10.8,2.969,3.294,3.295
10.8166666666667,2.969,3.293,3.295
10.8333333333333,2.969183,3.293,3.295
10.85,2.969,3.294,3.295
10.8666666666667,2.969,3.294,3.295
10.8833333333333,2.969117,3.294,3.295
10.9,2.969906,3.294,3.295
10.9166666666667,2.969926,3.294,3.295
10.9333333333333,2.97,3.293,3.295
10.95,2.969965,3.294,3.295
10.9666666666667,2.97,3.294,3.295
10.9833333333333,2.97,3.294,3.295
11,2.97,3.294,3.295
11.0166666666667,2.97,3.294,3.295
11.0333333333333,2.97,3.294,3.295
11.05,2.97,3.294,3.295
11.0666666666667,2.97,3.294,3.295
11.0833333333333,2.97,3.294,3.295
11.1,2.97,3.293,3.295
11.1166666666667,2.97,3.293,3.295
11.1333333333333,2.97,3.294,3.295
11.15,2.97,3.294,3.295
11.1666666666667,2.97,3.294,3.295
11.1833333333333,2.97,3.294,3.295
11.2,2.97,3.293,3.295
11.2166666666667,2.97,3.293,3.295
11.2333333333333,2.970705,3.294,3.295
11.25,2.97,3.294,3.295
11.2666666666667,2.97,3.293,3.295
11.2833333333333,2.970361,3.294,3.295
11.3,2.970383,3.294,3.295
11.3166666666667,2.971,3.294,3.295
11.3333333333333,2.970578,3.294,3.295
11.35,2.971,3.294,3.295
11.3666666666667,2.971,3.293,3.295
11.3833333333333,2.971,3.294,3.295
11.4,2.971,3.294,3.295
11.4166666666667,2.971,3.294,3.295
11.4333333333333,2.971,3.293,3.295
11.45,2.971,3.294,3.295
11.4666666666667,2.971,3.294,3.295
11.4833333333333,2.971,3.294,3.295
11.5,2.971,3.294,3.295
11.5166666666667,2.971,3.294,3.295
11.5333333333333,2.971,3.294,3.295
11.55,2.971,3.294,3.295
11.5666666666667,2.971683,3.293,3.295
11.5833333333333,2.971,3.294,3.295
11.6,2.971,3.294,3.295
11.6166666666667,2.972,3.294,3.295
11.6333333333333,2.971,3.294,3.295
11.65,2.971774,3.294,3.295
11.6666666666667,2.972,3.294,3.295
11.6833333333333,2.972,3.293,3.295
11.7,2.971833,3.294,3.295
11.7166666666667,2.972,3.294,3.295
11.7333333333333,2.972,3.294,3.295
11.75,2.972,3.294,3.295
11.7666666666667,2.972,3.294,3.295
11.7833333333333,2.972,3.294,3.295
11.8,2.971051,3.294,3.295
11.8166666666667,2.972,3.293,3.295
11.8333333333333,2.972,3.293,3.295
11.85,2.972,3.294,3.295
11.8666666666667,2.972,3.294,3.295
11.8833333333333,2.972,3.294,3.295
11.9,2.972,3.294,3.295
11.9166666666667,2.972,3.294,3.295
11.9333333333333,2.972,3.294,3.295
11.95,2.972,3.293,3.295
11.9666666666667,2.972,3.294,3.295
11.9833333333333,2.972178,3.293,3.295
12,2.973,3.293,3.295
12.0166666666667,2.972217,3.294,3.295
12.0333333333333,2.972765,3.293,3.295
12.05,2.973,3.293,3.295
12.0666666666667,2.972725,3.294,3.295
12.0833333333333,2.972,3.294,3.295
12.1,2.973,3.293,3.295
12.1166666666667,2.973,3.293,3.295
12.1333333333333,2.973,3.293,3.295
12.15,2.973,3.294,3.295
12.1666666666667,2.973,3.293,3.295
12.1833333333333,2.973,3.294,3.295
12.2,2.973,3.294,3.295
12.2166666666667,2.973,3.294,3.295
12.2333333333333,2.973,3.294,3.295
12.25,2.973,3.293,3.295
12.2666666666667,2.973,3.294,3.295
12.2833333333333,2.973,3.294,3.295
12.3,2.973,3.294,3.295
12.3166666666667,2.973,3.294,3.295
12.3333333333333,2.973,3.294,3.295
12.35,2.973,3.293,3.295
12.3666666666667,2.973628,3.294,3.295
12.3833333333333,2.973649,3.294,3.296
12.4,2.974,3.294,3.295
12.4166666666667,2.973688,3.294,3.295
12.4333333333333,2.973707,3.294,3.295
12.45,2.973727,3.293,3.295
12.4666666666667,2.974,3.294,3.295
12.4833333333333,2.974,3.293,3.295
12.5,2.974,3.294,3.295
12.5166666666667,2.974,3.294,3.295
12.5333333333333,2.974,3.294,3.295
12.55,2.974,3.294,3.295
12.5666666666667,2.974,3.294,3.295
12.5833333333333,2.974,3.294,3.295
12.6,2.974,3.294,3.295
12.6166666666667,2.973922,3.294,3.295
12.6333333333333,2.974,3.294,3.295
12.65,2.974,3.294,3.295
12.6666666666667,2.974,3.294,3.295
12.6833333333333,2.974,3.294,3.295
12.7,2.974,3.294,3.295
12.7166666666667,2.974,3.294,3.295
12.7333333333333,2.974,3.294,3.295
12.75,2.974,3.294,3.295
12.7666666666667,2.974,3.294,3.295
12.7833333333333,2.974,3.294,3.295
12.8,2.974,3.294,3.295
12.8166666666667,2.974,3.293,3.295
12.8333333333333,2.974,3.294,3.295
12.85,2.97419,3.294,3.295
12.8666666666667,2.97479,3.294,3.295
12.8833333333333,2.974229,3.293,3.295
12.9,2.974749,3.294,3.295
12.9166666666667,2.974734,3.293,3.295
12.9333333333333,2.975,3.294,3.295
12.95,2.974701,3.293,3.295
12.9666666666667,2.975,3.294,3.295
12.9833333333333,2.975,3.294,3.295
13,2.975,3.294,3.295
13.0166666666667,2.975,3.294,3.295
13.0333333333333,2.975,3.294,3.295
13.05,2.975,3.294,3.295
13.0666666666667,2.975,3.294,3.295
13.0833333333333,2.975,3.294,3.295
13.1,2.975,3.294,3.295
13.1166666666667,2.975,3.294,3.295
13.1333333333333,2.975,3.294,3.295
13.15,2.975,3.294,3.295
13.1666666666667,2.975,3.294,3.295
13.1833333333333,2.975,3.294,3.295
13.2,2.975,3.294,3.295
13.2166666666667,2.975,3.294,3.295
13.2333333333333,2.975,3.294,3.295
13.25,2.975347,3.294,3.295
13.2666666666667,2.975,3.294,3.295
13.2833333333333,2.975,3.294,3.295
13.3,2.975,3.293,3.295
13.3166666666667,2.975,3.294,3.295
13.3333333333333,2.975754,3.294,3.295
13.35,2.976,3.293,3.295
13.3666666666667,2.975208,3.294,3.295
13.3833333333333,2.976,3.293,3.295
13.4,2.976,3.294,3.295
13.4166666666667,2.976,3.294,3.295
13.4333333333333,2.976,3.294,3.295
13.45,2.976,3.293,3.295
13.4666666666667,2.976,3.294,3.295
13.4833333333333,2.976,3.294,3.295
13.5,2.976,3.293,3.295
13.5166666666667,2.976,3.294,3.295
13.5333333333333,2.976,3.294,3.295
13.55,2.976,3.294,3.295
13.5666666666667,2.976,3.294,3.295
13.5833333333333,2.976,3.294,3.295
13.6,2.976,3.294,3.295
13.6166666666667,2.976,3.294,3.295
13.6333333333333,2.976,3.294,3.295
13.65,2.976,3.294,3.295
13.6666666666667,2.97613,3.294,3.295
13.6833333333333,2.976,3.294,3.295
13.7,2.976832,3.294,3.295
13.7166666666667,2.976807,3.294,3.295
13.7333333333333,2.976216,3.294,3.295
13.75,2.976241,3.294,3.295
13.7666666666667,2.976737,3.294,3.295
13.7833333333333,2.976713,3.293,3.295
13.8,2.977,3.294,3.295
13.8166666666667,2.977,3.294,3.295
13.8333333333333,2.976344,3.294,3.295
13.85,2.977,3.294,3.296
13.8666666666667,2.977,3.294,3.295
13.8833333333333,2.977,3.294,3.295
13.9,2.977,3.294,3.295
13.9166666666667,2.977,3.294,3.295
13.9333333333333,2.977,3.294,3.295
13.95,2.977,3.293,3.295
13.9666666666667,2.977,3.294,3.295
13.9833333333333,2.977,3.294,3.295
14,2.977,3.294,3.295
14.0166666666667,2.977,3.294,3.295
14.0333333333333,2.977,3.294,3.295
14.05,2.977403,3.294,3.295
14.0666666666667,2.977,3.294,3.295
14.0833333333333,2.977364,3.294,3.295
14.1,2.977,3.294,3.295
14.1166666666667,2.977323,3.294,3.295
14.1333333333333,2.977305,3.294,3.295
14.15,2.977,3.294,3.295
14.1666666666667,2.978,3.294,3.295
14.1833333333333,2.977,3.294,3.295
14.2,2.978,3.294,3.295
14.2166666666667,2.977787,3.294,3.295
14.2333333333333,2.977199,3.294,3.295
14.25,2.978,3.294,3.295
14.2666666666667,2.978,3.294,3.295
14.2833333333333,2.978,3.294,3.295
14.3,2.978,3.294,3.295
14.3166666666667,2.978,3.294,3.295
14.3333333333333,2.978,3.294,3.295
14.35,2.978,3.294,3.295
14.3666666666667,2.978,3.294,3.295
14.3833333333333,2.978,3.294,3.295
14.4,2.978,3.294,3.295
14.4166666666667,2.978,3.294,3.295
14.4333333333333,2.978,3.294,3.295
14.45,2.978,3.294,3.295
14.4666666666667,2.978913,3.294,3.295
14.4833333333333,2.978,3.294,3.295
14.5,2.978,3.294,3.295
14.5166666666667,2.97815,3.294,3.295
14.5333333333333,2.978,3.294,3.296
14.55,2.978,3.294,3.295
14.5666666666667,2.978,3.294,3.295
14.5833333333333,2.978,3.294,3.295
14.6,2.978754,3.294,3.295
14.6166666666667,2.978,3.294,3.295
14.6333333333333,2.978,3.294,3.295
14.65,2.978308,3.294,3.295
14.6666666666667,2.978667,3.294,3.295
14.6833333333333,2.978,3.294,3.295
14.7,2.978,3.294,3.295
14.7166666666667,2.978,3.293,3.295
14.7333333333333,2.978,3.294,3.295
14.75,2.978,3.294,3.295
14.7666666666667,2.978,3.294,3.295
14.7833333333333,2.977481,3.294,3.295
14.8,2.978,3.294,3.295
14.8166666666667,2.978,3.294,3.295
14.8333333333333,2.978,3.294,3.295
14.85,2.978434,3.294,3.295
14.8666666666667,2.978,3.294,3.295
14.8833333333333,2.978,3.294,3.295
14.9,2.978,3.294,3.295
14.9166666666667,2.978,3.294,3.295
14.9333333333333,2.978,3.294,3.295
14.95,2.978,3.294,3.295
14.9666666666667,2.978,3.293,3.296
14.9833333333333,2.977265,3.294,3.295
15,2.978,3.294,3.296
15.0166666666667,2.978,3.294,3.295
15.0333333333333,2.978,3.294,3.295
15.05,2.978,3.294,3.295
15.0666666666667,2.977155,3.294,3.295
15.0833333333333,2.978,3.294,3.295
15.1,2.978,3.294,3.295
15.1166666666667,2.978,3.294,3.295
15.1333333333333,2.978,3.294,3.295
15.15,2.978,3.294,3.295
15.1666666666667,2.978,3.294,3.295
15.1833333333333,2.978,3.294,3.295
15.2,2.978,3.294,3.295
15.2166666666667,2.978,3.294,3.295
15.2333333333333,2.978,3.293,3.295
15.25,2.978,3.294,3.295
15.2666666666667,2.978,3.294,3.295
15.2833333333333,2.978,3.294,3.295
15.3,2.978,3.294,3.295
15.3166666666667,2.978,3.294,3.295
15.3333333333333,2.978,3.293,3.296
15.35,2.978,3.294,3.295
15.3666666666667,2.978,3.294,3.295
15.3833333333333,2.978,3.294,3.295
15.4,2.978,3.294,3.295
15.4166666666667,2.978,3.293,3.295
15.4333333333333,2.978,3.294,3.295
15.45,2.978,3.294,3.295
15.4666666666667,2.978,3.294,3.295
15.4833333333333,2.978,3.294,3.295
15.5,2.978,3.294,3.295
15.5166666666667,2.978,3.293,3.295
15.5333333333333,2.978,3.294,3.295
15.55,2.978457,3.294,3.296
15.5666666666667,2.978,3.294,3.295
15.5833333333333,2.978492,3.294,3.295
15.6,2.978,3.294,3.295
15.6166666666667,2.978449,3.294,3.295
15.6333333333333,2.978,3.294,3.295
15.65,2.978,3.294,3.295
15.6666666666667,2.978388,3.294,3.295
15.6833333333333,2.979,3.294,3.295
15.7,2.978347,3.294,3.295
15.7166666666667,2.979,3.294,3.295
15.7333333333333,2.978302,3.294,3.295
15.75,2.978,3.294,3.295
15.7666666666667,2.978256,3.294,3.295
15.7833333333333,2.978762,3.294,3.295
15.8,2.979,3.294,3.295
15.8166666666667,2.978201,3.294,3.295
15.8333333333333,2.978828,3.294,3.296
15.85,2.979,3.294,3.295
15.8666666666667,2.979,3.294,3.296
15.8833333333333,2.978116,3.294,3.295
15.9,2.979,3.294,3.295
15.9166666666667,2.979,3.294,3.296
15.9333333333333,2.979,3.294,3.295
15.95,2.979,3.294,3.295
15.9666666666667,2.97902,3.294,3.295
15.9833333333333,2.979997,3.294,3.295
16,2.979018,3.294,3.295
16.0166666666667,2.979034,3.294,3.295
16.0333333333333,2.98,3.294,3.295
16.05,2.98,3.294,3.295
16.0666666666667,2.98,3.294,3.295
16.0833333333333,2.98,3.294,3.295
16.1,2.98,3.294,3.295
16.1166666666667,2.980154,3.293,3.295
16.1333333333333,2.980828,3.294,3.295
16.15,2.980806,3.294,3.295
16.1666666666667,2.980215,3.294,3.295
16.1833333333333,2.981,3.294,3.295
16.2,2.98,3.294,3.295
16.2166666666667,2.981,3.293,3.295
16.2333333333333,2.981,3.294,3.295
16.25,2.981,3.294,3.295
16.2666666666667,2.981,3.294,3.295
16.2833333333333,2.981,3.294,3.295
16.3,2.981,3.294,3.295
16.3166666666667,2.981,3.293,3.295
16.3333333333333,2.981,3.294,3.295
16.35,2.981,3.294,3.295
16.3666666666667,2.981519,3.294,3.295
16.3833333333333,2.9815,3.294,3.295
16.4,2.981,3.294,3.295
16.4166666666667,2.981462,3.294,3.295
16.4333333333333,2.981441,3.294,3.295
16.45,2.981424,3.294,3.295
16.4666666666667,2.981601,3.294,3.295
16.4833333333333,2.981619,3.294,3.295
16.5,2.982,3.294,3.295
16.5166666666667,2.982,3.294,3.295
16.5333333333333,2.982,3.294,3.295
16.55,2.982,3.294,3.295
16.5666666666667,2.982,3.294,3.295
16.5833333333333,2.982,3.294,3.295
16.6,2.982,3.294,3.295
16.6166666666667,2.982,3.294,3.295
16.6333333333333,2.982,3.294,3.295
16.65,2.982,3.294,3.295
16.6666666666667,2.982,3.294,3.295
16.6833333333333,2.982857,3.294,3.295
16.7,2.982876,3.294,3.295
16.7166666666667,2.982103,3.294,3.295
16.7333333333333,2.982084,3.294,3.295
16.75,2.982934,3.294,3.295
16.7666666666667,2.982,3.294,3.295
16.7833333333333,2.982975,3.294,3.295
16.8,2.983,3.294,3.295
16.8166666666667,2.982024,3.294,3.295
16.8333333333333,2.983,3.294,3.295
16.85,2.983,3.294,3.295
16.8666666666667,2.983,3.294,3.295
16.8833333333333,2.983,3.294,3.295
16.9,2.983,3.294,3.295
16.9166666666667,2.983,3.294,3.295
16.9333333333333,2.983,3.294,3.295
16.95,2.983,3.294,3.295
16.9666666666667,2.983,3.294,3.295
16.9833333333333,2.983,3.294,3.295
17,2.983,3.294,3.295
17.0166666666667,2.983,3.294,3.295
17.0333333333333,2.983,3.294,3.295
17.05,2.983,3.294,3.295
17.0666666666667,2.983,3.294,3.295
17.0833333333333,2.983,3.294,3.295
17.1,2.983,3.294,3.295
17.1166666666667,2.983,3.294,3.295
17.1333333333333,2.983,3.294,3.295
17.15,2.983594,3.293,3.295
17.1666666666667,2.983426,3.294,3.295
17.1833333333333,2.983,3.294,3.295
17.2,2.984,3.294,3.295
17.2166666666667,2.983504,3.294,3.295
17.2333333333333,2.983,3.294,3.295
17.25,2.984,3.294,3.295
17.2666666666667,2.984,3.294,3.295
17.2833333333333,2.984,3.294,3.295
17.3,2.9834,3.294,3.295
17.3166666666667,2.983622,3.294,3.295
17.3333333333333,2.984,3.294,3.295
17.35,2.984,3.294,3.295
17.3666666666667,2.984,3.294,3.295
17.3833333333333,2.984,3.294,3.295
17.4,2.984,3.294,3.295
17.4166666666667,2.984,3.294,3.295
17.4333333333333,2.984,3.294,3.295
17.45,2.984,3.294,3.295
17.4666666666667,2.984,3.294,3.295
17.4833333333333,2.984,3.294,3.295
17.5,2.984,3.294,3.295
17.5166666666667,2.984131,3.294,3.295
17.5333333333333,2.984,3.294,3.295
17.55,2.984,3.294,3.295
17.5666666666667,2.984927,3.294,3.295
17.5833333333333,2.984052,3.294,3.295
17.6,2.984,3.294,3.295
17.6166666666667,2.984,3.294,3.295
17.6333333333333,2.984,3.294,3.295
17.65,2.984024,3.294,3.295
17.6666666666667,2.984946,3.294,3.295
17.6833333333333,2.984077,3.294,3.295
17.7,2.985,3.294,3.295
17.7166666666667,2.984882,3.294,3.295
17.7333333333333,2.985,3.294,3.295
17.75,2.985,3.294,3.295
17.7666666666667,2.984185,3.294,3.295
17.7833333333333,2.984794,3.294,3.295
17.8,2.985,3.294,3.295
17.8166666666667,2.984753,3.294,3.295
17.8333333333333,2.985,3.295,3.295
17.85,2.985,3.294,3.295
17.8666666666667,2.985,3.294,3.295
17.8833333333333,2.985,3.294,3.295
17.9,2.985,3.294,3.295
17.9166666666667,2.985,3.294,3.295
17.9333333333333,2.985,3.293,3.295
17.95,2.985,3.294,3.295
17.9666666666667,2.985,3.294,3.295
17.9833333333333,2.985,3.294,3.295
18,2.985,3.294,3.295
18.0166666666667,2.985,3.294,3.295
18.0333333333333,2.985,3.294,3.295
18.05,2.985,3.294,3.295
18.0666666666667,2.985,3.294,3.295
18.0833333333333,2.985,3.294,3.295
18.1,2.985,3.294,3.295
18.1166666666667,2.986,3.294,3.295
18.1333333333333,2.985,3.294,3.295
18.15,2.985338,3.294,3.295
18.1666666666667,2.985,3.294,3.295
18.1833333333333,2.985283,3.294,3.295
18.2,2.985739,3.294,3.295
18.2166666666667,2.985,3.294,3.295
18.2333333333333,2.986,3.294,3.295
18.25,2.985,3.294,3.295
18.2666666666667,2.985831,3.294,3.295
18.2833333333333,2.986,3.294,3.295
18.3,2.985131,3.294,3.295
18.3166666666667,2.986,3.294,3.295
18.3333333333333,2.986,3.294,3.295
18.35,2.986,3.294,3.295
18.3666666666667,2.986,3.294,3.295
18.3833333333333,2.986,3.294,3.295
18.4,2.986,3.294,3.295
18.4166666666667,2.986,3.294,3.295
18.4333333333333,2.986,3.294,3.295
18.45,2.986,3.294,3.295
18.4666666666667,2.986,3.294,3.295
18.4833333333333,2.986,3.294,3.295
18.5,2.986,3.294,3.295
18.5166666666667,2.986,3.294,3.295
18.5333333333333,2.986,3.294,3.295
18.55,2.986,3.294,3.295
18.5666666666667,2.986,3.294,3.295
18.5833333333333,2.986,3.294,3.295
18.6,2.986744,3.294,3.295
18.6166666666667,2.986,3.294,3.295
18.6333333333333,2.986,3.294,3.295
18.65,2.986,3.294,3.295
18.6666666666667,2.986,3.294,3.295
18.6833333333333,2.986367,3.294,3.295
18.7,2.986,3.294,3.295
18.7166666666667,2.987,3.294,3.295
18.7333333333333,2.986565,3.294,3.295
18.75,2.987,3.293,3.295
18.7666666666667,2.986521,3.294,3.295
18.7833333333333,2.986502,3.294,3.295
18.8,2.987,3.294,3.295
18.8166666666667,2.987,3.294,3.295
18.8333333333333,2.986431,3.294,3.295
18.85,2.986407,3.294,3.295
18.8666666666667,2.987,3.294,3.295
18.8833333333333,2.987,3.294,3.295
18.9,2.987,3.294,3.295
18.9166666666667,2.987,3.294,3.295
18.9333333333333,2.986716,3.294,3.295
18.95,2.987,3.294,3.295
18.9666666666667,2.987,3.294,3.295
18.9833333333333,2.987,3.294,3.295
19,2.987,3.294,3.295
19.0166666666667,2.987,3.294,3.295
19.0333333333333,2.987,3.294,3.295
19.05,2.987,3.294,3.295
19.0666666666667,2.987,3.294,3.295
19.0833333333333,2.987,3.294,3.295
19.1,2.987,3.294,3.295
19.1166666666667,2.987,3.294,3.295
19.1333333333333,2.987,3.294,3.295
19.15,2.987,3.294,3.295
19.1666666666667,2.987,3.294,3.295
19.1833333333333,2.987,3.294,3.295
19.2,2.987,3.294,3.295
19.2166666666667,2.987,3.294,3.295
19.2333333333333,2.987,3.294,3.295
19.25,2.987866,3.294,3.295
19.2666666666667,2.987844,3.294,3.295
19.2833333333333,2.987,3.294,3.295
19.3,2.987,3.294,3.295
19.3166666666667,2.987,3.294,3.295
19.3333333333333,2.988,3.294,3.295
19.35,2.987,3.294,3.295
19.3666666666667,2.987293,3.294,3.295
19.3833333333333,2.988,3.294,3.295
19.4,2.988,3.294,3.295
19.4166666666667,2.988,3.294,3.295
19.4333333333333,2.988,3.293,3.295
19.45,2.987393,3.294,3.295
19.4666666666667,2.988,3.294,3.295
19.4833333333333,2.988,3.294,3.295
19.5,2.987457,3.294,3.295
19.5166666666667,2.988,3.294,3.295
19.5333333333333,2.988,3.294,3.295
19.55,2.988,3.294,3.295
19.5666666666667,2.988,3.294,3.295
19.5833333333333,2.988,3.294,3.295
19.6,2.988,3.294,3.295
19.6166666666667,2.988,3.294,3.295
19.6333333333333,2.988,3.294,3.295
19.65,2.988,3.294,3.295
19.6666666666667,2.988,3.294,3.295
19.6833333333333,2.988,3.294,3.295
19.7,2.988,3.294,3.295
19.7166666666667,2.988,3.294,3.295
19.7333333333333,2.988,3.294,3.295
19.75,2.988,3.294,3.295
19.7666666666667,2.988,3.294,3.295
19.7833333333333,2.988,3.294,3.295
19.8,2.988,3.294,3.295
19.8166666666667,2.988,3.294,3.295
19.8333333333333,2.988,3.294,3.295
19.85,2.988,3.294,3.295
19.8666666666667,2.98807,3.294,3.295
19.8833333333333,2.988,3.294,3.295
19.9,2.989,3.294,3.295
19.9166666666667,2.988,3.294,3.295
19.9333333333333,2.98802,3.294,3.295
19.95,2.988,3.294,3.295
19.9666666666667,2.988068,3.294,3.295
19.9833333333333,2.988,3.294,3.295
20,2.98889,3.294,3.295
20.0166666666667,2.988134,3.294,3.295
20.0333333333333,2.98815,3.294,3.295
20.05,2.989,3.294,3.295
20.0666666666667,2.988,3.294,3.295
20.0833333333333,2.989,3.294,3.295
20.1,2.989,3.294,3.295
20.1166666666667,2.988267,3.294,3.295
20.1333333333333,2.988715,3.294,3.295
20.15,2.988688,3.294,3.295
20.1666666666667,2.989,3.294,3.295
20.1833333333333,2.989,3.294,3.295
20.2,2.989,3.294,3.295
20.2166666666667,2.989,3.294,3.295
20.2333333333333,2.989,3.294,3.295
20.25,2.989,3.294,3.295
20.2666666666667,2.989,3.294,3.295
20.2833333333333,2.989,3.294,3.295
20.3,2.989,3.294,3.295
20.3166666666667,2.989,3.293,3.295
20.3333333333333,2.989,3.294,3.295
20.35,2.989,3.294,3.295
20.3666666666667,2.989,3.294,3.295
20.3833333333333,2.989,3.294,3.295
20.4,2.989332,3.294,3.295
20.4166666666667,2.989,3.294,3.295
20.4333333333333,2.989,3.294,3.295
20.45,2.989,3.295,3.295
20.4666666666667,2.989,3.294,3.295
20.4833333333333,2.989,3.294,3.295
20.5,2.989,3.294,3.295
20.5166666666667,2.989,3.294,3.295
20.5333333333333,2.989,3.294,3.295
20.55,2.989877,3.294,3.295
20.5666666666667,2.989,3.294,3.295
20.5833333333333,2.989918,3.294,3.295
20.6,2.989,3.294,3.295
20.6166666666667,2.989043,3.294,3.295
20.6333333333333,2.989027,3.294,3.295
20.65,2.99,3.294,3.295
20.6666666666667,2.989,3.294,3.295
20.6833333333333,2.989,3.294,3.295
20.7,2.99,3.294,3.295
20.7166666666667,2.989913,3.294,3.295
20.7333333333333,2.989109,3.295,3.295
20.75,2.98987,3.294,3.295
20.7666666666667,2.989845,3.294,3.295
20.7833333333333,2.989826,3.294,3.295
20.8,2.989194,3.294,3.295
20.8166666666667,2.99,3.294,3.295
20.8333333333333,2.99,3.294,3.295
20.85,2.99,3.294,3.295
20.8666666666667,2.989703,3.294,3.295
20.8833333333333,2.99,3.294,3.295
20.9,2.989659,3.294,3.295
20.9166666666667,2.99,3.294,3.295
20.9333333333333,2.99,3.294,3.295
20.95,2.99,3.294,3.295
20.9666666666667,2.99,3.294,3.295
20.9833333333333,2.99,3.294,3.295
21,2.99,3.293,3.295
21.0166666666667,2.99,3.294,3.295
21.0333333333333,2.99,3.294,3.295
21.05,2.99,3.294,3.295
21.0666666666667,2.99,3.294,3.295
21.0833333333333,2.99,3.294,3.296
21.1,2.99,3.294,3.295
21.1166666666667,2.990366,3.294,3.295
21.1333333333333,2.99,3.293,3.295
21.15,2.99,3.294,3.295
21.1666666666667,2.99,3.294,3.295
21.1833333333333,2.99,3.294,3.295
21.2,2.99074,3.295,3.295
21.2166666666667,2.99,3.294,3.295
21.2333333333333,2.990213,3.294,3.295
21.25,2.990189,3.294,3.296
21.2666666666667,2.99,3.294,3.295
21.2833333333333,2.991,3.294,3.295
21.3,2.990883,3.294,3.295
21.3166666666667,2.990088,3.294,3.295
21.3333333333333,2.991,3.294,3.295
21.35,2.99,3.294,3.295
21.3666666666667,2.991,3.293,3.295
21.3833333333333,2.991,3.294,3.295
21.4,2.99,3.294,3.295
21.4166666666667,2.991,3.294,3.295
21.4333333333333,2.990924,3.294,3.296
21.45,2.990098,3.294,3.295
21.4666666666667,2.991,3.294,3.295
21.4833333333333,2.991,3.294,3.295
21.5,2.991,3.294,3.295
21.5166666666667,2.991,3.294,3.295
21.5333333333333,2.991,3.294,3.295
21.55,2.991,3.294,3.295
21.5666666666667,2.991,3.294,3.295
21.5833333333333,2.991,3.294,3.295
21.6,2.991,3.294,3.295
21.6166666666667,2.991,3.294,3.295
21.6333333333333,2.991,3.294,3.295
21.65,2.991,3.294,3.296
21.6666666666667,2.991,3.294,3.295
21.6833333333333,2.991,3.294,3.295
21.7,2.991548,3.294,3.295
21.7166666666667,2.991,3.294,3.295
21.7333333333333,2.991,3.294,3.295
21.75,2.991,3.294,3.295
21.7666666666667,2.991,3.294,3.295
21.7833333333333,2.991,3.294,3.295
21.8,2.991401,3.294,3.295
21.8166666666667,2.991,3.294,3.295
21.8333333333333,2.991,3.294,3.296
21.85,2.991,3.294,3.295
21.8666666666667,2.991315,3.294,3.295
21.8833333333333,2.991,3.294,3.295
21.9,2.991,3.294,3.295
21.9166666666667,2.991248,3.294,3.295
21.9333333333333,2.991778,3.295,3.295
21.95,2.991802,3.294,3.295
21.9666666666667,2.991828,3.294,3.296
21.9833333333333,2.991,3.294,3.296
22,2.992,3.294,3.295
22.0166666666667,2.991096,3.294,3.295
22.0333333333333,2.991072,3.294,3.296
22.05,2.992,3.294,3.295
22.0666666666667,2.991028,3.294,3.296
22.0833333333333,2.992,3.294,3.295
22.1,2.991976,3.294,3.295
22.1166666666667,2.992,3.294,3.295
22.1333333333333,2.991922,3.294,3.295
22.15,2.992,3.294,3.295
22.1666666666667,2.992,3.294,3.295
22.1833333333333,2.992,3.294,3.296
22.2,2.992,3.294,3.295
22.2166666666667,2.992,3.294,3.296
22.2333333333333,2.992,3.294,3.295
22.25,2.992,3.294,3.295
22.2666666666667,2.992,3.294,3.295
22.2833333333333,2.992,3.294,3.295
22.3,2.992,3.294,3.295
22.3166666666667,2.992,3.294,3.295
22.3333333333333,2.992,3.294,3.295
22.35,2.992,3.294,3.295
22.3666666666667,2.992,3.294,3.295
22.3833333333333,2.992,3.294,3.295
22.4,2.992,3.294,3.295
22.4166666666667,2.992,3.293,3.295
22.4333333333333,2.992,3.294,3.296
22.45,2.992,3.294,3.295
22.4666666666667,2.992,3.294,3.295
22.4833333333333,2.992,3.294,3.296
22.5,2.992388,3.294,3.295
22.5166666666667,2.992,3.294,3.295
22.5333333333333,2.992,3.294,3.295
22.55,2.992319,3.294,3.295
22.5666666666667,2.992292,3.294,3.295
22.5833333333333,2.992,3.294,3.296
22.6,2.993,3.294,3.295
22.6166666666667,2.993,3.294,3.296
22.6333333333333,2.992195,3.294,3.295
22.65,2.992826,3.294,3.295
22.6666666666667,2.992,3.294,3.296
22.6833333333333,2.992132,3.294,3.296
22.7,2.993,3.294,3.296
22.7166666666667,2.992087,3.294,3.295
22.7333333333333,2.993,3.293,3.296
22.75,2.992041,3.294,3.295
22.7666666666667,2.992,3.294,3.296
22.7833333333333,2.993,3.294,3.295
22.8,2.992976,3.294,3.295
22.8166666666667,2.992951,3.294,3.295
22.8333333333333,2.993,3.294,3.295
22.85,2.993,3.294,3.296
22.8666666666667,2.993,3.294,3.296
22.8833333333333,2.993,3.294,3.295
22.9,2.993,3.294,3.295
22.9166666666667,2.993,3.294,3.295
22.9333333333333,2.993,3.294,3.295
22.95,2.993,3.294,3.295
22.9666666666667,2.993,3.294,3.296
22.9833333333333,2.993,3.294,3.295
23,2.993,3.294,3.295
23.0166666666667,2.993,3.294,3.296
23.0333333333333,2.993,3.294,3.296
23.05,2.993,3.294,3.296
23.0666666666667,2.993,3.294,3.295
23.0833333333333,2.993,3.294,3.295
23.1,2.993,3.294,3.295
23.1166666666667,2.993,3.294,3.295
23.1333333333333,2.993,3.294,3.295
23.15,2.993,3.294,3.295
23.1666666666667,2.993,3.294,3.295
23.1833333333333,2.993,3.294,3.295
23.2,2.993,3.294,3.295
23.2166666666667,2.993,3.294,3.296
23.2333333333333,2.993,3.294,3.295
23.25,2.993,3.294,3.295
23.2666666666667,2.993,3.294,3.295
23.2833333333333,2.993,3.294,3.296
23.3,2.994,3.294,3.296
23.3166666666667,2.993,3.294,3.296
23.3333333333333,2.993,3.294,3.296
23.35,2.993,3.294,3.295
23.3666666666667,2.99313,3.294,3.295
23.3833333333333,2.993895,3.294,3.295
23.4,2.993076,3.294,3.295
23.4166666666667,2.993,3.294,3.295
23.4333333333333,2.994,3.294,3.296
23.45,2.993,3.294,3.296
23.4666666666667,2.993017,3.295,3.295
23.4833333333333,2.993047,3.294,3.295
23.5,2.993,3.294,3.295
23.5166666666667,2.994,3.294,3.296
23.5333333333333,2.994,3.294,3.296
23.55,2.994,3.294,3.296
23.5666666666667,2.993835,3.294,3.295
23.5833333333333,2.994,3.294,3.295
23.6,2.994,3.294,3.296
23.6166666666667,2.994,3.294,3.296
23.6333333333333,2.994,3.294,3.296
23.65,2.994,3.294,3.296
23.6666666666667,2.994,3.294,3.296
23.6833333333333,2.994,3.294,3.295
23.7,2.994,3.294,3.296
23.7166666666667,2.994,3.294,3.296
23.7333333333333,2.994,3.294,3.295
23.75,2.994,3.294,3.296
23.7666666666667,2.994,3.294,3.295
23.7833333333333,2.994,3.294,3.295
23.8,2.994,3.294,3.295
23.8166666666667,2.994,3.294,3.296
23.8333333333333,2.994,3.294,3.296
23.85,2.994,3.295,3.295
23.8666666666667,2.994,3.294,3.296
23.8833333333333,2.994,3.294,3.295
23.9,2.994,3.294,3.295
23.9166666666667,2.994,3.294,3.295
23.9333333333333,2.994,3.294,3.295
23.95,2.994,3.294,3.296
23.9666666666667,2.994,3.294,3.295
23.9833333333333,2.994,3.294,3.295
24,2.994,3.294,3.296
