Timestamp [h],BATT_008_OCV_V_00-SOC
0,1.003
0.0166666666666667,1.155
0.0333333333333333,1.161994
0.05,1.165021
0.0666666666666667,1.169
0.0833333333333333,1.17194
0.1,1.173073
0.116666666666667,1.175088
0.133333333333333,1.177
0.15,1.178867
0.166666666666667,1.18
0.183333333333333,1.181
0.2,1.182813
0.216666666666667,1.183
0.233333333333333,1.184
0.25,1.184241
0.266666666666667,1.185746
0.283333333333333,1.186
0.3,1.187
0.316666666666667,1.188
0.333333333333333,1.188684
0.35,1.189
0.366666666666667,1.19
0.383333333333333,1.188737
0.4,1.190617
0.416666666666667,1.190396
0.433333333333333,1.191586
0.45,1.192
0.466666666666667,1.192451
0.483333333333333,1.192527
0.5,1.193492
0.516666666666667,1.193
0.533333333333333,1.194
0.55,1.194459
0.566666666666667,1.195
0.583333333333333,1.195
0.6,1.19541
0.616666666666667,1.196
0.633333333333333,1.195259
0.65,1.196
0.666666666666667,1.197
0.683333333333333,1.197
0.7,1.197693
0.716666666666667,1.197712
0.733333333333333,1.197268
0.75,1.198751
0.766666666666667,1.198767
0.783333333333333,1.199
0.8,1.199
0.816666666666667,1.199
0.833333333333333,1.199818
0.85,1.199
0.866666666666667,1.199158
0.883333333333333,1.199857
0.9,1.2
0.916666666666667,1.200883
0.933333333333333,1.201
0.95,1.200918
0.966666666666667,1.201
0.983333333333333,1.201049
1,1.200976
1.01666666666667,1.202
1.03333333333333,1.201001
1.05,1.202
1.06666666666667,1.202974
1.08333333333333,1.202
1.1,1.202934
1.11666666666667,1.203
1.13333333333333,1.203
1.15,1.203
1.16666666666667,1.203
1.18333333333333,1.203843
1.2,1.203172
1.21666666666667,1.204
1.23333333333333,1.203213
1.25,1.204
1.26666666666667,1.204751
1.28333333333333,1.204
1.3,1.204716
1.31666666666667,1.204
1.33333333333333,1.205
1.35,1.204324
1.36666666666667,1.205
1.38333333333333,1.205
1.4,1.205
1.41666666666667,1.206
1.43333333333333,1.205413
1.45,1.205429
1.46666666666667,1.206
1.48333333333333,1.206
1.5,1.206
1.51666666666667,1.206
1.53333333333333,1.206
1.55,1.207
1.56666666666667,1.206546
1.58333333333333,1.206567
1.6,1.206583
1.61666666666667,1.207
1.63333333333333,1.207381
1.65,1.207361
1.66666666666667,1.207
1.68333333333333,1.207
1.7,1.207314
1.71666666666667,1.2073
1.73333333333333,1.208
1.75,1.207259
1.76666666666667,1.208
1.78333333333333,1.207776
1.8,1.208
1.81666666666667,1.209
1.83333333333333,1.208167
1.85,1.208849
1.86666666666667,1.208869
1.88333333333333,1.208112
1.9,1.209
1.91666666666667,1.209
1.93333333333333,1.209
1.95,1.209
1.96666666666667,1.209036
1.98333333333333,1.21
2,1.209
2.01666666666667,1.209
2.03333333333333,1.209044
2.05,1.209935
2.06666666666667,1.209911
2.08333333333333,1.21
2.1,1.21
2.11666666666667,1.209136
2.13333333333333,1.21
2.15,1.21
2.16666666666667,1.21
2.18333333333333,1.210806
2.2,1.21
2.21666666666667,1.21077
2.23333333333333,1.211
2.25,1.211
2.26666666666667,1.210715
2.28333333333333,1.210706
2.3,1.211
2.31666666666667,1.21066
2.33333333333333,1.211
2.35,1.211
2.36666666666667,1.211
2.38333333333333,1.211592
2.4,1.211
2.41666666666667,1.211445
2.43333333333333,1.211
2.45,1.211485
2.46666666666667,1.211
2.48333333333333,1.211
2.5,1.211
2.51666666666667,1.211449
2.53333333333333,1.212
2.55,1.211599
2.56666666666667,1.212
2.58333333333333,1.212
2.6,1.212644
2.61666666666667,1.212
2.63333333333333,1.212
2.65,1.212
2.66666666666667,1.212
2.68333333333333,1.21226
2.7,1.21224
2.71666666666667,1.212224
2.73333333333333,1.212797
2.75,1.212813
2.76666666666667,1.213
2.78333333333333,1.212836
2.8,1.212
2.81666666666667,1.213
2.83333333333333,1.213
2.85,1.212097
2.86666666666667,1.213
2.88333333333333,1.213
2.9,1.213
2.91666666666667,1.213961
2.93333333333333,1.213025
2.95,1.214
2.96666666666667,1.21398
2.98333333333333,1.213968
3,1.213048
3.01666666666667,1.213068
3.03333333333333,1.214
3.05,1.214
3.06666666666667,1.214
3.08333333333333,1.214
3.1,1.214
3.11666666666667,1.214
3.13333333333333,1.214
3.15,1.214
3.16666666666667,1.214
3.18333333333333,1.214
3.2,1.214
3.21666666666667,1.214718
3.23333333333333,1.214
3.25,1.214321
3.26666666666667,1.214665
3.28333333333333,1.214352
3.3,1.214638
3.31666666666667,1.214
3.33333333333333,1.214601
3.35,1.214414
3.36666666666667,1.214
3.38333333333333,1.215
3.4,1.214527
3.41666666666667,1.214495
3.43333333333333,1.215
3.45,1.215
3.46666666666667,1.215
3.48333333333333,1.215
3.5,1.215588
3.51666666666667,1.215
3.53333333333333,1.215
3.55,1.215362
3.56666666666667,1.215
3.58333333333333,1.215328
3.6,1.215317
3.61666666666667,1.215697
3.63333333333333,1.216
3.65,1.215728
3.66666666666667,1.216
3.68333333333333,1.215235
3.7,1.216549
3.71666666666667,1.216
3.73333333333333,1.216
3.75,1.216
3.76666666666667,1.216
3.78333333333333,1.216
3.8,1.216
3.81666666666667,1.216
3.83333333333333,1.216
3.85,1.216
3.86666666666667,1.216
3.88333333333333,1.216
3.9,1.216996
3.91666666666667,1.216
3.93333333333333,1.216
3.95,1.216051
3.96666666666667,1.216071
3.98333333333333,1.216
4,1.216896
4.01666666666667,1.216
4.03333333333333,1.216
4.05,1.216153
4.06666666666667,1.216169
4.08333333333333,1.216815
4.1,1.216
4.11666666666667,1.217
4.13333333333333,1.217
4.15,1.216744
4.16666666666667,1.216724
4.18333333333333,1.217
4.2,1.217
4.21666666666667,1.21668
4.23333333333333,1.217665
4.25,1.216352
4.26666666666667,1.217365
4.28333333333333,1.217
4.3,1.216407
4.31666666666667,1.217
4.33333333333333,1.217
4.35,1.217
4.36666666666667,1.217523
4.38333333333333,1.217
4.4,1.217
4.41666666666667,1.21747
4.43333333333333,1.217
4.45,1.217558
4.46666666666667,1.217416
4.48333333333333,1.217
4.5,1.218
4.51666666666667,1.217
4.53333333333333,1.217
4.55,1.217672
4.56666666666667,1.217306
4.58333333333333,1.217287
4.6,1.217267
4.61666666666667,1.217
4.63333333333333,1.218
4.65,1.217784
4.66666666666667,1.218
4.68333333333333,1.218
4.7,1.217172
4.71666666666667,1.218
4.73333333333333,1.217135
4.75,1.218
4.76666666666667,1.218
4.78333333333333,1.218
4.8,1.21716
4.81666666666667,1.218937
4.83333333333333,1.218
4.85,1.218972
4.86666666666667,1.218013
4.88333333333333,1.218003
4.9,1.218974
4.91666666666667,1.218
4.93333333333333,1.218061
4.95,1.218
4.96666666666667,1.218095
4.98333333333333,1.218112
5,1.219
5.01666666666667,1.218851
5.03333333333333,1.219
5.05,1.218173
5.06666666666667,1.21881
5.08333333333333,1.218208
5.1,1.218773
5.11666666666667,1.218241
5.13333333333333,1.218256
5.15,1.218722
5.16666666666667,1.219
5.18333333333333,1.2187
5.2,1.219
5.21666666666667,1.219
5.23333333333333,1.218658
5.25,1.218363
5.26666666666667,1.219
5.28333333333333,1.219
5.3,1.219
5.31666666666667,1.219
5.33333333333333,1.219
5.35,1.219
5.36666666666667,1.219
5.38333333333333,1.219494
5.4,1.219
5.41666666666667,1.22
5.43333333333333,1.219446
5.45,1.219
5.46666666666667,1.22
5.48333333333333,1.219
5.5,1.219389
5.51666666666667,1.22
5.53333333333333,1.219641
5.55,1.22
5.56666666666667,1.219334
5.58333333333333,1.219
5.6,1.22
5.61666666666667,1.219
5.63333333333333,1.219276
5.65,1.219735
5.66666666666667,1.21925
5.68333333333333,1.22
5.7,1.219213
5.71666666666667,1.219799
5.73333333333333,1.22
5.75,1.22
5.76666666666667,1.22
5.78333333333333,1.22
5.8,1.22
5.81666666666667,1.219905
5.83333333333333,1.22
5.85,1.22
5.86666666666667,1.22
5.88333333333333,1.22
5.9,1.22
5.91666666666667,1.22
5.93333333333333,1.22
5.95,1.219962
5.96666666666667,1.22
5.98333333333333,1.22
6,1.219092
6.01666666666667,1.22
6.03333333333333,1.220124
6.05,1.22014
6.06666666666667,1.2197
6.08333333333333,1.220169
6.1,1.220186
6.11666666666667,1.221
6.13333333333333,1.220215
6.15,1.220551
6.16666666666667,1.221
6.18333333333333,1.22
6.2,1.22
6.21666666666667,1.221
6.23333333333333,1.219372
6.25,1.221
6.26666666666667,1.22
6.28333333333333,1.22
6.3,1.220386
6.31666666666667,1.221
6.33333333333333,1.219837
6.35,1.220432
6.36666666666667,1.220556
6.38333333333333,1.220537
6.4,1.220517
6.41666666666667,1.220499
6.43333333333333,1.220481
6.45,1.220463
6.46666666666667,1.221
6.48333333333333,1.221
6.5,1.220419
6.51666666666667,1.221
6.53333333333333,1.221
6.55,1.220629
6.56666666666667,1.220352
6.58333333333333,1.220339
6.6,1.221
6.61666666666667,1.221
6.63333333333333,1.221
6.65,1.221
6.66666666666667,1.221
6.68333333333333,1.221
6.7,1.221
6.71666666666667,1.221
6.73333333333333,1.221
6.75,1.221
6.76666666666667,1.220171
6.78333333333333,1.221
6.8,1.221
6.81666666666667,1.221
6.83333333333333,1.221
6.85,1.221904
6.86666666666667,1.221
6.88333333333333,1.221058
6.9,1.221
6.91666666666667,1.221981
6.93333333333333,1.221001
6.95,1.221
6.96666666666667,1.221029
6.98333333333333,1.221
7,1.221
7.01666666666667,1.221933
7.03333333333333,1.221
7.05,1.221897
7.06666666666667,1.221876
7.08333333333333,1.221143
7.1,1.221836
7.11666666666667,1.221
7.13333333333333,1.222
7.15,1.221211
7.16666666666667,1.221224
7.18333333333333,1.221761
7.2,1.221747
7.21666666666667,1.221271
7.23333333333333,1.221708
7.25,1.222298
7.26666666666667,1.221685
7.28333333333333,1.221671
7.3,1.221
7.31666666666667,1.221635
7.33333333333333,1.221
7.35,1.222
7.36666666666667,1.222
7.38333333333333,1.222
7.4,1.221553
7.41666666666667,1.222
7.43333333333333,1.221
7.45,1.222
7.46666666666667,1.222535
7.48333333333333,1.222
7.5,1.222
7.51666666666667,1.221577
7.53333333333333,1.222
7.55,1.221
7.56666666666667,1.223
7.58333333333333,1.222
7.6,1.222
7.61666666666667,1.221667
7.63333333333333,1.222
7.65,1.222
7.66666666666667,1.222
7.68333333333333,1.222
7.7,1.222
7.71666666666667,1.222
7.73333333333333,1.22223
7.75,1.222
7.76666666666667,1.222
7.78333333333333,1.222819
7.8,1.222162
7.81666666666667,1.222853
7.83333333333333,1.222871
7.85,1.222
7.86666666666667,1.223
7.88333333333333,1.222
7.9,1.222069
7.91666666666667,1.222
7.93333333333333,1.223
7.95,1.222016
7.96666666666667,1.222995
7.98333333333333,1.223
8,1.222039
8.01666666666667,1.22294
8.03333333333333,1.222918
8.05,1.223
8.06666666666667,1.223
8.08333333333333,1.223
8.1,1.222858
8.11666666666667,1.222842
8.13333333333333,1.222819
8.15,1.223
8.16666666666667,1.222791
8.18333333333333,1.222776
8.2,1.222245
8.21666666666667,1.222256
8.23333333333333,1.222725
8.25,1.223
8.26666666666667,1.222698
8.28333333333333,1.222317
8.3,1.222662
8.31666666666667,1.222641
8.33333333333333,1.223
8.35,1.223
8.36666666666667,1.223
8.38333333333333,1.222
8.4,1.223
8.41666666666667,1.222457
8.43333333333333,1.222469
8.45,1.223
8.46666666666667,1.222496
8.48333333333333,1.223
8.5,1.222532
8.51666666666667,1.223
8.53333333333333,1.222436
8.55,1.223
8.56666666666667,1.223412
8.58333333333333,1.223605
8.6,1.223
8.61666666666667,1.223
8.63333333333333,1.223658
8.65,1.223328
8.66666666666667,1.223309
8.68333333333333,1.223
8.7,1.223718
8.71666666666667,1.223
8.73333333333333,1.223
8.75,1.22376
8.76666666666667,1.223
8.78333333333333,1.223
8.8,1.223
8.81666666666667,1.223
8.83333333333333,1.223
8.85,1.223136
8.86666666666667,1.223
8.88333333333333,1.223102
8.9,1.223088
8.91666666666667,1.223075
8.93333333333333,1.223
8.95,1.223959
8.96666666666667,1.223972
8.98333333333333,1.223008
9,1.223
9.01666666666667,1.223979
9.03333333333333,1.223033
9.05,1.223
9.06666666666667,1.223
9.08333333333333,1.223911
9.1,1.223106
9.11666666666667,1.223123
9.13333333333333,1.223863
9.15,1.223845
9.16666666666667,1.223825
9.18333333333333,1.224
9.2,1.223792
9.21666666666667,1.223773
9.23333333333333,1.224
9.25,1.223743
9.26666666666667,1.223277
9.28333333333333,1.22329
9.3,1.223692
9.31666666666667,1.223315
9.33333333333333,1.224352
9.35,1.223659
9.36666666666667,1.223351
9.38333333333333,1.223641
9.4,1.223378
9.41666666666667,1.224
9.43333333333333,1.224
9.45,1.224
9.46666666666667,1.224
9.48333333333333,1.223452
9.5,1.224
9.51666666666667,1.223521
9.53333333333333,1.224
9.55,1.223485
9.56666666666667,1.224
9.58333333333333,1.224
9.6,1.224
9.61666666666667,1.224
9.63333333333333,1.224
9.65,1.224
9.66666666666667,1.224
9.68333333333333,1.224
9.7,1.224
9.71666666666667,1.224
9.73333333333333,1.224
9.75,1.224
9.76666666666667,1.223282
9.78333333333333,1.224
9.8,1.224242
9.81666666666667,1.224
9.83333333333333,1.224
9.85,1.224
9.86666666666667,1.224
9.88333333333333,1.224
9.9,1.224
9.91666666666667,1.224878
9.93333333333333,1.224899
9.95,1.224
9.96666666666667,1.224069
9.98333333333333,1.224946
10,1.224
10.0166666666667,1.224975
10.0333333333333,1.224
10.05,1.224992
10.0666666666667,1.224027
10.0833333333333,1.22403
10.1,1.224
10.1166666666667,1.224
10.1333333333333,1.223084
10.15,1.225
10.1666666666667,1.224111
10.1833333333333,1.224867
10.2,1.224
10.2166666666667,1.224158
10.2333333333333,1.225
10.25,1.224
10.2666666666667,1.224
10.2833333333333,1.224231
10.3,1.225
10.3166666666667,1.224
10.3333333333333,1.224
10.35,1.224312
10.3666666666667,1.224673
10.3833333333333,1.224346
10.4,1.225
10.4166666666667,1.22462
10.4333333333333,1.2246
10.45,1.224412
10.4666666666667,1.22457
10.4833333333333,1.225
10.5,1.225
10.5166666666667,1.224513
10.5333333333333,1.224506
10.55,1.225
10.5666666666667,1.224538
10.5833333333333,1.225
10.6,1.225
10.6166666666667,1.224421
10.6333333333333,1.225
10.65,1.224608
10.6666666666667,1.225
10.6833333333333,1.225
10.7,1.224646
10.7166666666667,1.224658
10.7333333333333,1.22433
10.75,1.224314
10.7666666666667,1.225
10.7833333333333,1.224725
10.8,1.224262
10.8166666666667,1.225
10.8333333333333,1.225
10.85,1.224
10.8666666666667,1.225
10.8833333333333,1.225
10.9,1.22483
10.9166666666667,1.224148
10.9333333333333,1.225
10.95,1.225
10.9666666666667,1.225
10.9833333333333,1.225
11,1.225
11.0166666666667,1.225
11.0333333333333,1.224043
11.05,1.225976
11.0666666666667,1.225
11.0833333333333,1.225
11.1,1.225
11.1166666666667,1.225953
11.1333333333333,1.225
11.15,1.225
11.1666666666667,1.225
11.1833333333333,1.225
11.2,1.225
11.2166666666667,1.225
11.2333333333333,1.225
11.25,1.225
11.2666666666667,1.225
11.2833333333333,1.225
11.3,1.225
11.3166666666667,1.225
11.3333333333333,1.225
11.35,1.225
11.3666666666667,1.225281
11.3833333333333,1.225
11.4,1.225
11.4166666666667,1.225329
11.4333333333333,1.225337
11.45,1.225
11.4666666666667,1.225
11.4833333333333,1.225
11.5,1.225397
11.5166666666667,1.225
11.5333333333333,1.225422
11.55,1.225
11.5666666666667,1.225
11.5833333333333,1.225535
11.6,1.225
11.6166666666667,1.225
11.6333333333333,1.225
11.65,1.225464
11.6666666666667,1.225
11.6833333333333,1.225
11.7,1.225589
11.7166666666667,1.225
11.7333333333333,1.225
11.75,1.225634
11.7666666666667,1.225
11.7833333333333,1.225329
11.8,1.225315
11.8166666666667,1.225
11.8333333333333,1.225
11.85,1.225727
11.8666666666667,1.225
11.8833333333333,1.22576
11.9,1.225229
11.9166666666667,1.225213
11.9333333333333,1.226
11.95,1.225
11.9666666666667,1.225
11.9833333333333,1.225
12,1.225117
12.0166666666667,1.225103
12.0333333333333,1.225087
12.05,1.226
12.0666666666667,1.225056
12.0833333333333,1.226
12.1,1.225973
12.1166666666667,1.226
12.1333333333333,1.225009
12.15,1.225026
12.1666666666667,1.22596
12.1833333333333,1.225053
12.2,1.22508
12.2166666666667,1.225906
12.2333333333333,1.226
12.25,1.226
12.2666666666667,1.226
12.2833333333333,1.226
12.3,1.225182
12.3166666666667,1.225199
12.3333333333333,1.226
12.35,1.225229
12.3666666666667,1.22576
12.3833333333333,1.226
12.4,1.225723
12.4166666666667,1.225705
12.4333333333333,1.225691
12.45,1.226
12.4666666666667,1.22566
12.4833333333333,1.226
12.5,1.226
12.5166666666667,1.226
12.5333333333333,1.225416
12.55,1.226
12.5666666666667,1.225
12.5833333333333,1.225543
12.6,1.225476
12.6166666666667,1.226
12.6333333333333,1.226
12.65,1.226
12.6666666666667,1.226075
12.6833333333333,1.226
12.7,1.226
12.7166666666667,1.226
12.7333333333333,1.225607
12.75,1.226377
12.7666666666667,1.226
12.7833333333333,1.225648
12.8,1.226
12.8166666666667,1.226
12.8333333333333,1.226
12.85,1.226
12.8666666666667,1.226
12.8833333333333,1.226
12.9,1.226
12.9166666666667,1.226
12.9333333333333,1.226
12.95,1.226
12.9666666666667,1.226
12.9833333333333,1.226
13,1.226
13.0166666666667,1.226
13.0333333333333,1.226892
13.05,1.226
13.0666666666667,1.226
13.0833333333333,1.226046
13.1,1.226
13.1166666666667,1.226
13.1333333333333,1.226
13.15,1.226
13.1666666666667,1.22697
13.1833333333333,1.226947
13.2,1.226
13.2166666666667,1.226
13.2333333333333,1.226
13.25,1.225881
13.2666666666667,1.226
13.2833333333333,1.226151
13.3,1.226167
13.3166666666667,1.226
13.3333333333333,1.226
13.35,1.226
13.3666666666667,1.226768
13.3833333333333,1.226
13.4,1.226
13.4166666666667,1.226727
13.4333333333333,1.226
13.45,1.226
13.4666666666667,1.226312
13.4833333333333,1.226347
13.5,1.226
13.5166666666667,1.226
13.5333333333333,1.226627
13.55,1.226607
13.5666666666667,1.226591
13.5833333333333,1.226423
13.6,1.226569
13.6166666666667,1.227
13.6333333333333,1.22654
13.65,1.226481
13.6666666666667,1.226
13.6833333333333,1.226494
13.7,1.226516
13.7166666666667,1.226468
13.7333333333333,1.226451
13.75,1.227
13.7666666666667,1.226
13.7833333333333,1.226614
13.8,1.226629
13.8166666666667,1.226355
13.8333333333333,1.226332
13.85,1.226
13.8666666666667,1.226708
13.8833333333333,1.226278
13.9,1.226738
13.9166666666667,1.226244
13.9333333333333,1.22677
13.95,1.227
13.9666666666667,1.227
13.9833333333333,1.227
14,1.226181
14.0166666666667,1.226842
14.0333333333333,1.226848
14.05,1.22613
14.0666666666667,1.227
14.0833333333333,1.227
14.1,1.227
14.1166666666667,1.226069
14.1333333333333,1.226946
14.15,1.226038
14.1666666666667,1.227
14.1833333333333,1.227
14.2,1.227
14.2166666666667,1.227
14.2333333333333,1.227
14.25,1.227
14.2666666666667,1.226936
14.2833333333333,1.226914
14.3,1.227
14.3166666666667,1.227
14.3333333333333,1.226114
14.35,1.227
14.3666666666667,1.226857
14.3833333333333,1.226845
14.4,1.227
14.4166666666667,1.226812
14.4333333333333,1.227
14.45,1.227
14.4666666666667,1.227524
14.4833333333333,1.226247
14.5,1.227
14.5166666666667,1.227436
14.5333333333333,1.2263
14.55,1.227
14.5666666666667,1.227326
14.5833333333333,1.227
14.6,1.22636
14.6166666666667,1.227
14.6333333333333,1.227
14.65,1.227
14.6666666666667,1.226423
14.6833333333333,1.227
14.7,1.227
14.7166666666667,1.227
14.7333333333333,1.227
14.75,1.227483
14.7666666666667,1.226536
14.7833333333333,1.227
14.8,1.226567
14.8166666666667,1.226412
14.8333333333333,1.227607
14.85,1.227
14.8666666666667,1.227363
14.8833333333333,1.227
14.9,1.227671
14.9166666666667,1.227
14.9333333333333,1.227
14.95,1.227
14.9666666666667,1.227
14.9833333333333,1.227
15,1.227226
15.0166666666667,1.227
15.0333333333333,1.227196
15.05,1.227
15.0666666666667,1.227
15.0833333333333,1.227853
15.1,1.227
15.1166666666667,1.227883
15.1333333333333,1.227
15.15,1.227
15.1666666666667,1.227
15.1833333333333,1.227055
15.2,1.227039
15.2166666666667,1.227028
15.2333333333333,1.227008
15.25,1.227016
15.2666666666667,1.227
15.2833333333333,1.227
15.3,1.226062
15.3166666666667,1.227922
15.3333333333333,1.228
15.35,1.227119
15.3666666666667,1.227135
15.3833333333333,1.227
15.4,1.227841
15.4166666666667,1.227177
15.4333333333333,1.227193
15.45,1.227
15.4666666666667,1.227
15.4833333333333,1.227
15.5,1.227
15.5166666666667,1.227711
15.5333333333333,1.228
15.55,1.227314
15.5666666666667,1.227667
15.5833333333333,1.227642
15.6,1.227628
15.6166666666667,1.227386
15.6333333333333,1.227399
15.65,1.228
15.6666666666667,1.227434
15.6833333333333,1.228
15.7,1.227472
15.7166666666667,1.227
15.7333333333333,1.227
15.75,1.227522
15.7666666666667,1.227
15.7833333333333,1.227546
15.8,1.227
15.8166666666667,1.227
15.8333333333333,1.228
15.85,1.22761
15.8666666666667,1.228
15.8833333333333,1.227642
15.9,1.227663
15.9166666666667,1.227676
15.9333333333333,1.228
15.95,1.227708
15.9666666666667,1.228
15.9833333333333,1.227733
16,1.22775
16.0166666666667,1.22777
16.0333333333333,1.227788
16.05,1.227194
16.0666666666667,1.227178
16.0833333333333,1.228
16.1,1.228
16.1166666666667,1.228
16.1333333333333,1.227
16.15,1.227915
16.1666666666667,1.228
16.1833333333333,1.228
16.2,1.227042
16.2166666666667,1.227032
16.2333333333333,1.228
16.25,1.228
16.2666666666667,1.228
16.2833333333333,1.228944
16.3,1.228
16.3166666666667,1.228
16.3333333333333,1.227932
16.35,1.227914
16.3666666666667,1.228
16.3833333333333,1.227124
16.4,1.227136
16.4166666666667,1.228
16.4333333333333,1.228
16.45,1.228
16.4666666666667,1.227203
16.4833333333333,1.228
16.5,1.228
16.5166666666667,1.227253
16.5333333333333,1.228
16.55,1.227289
16.5666666666667,1.228605
16.5833333333333,1.227681
16.6,1.227339
16.6166666666667,1.228
16.6333333333333,1.228
16.65,1.227616
16.6666666666667,1.228396
16.6833333333333,1.228
16.7,1.228
16.7166666666667,1.228
16.7333333333333,1.228
16.75,1.228
16.7666666666667,1.2275
16.7833333333333,1.227513
16.8,1.228
16.8166666666667,1.228
16.8333333333333,1.227435
16.85,1.228
16.8666666666667,1.228
16.8833333333333,1.228
16.9,1.228
16.9166666666667,1.228357
16.9333333333333,1.228
16.95,1.228
16.9666666666667,1.228
16.9833333333333,1.228
17,1.228717
17.0166666666667,1.228
17.0333333333333,1.227745
17.05,1.227232
17.0666666666667,1.228
17.0833333333333,1.228
17.1,1.228182
17.1166666666667,1.228
17.1333333333333,1.228
17.15,1.228
17.1666666666667,1.228878
17.1833333333333,1.228
17.2,1.228
17.2166666666667,1.227134
17.2333333333333,1.227052
17.25,1.228
17.2666666666667,1.228
17.2833333333333,1.228
17.3,1.228
17.3166666666667,1.228975
17.3333333333333,1.228955
17.35,1.228
17.3666666666667,1.22892
17.3833333333333,1.228091
17.4,1.228
17.4166666666667,1.228882
17.4333333333333,1.228
17.45,1.228843
17.4666666666667,1.228
17.4833333333333,1.228
17.5,1.228
17.5166666666667,1.228
17.5333333333333,1.228245
17.55,1.228741
17.5666666666667,1.228
17.5833333333333,1.228
17.6,1.228
17.6166666666667,1.228324
17.6333333333333,1.228
17.65,1.228
17.6666666666667,1.228638
17.6833333333333,1.228
17.7,1.228403
17.7166666666667,1.228421
17.7333333333333,1.228
17.75,1.228539
17.7666666666667,1.228
17.7833333333333,1.228492
17.8,1.228492
17.8166666666667,1.228533
17.8333333333333,1.229
17.85,1.228432
17.8666666666667,1.228417
17.8833333333333,1.228402
17.9,1.228392
17.9166666666667,1.228
17.9333333333333,1.228633
17.95,1.228
17.9666666666667,1.228666
17.9833333333333,1.228675
18,1.228694
18.0166666666667,1.22871
18.0333333333333,1.229
18.05,1.228743
18.0666666666667,1.229
18.0833333333333,1.228
18.1,1.228216
18.1166666666667,1.228804
18.1333333333333,1.228814
18.15,1.22883
18.1666666666667,1.228
18.1833333333333,1.228858
18.2,1.229
18.2166666666667,1.228111
18.2333333333333,1.228906
18.25,1.228923
18.2666666666667,1.228937
18.2833333333333,1.229
18.3,1.228036
18.3166666666667,1.228017
18.3333333333333,1.229
18.35,1.228014
18.3666666666667,1.229
18.3833333333333,1.228951
18.4,1.22906
18.4166666666667,1.228075
18.4333333333333,1.228086
18.45,1.228899
18.4666666666667,1.228
18.4833333333333,1.22813
18.5,1.228
18.5166666666667,1.229
18.5333333333333,1.228176
18.55,1.229
18.5666666666667,1.229
18.5833333333333,1.229
18.6,1.229
18.6166666666667,1.229
18.6333333333333,1.229
18.65,1.229
18.6666666666667,1.229
18.6833333333333,1.22831
18.7,1.229
18.7166666666667,1.228343
18.7333333333333,1.229
18.75,1.228622
18.7666666666667,1.229
18.7833333333333,1.228404
18.8,1.229
18.8166666666667,1.229
18.8333333333333,1.228545
18.85,1.229
18.8666666666667,1.229
18.8833333333333,1.229505
18.9,1.228521
18.9166666666667,1.229
18.9333333333333,1.229
18.95,1.229
18.9666666666667,1.229174
18.9833333333333,1.229
19,1.229
19.0166666666667,1.22863
19.0333333333333,1.229
19.05,1.229
19.0666666666667,1.228318
19.0833333333333,1.228698
19.1,1.229
19.1166666666667,1.228725
19.1333333333333,1.229
19.15,1.228246
19.1666666666667,1.228227
19.1833333333333,1.228791
19.2,1.229
19.2166666666667,1.228173
19.2333333333333,1.229
19.25,1.228138
19.2666666666667,1.229
19.2833333333333,1.229
19.3,1.229
19.3166666666667,1.229
19.3333333333333,1.229
19.35,1.229
19.3666666666667,1.229
19.3833333333333,1.229
19.4,1.229
19.4166666666667,1.229
19.4333333333333,1.229
19.45,1.229
19.4666666666667,1.229
19.4833333333333,1.229901
19.5,1.229
19.5166666666667,1.229
19.5333333333333,1.229
19.55,1.229
19.5666666666667,1.229
19.5833333333333,1.229
19.6,1.229
19.6166666666667,1.22924
19.6333333333333,1.229
19.65,1.229
19.6666666666667,1.229
19.6833333333333,1.229
19.7,1.229
19.7166666666667,1.229
19.7333333333333,1.229
19.75,1.229
19.7666666666667,1.229403
19.7833333333333,1.229
19.8,1.229
19.8166666666667,1.229543
19.8333333333333,1.229
19.85,1.229
19.8666666666667,1.229491
19.8833333333333,1.229
19.9,1.229
19.9166666666667,1.229448
19.9333333333333,1.229
19.95,1.229
19.9666666666667,1.229395
19.9833333333333,1.229
20,1.229
20.0166666666667,1.229
20.0333333333333,1.229
20.05,1.229
20.0666666666667,1.229
20.0833333333333,1.229
20.1,1.229
20.1166666666667,1.229
20.1333333333333,1.229756
20.15,1.229227
20.1666666666667,1.229
20.1833333333333,1.229
20.2,1.229814
20.2166666666667,1.229
20.2333333333333,1.229
20.25,1.229
20.2666666666667,1.229
20.2833333333333,1.229125
20.3,1.229885
20.3166666666667,1.23
20.3333333333333,1.229917
20.35,1.229938
20.3666666666667,1.229048
20.3833333333333,1.23
20.4,1.229988
20.4166666666667,1.229
20.4333333333333,1.229981
20.45,1.229
20.4666666666667,1.23
20.4833333333333,1.229937
20.5,1.229
20.5166666666667,1.229
20.5333333333333,1.229
20.55,1.23
20.5666666666667,1.23
20.5833333333333,1.229828
20.6,1.229
20.6166666666667,1.229
20.6333333333333,1.23
20.65,1.229
20.6666666666667,1.229263
20.6833333333333,1.229724
20.7,1.229706
20.7166666666667,1.23
20.7333333333333,1.229
20.75,1.229656
20.7666666666667,1.229
20.7833333333333,1.23
20.8,1.229622
20.8166666666667,1.229608
20.8333333333333,1.229404
20.85,1.23
20.8666666666667,1.22957
20.8833333333333,1.229448
20.9,1.229
20.9166666666667,1.229517
20.9333333333333,1.2295
20.95,1.229
20.9666666666667,1.229472
20.9833333333333,1.23
21,1.229
21.0166666666667,1.23
21.0333333333333,1.229609
21.05,1.229629
21.0666666666667,1.229353
21.0833333333333,1.229
21.1,1.229317
21.1166666666667,1.229705
21.1333333333333,1.229275
21.15,1.230259
21.1666666666667,1.229245
21.1833333333333,1.229
21.2,1.229793
21.2166666666667,1.229191
21.2333333333333,1.23
21.25,1.23
21.2666666666667,1.229723
21.2833333333333,1.229879
21.3,1.23
21.3166666666667,1.229911
21.3333333333333,1.23
21.35,1.229061
21.3666666666667,1.229959
21.3833333333333,1.229025
21.4,1.23
21.4166666666667,1.23
21.4333333333333,1.23
21.45,1.22904
21.4666666666667,1.229059
21.4833333333333,1.23
21.5,1.229096
21.5166666666667,1.23
21.5333333333333,1.229
21.55,1.23
21.5666666666667,1.23
21.5833333333333,1.23
21.6,1.23
21.6166666666667,1.229786
21.6333333333333,1.23
21.65,1.23
21.6666666666667,1.229728
21.6833333333333,1.23
21.7,1.23
21.7166666666667,1.229687
21.7333333333333,1.23
21.75,1.229343
21.7666666666667,1.230358
21.7833333333333,1.229373
21.8,1.229394
21.8166666666667,1.229591
21.8333333333333,1.229571
21.85,1.23
21.8666666666667,1.229534
21.8833333333333,1.23
21.9,1.23
21.9166666666667,1.23
21.9333333333333,1.229476
21.95,1.23
21.9666666666667,1.23
21.9833333333333,1.23
22,1.23
22.0166666666667,1.23
22.0333333333333,1.23
22.05,1.23
22.0666666666667,1.23
22.0833333333333,1.22968
22.1,1.23
22.1166666666667,1.229
22.1333333333333,1.23
22.15,1.23
22.1666666666667,1.23
22.1833333333333,1.229787
22.2,1.23
22.2166666666667,1.23
22.2333333333333,1.23
22.25,1.229854
22.2666666666667,1.22987
22.2833333333333,1.23
22.3,1.229906
22.3166666666667,1.23
22.3333333333333,1.229936
22.35,1.23
22.3666666666667,1.23
22.3833333333333,1.230986
22.4,1.23
22.4166666666667,1.23
22.4333333333333,1.23
22.45,1.23
22.4666666666667,1.23
22.4833333333333,1.23
22.5,1.23
22.5166666666667,1.23
22.5333333333333,1.23
22.55,1.23
22.5666666666667,1.23
22.5833333333333,1.22981
22.6,1.23
22.6166666666667,1.23
22.6333333333333,1.23
22.65,1.23
22.6666666666667,1.23
22.6833333333333,1.23
22.7,1.229312
22.7166666666667,1.23
22.7333333333333,1.23
22.75,1.23
22.7666666666667,1.23
22.7833333333333,1.23
22.8,1.23
22.8166666666667,1.23
22.8333333333333,1.23
22.85,1.23
22.8666666666667,1.23
22.8833333333333,1.23051
22.9,1.23
22.9166666666667,1.23
22.9333333333333,1.23
22.95,1.230572
22.9666666666667,1.23
22.9833333333333,1.23
23,1.23
23.0166666666667,1.23
23.0333333333333,1.23
23.05,1.23
23.0666666666667,1.23
23.0833333333333,1.23
23.1,1.23028
23.1166666666667,1.23
23.1333333333333,1.23
23.15,1.23
23.1666666666667,1.23
23.1833333333333,1.23
23.2,1.23
23.2166666666667,1.23
23.2333333333333,1.230154
23.25,1.23
23.2666666666667,1.23
23.2833333333333,1.230106
23.3,1.23
23.3166666666667,1.23
23.3333333333333,1.23
23.35,1.23
23.3666666666667,1.23
23.3833333333333,1.23
23.4,1.230006
23.4166666666667,1.23
23.4333333333333,1.230035
23.45,1.23
23.4666666666667,1.23
23.4833333333333,1.23
23.5,1.23
23.5166666666667,1.23
23.5333333333333,1.23
23.55,1.23
23.5666666666667,1.230182
23.5833333333333,1.23
23.6,1.23
23.6166666666667,1.23
23.6333333333333,1.23
23.65,1.230258
23.6666666666667,1.230722
23.6833333333333,1.23
23.7,1.23
23.7166666666667,1.230677
23.7333333333333,1.23
23.75,1.23
23.7666666666667,1.230613
23.7833333333333,1.23
23.8,1.23
23.8166666666667,1.23
23.8333333333333,1.230539
23.85,1.230472
23.8666666666667,1.230494
23.8833333333333,1.230491
23.9,1.230521
23.9166666666667,1.23
23.9333333333333,1.230454
23.95,1.23
23.9666666666667,1.229267
23.9833333333333,1.23
24,1.2306
