Timestamp [h],BATT_002_OCV_V_50-SOC,BATT_002_OCV_V_60-SOC,BATT_002_OCV_V_100-SOC
0,3.397,3.409,3.634
0.0166666666666667,3.325,3.336,3.603001
0.0333333333333333,3.32,3.329,3.583017
0.05,3.317,3.325,3.567
0.0666666666666667,3.316,3.322,3.554
0.0833333333333333,3.315,3.32,3.543
0.1,3.314,3.319,3.53308
0.116666666666667,3.313,3.318,3.525
0.133333333333333,3.312,3.317,3.518
0.15,3.312,3.317,3.511
0.166666666666667,3.312,3.316,3.505
0.183333333333333,3.311,3.316,3.499863
0.2,3.311,3.315,3.494
0.216666666666667,3.31,3.315,3.49
0.233333333333333,3.31,3.314,3.486
0.25,3.31,3.314,3.482
0.266666666666667,3.31,3.314,3.478
0.283333333333333,3.309,3.314,3.475
0.3,3.309,3.313,3.471248
0.316666666666667,3.309,3.313,3.469
0.333333333333333,3.309,3.313,3.466
0.35,3.309,3.312,3.463
0.366666666666667,3.308,3.312,3.461
0.383333333333333,3.309,3.312,3.458
0.4,3.308,3.312,3.456
0.416666666666667,3.308,3.312,3.454
0.433333333333333,3.308,3.312,3.452
0.45,3.308,3.311,3.45
0.466666666666667,3.308,3.311,3.448
0.483333333333333,3.308,3.311,3.446592
0.5,3.308,3.311,3.445
0.516666666666667,3.307,3.311,3.443
0.533333333333333,3.307,3.311,3.441452
0.55,3.307,3.311,3.44
0.566666666666667,3.307,3.311,3.438484
0.583333333333333,3.307,3.311,3.437
0.6,3.307,3.311,3.436
0.616666666666667,3.307,3.31,3.434472
0.633333333333333,3.307,3.31,3.433539
0.65,3.307,3.31,3.432553
0.666666666666667,3.306,3.31,3.431
0.683333333333333,3.306,3.31,3.43
0.7,3.306,3.31,3.429
0.716666666666667,3.306,3.31,3.428
0.733333333333333,3.306,3.31,3.427
0.75,3.306,3.31,3.426
0.766666666666667,3.306,3.309,3.425
0.783333333333333,3.306,3.309,3.424
0.8,3.306,3.31,3.423
0.816666666666667,3.306,3.309,3.422
0.833333333333333,3.306,3.309,3.421702
0.85,3.306,3.309,3.420289
0.866666666666667,3.306,3.309,3.419
0.883333333333333,3.306,3.309,3.419
0.9,3.306,3.309,3.418
0.916666666666667,3.306,3.309,3.417767
0.933333333333333,3.306,3.309,3.417
0.95,3.305,3.309,3.416
0.966666666666667,3.306,3.309,3.415
0.983333333333333,3.306,3.309,3.414822
1,3.305,3.309,3.414
1.01666666666667,3.306,3.309,3.413
1.03333333333333,3.305,3.309,3.413
1.05,3.305,3.309,3.412
1.06666666666667,3.305,3.309,3.411
1.08333333333333,3.305,3.308,3.411
1.1,3.305,3.308,3.41
1.11666666666667,3.305,3.308,3.409061
1.13333333333333,3.305,3.308,3.40905
1.15,3.305,3.308,3.408037
1.16666666666667,3.305,3.309,3.408
1.18333333333333,3.305,3.308,3.407011
1.2,3.305,3.308,3.407
1.21666666666667,3.305,3.308,3.407
1.23333333333333,3.305,3.308,3.406
1.25,3.305,3.308,3.405954
1.26666666666667,3.305,3.308,3.405
1.28333333333333,3.305,3.308,3.405
1.3,3.305,3.308,3.404
1.31666666666667,3.305,3.308,3.404
1.33333333333333,3.305,3.308,3.403
1.35,3.305,3.308,3.403
1.36666666666667,3.305,3.308,3.403
1.38333333333333,3.305,3.308,3.402
1.4,3.305,3.308,3.401181
1.41666666666667,3.305,3.308,3.401
1.43333333333333,3.305,3.308,3.401
1.45,3.305,3.308,3.400775
1.46666666666667,3.304,3.308,3.4
1.48333333333333,3.305,3.308,3.4
1.5,3.304,3.308,3.399
1.51666666666667,3.305,3.308,3.399
1.53333333333333,3.304,3.308,3.398717
1.55,3.304,3.308,3.398
1.56666666666667,3.304,3.308,3.398
1.58333333333333,3.304,3.308,3.398
1.6,3.305,3.308,3.397342
1.61666666666667,3.304,3.308,3.397
1.63333333333333,3.304,3.308,3.397
1.65,3.304,3.308,3.396622
1.66666666666667,3.304,3.307,3.396
1.68333333333333,3.304,3.307,3.396
1.7,3.304,3.307,3.395
1.71666666666667,3.304,3.307,3.395569
1.73333333333333,3.304,3.308,3.395
1.75,3.304,3.307,3.394541
1.76666666666667,3.304,3.307,3.394
1.78333333333333,3.304,3.307,3.394
1.8,3.304,3.307,3.393518
1.81666666666667,3.304,3.307,3.393466
1.83333333333333,3.304,3.307,3.393
1.85,3.304,3.307,3.393
1.86666666666667,3.304,3.307,3.393
1.88333333333333,3.304,3.307,3.392
1.9,3.304,3.307,3.392
1.91666666666667,3.304,3.307,3.392
1.93333333333333,3.304,3.307,3.392
1.95,3.304,3.307,3.391
1.96666666666667,3.304,3.307,3.391
1.98333333333333,3.304,3.307,3.391
2,3.304,3.307,3.391
2.01666666666667,3.304,3.307,3.390272
2.03333333333333,3.304,3.307,3.39
2.05,3.304,3.307,3.39
2.06666666666667,3.304,3.307,3.39
2.08333333333333,3.304,3.307,3.39
2.1,3.304,3.307,3.389789
2.11666666666667,3.304,3.307,3.389
2.13333333333333,3.304,3.307,3.389
2.15,3.304,3.307,3.389
2.16666666666667,3.304,3.307,3.388
2.18333333333333,3.304,3.307,3.388
2.2,3.304,3.307,3.388
2.21666666666667,3.304,3.307,3.388
2.23333333333333,3.304,3.307,3.388
2.25,3.304,3.307,3.388
2.26666666666667,3.304,3.307,3.388
2.28333333333333,3.304,3.307,3.387
2.3,3.304,3.307,3.387
2.31666666666667,3.304,3.307,3.387
2.33333333333333,3.304,3.307,3.386013
2.35,3.304,3.307,3.386975
2.36666666666667,3.304,3.307,3.386
2.38333333333333,3.304,3.307,3.386
2.4,3.304,3.306,3.386
2.41666666666667,3.304,3.307,3.386
2.43333333333333,3.304,3.307,3.385898
2.45,3.304,3.307,3.385885
2.46666666666667,3.304,3.307,3.386
2.48333333333333,3.304,3.307,3.385
2.5,3.304,3.307,3.385
2.51666666666667,3.304,3.307,3.385
2.53333333333333,3.304,3.306,3.385
2.55,3.304,3.306,3.384206
2.56666666666667,3.304,3.307,3.384
2.58333333333333,3.304,3.306,3.384
2.6,3.304,3.307,3.384
2.61666666666667,3.304,3.307,3.384
2.63333333333333,3.304,3.307,3.384
2.65,3.303,3.306,3.383296
2.66666666666667,3.303,3.306,3.383
2.68333333333333,3.303,3.306,3.383
2.7,3.304,3.307,3.383
2.71666666666667,3.303,3.306,3.383
2.73333333333333,3.304,3.306,3.383
2.75,3.303,3.307,3.382402
2.76666666666667,3.303,3.306,3.382417
2.78333333333333,3.303,3.306,3.382431
2.8,3.303,3.306,3.382
2.81666666666667,3.303,3.306,3.382
2.83333333333333,3.304,3.306,3.382
2.85,3.303,3.307,3.382
2.86666666666667,3.303,3.307,3.382
2.88333333333333,3.303,3.306,3.381533
2.9,3.303,3.306,3.38155
2.91666666666667,3.304,3.307,3.381
2.93333333333333,3.303,3.307,3.381
2.95,3.303,3.306,3.381
2.96666666666667,3.304,3.306,3.381
2.98333333333333,3.303,3.306,3.381
3,3.303,3.306,3.381
3.01666666666667,3.303,3.306,3.38065
3.03333333333333,3.303,3.307,3.380656
3.05,3.303,3.306,3.38
3.06666666666667,3.303,3.306,3.38
3.08333333333333,3.303,3.306,3.38
3.1,3.304,3.306,3.38
3.11666666666667,3.303,3.306,3.38
3.13333333333333,3.303,3.307,3.379742
3.15,3.303,3.306,3.379756
3.16666666666667,3.303,3.306,3.38
3.18333333333333,3.303,3.306,3.379
3.2,3.303,3.306,3.379199
3.21666666666667,3.303,3.306,3.379
3.23333333333333,3.303,3.306,3.379
3.25,3.303,3.306,3.379
3.26666666666667,3.303,3.306,3.379
3.28333333333333,3.303,3.306,3.379
3.3,3.303,3.306,3.379
3.31666666666667,3.303,3.306,3.379
3.33333333333333,3.303,3.306,3.378926
3.35,3.303,3.306,3.378
3.36666666666667,3.303,3.306,3.378959
3.38333333333333,3.303,3.306,3.378
3.4,3.303,3.306,3.378
3.41666666666667,3.303,3.306,3.378
3.43333333333333,3.303,3.306,3.377982
3.45,3.303,3.306,3.378
3.46666666666667,3.303,3.306,3.377044
3.48333333333333,3.303,3.306,3.377
3.5,3.303,3.306,3.377
3.51666666666667,3.303,3.306,3.377
3.53333333333333,3.303,3.306,3.377
3.55,3.303,3.306,3.377
3.56666666666667,3.303,3.306,3.377
3.58333333333333,3.303,3.306,3.377
3.6,3.303,3.306,3.377
3.61666666666667,3.303,3.306,3.376826
3.63333333333333,3.303,3.306,3.376
3.65,3.303,3.306,3.3768
3.66666666666667,3.303,3.306,3.376
3.68333333333333,3.303,3.306,3.376
3.7,3.303,3.306,3.376246
3.71666666666667,3.303,3.306,3.376
3.73333333333333,3.303,3.306,3.376
3.75,3.303,3.306,3.376
3.76666666666667,3.303,3.306,3.376
3.78333333333333,3.303,3.306,3.376
3.8,3.303,3.306,3.376
3.81666666666667,3.303,3.306,3.375361
3.83333333333333,3.303,3.306,3.375
3.85,3.303,3.306,3.375394
3.86666666666667,3.303,3.306,3.375
3.88333333333333,3.303,3.306,3.375427
3.9,3.303,3.306,3.375441
3.91666666666667,3.303,3.306,3.375
3.93333333333333,3.303,3.306,3.375
3.95,3.303,3.306,3.375
3.96666666666667,3.303,3.306,3.375
3.98333333333333,3.303,3.306,3.375
4,3.303,3.306,3.375
4.01666666666667,3.303,3.306,3.374544
4.03333333333333,3.303,3.306,3.374568
4.05,3.303,3.306,3.374415
4.06666666666667,3.303,3.306,3.3746
4.08333333333333,3.303,3.306,3.374
4.1,3.303,3.306,3.374
4.11666666666667,3.303,3.306,3.374
4.13333333333333,3.303,3.306,3.374
4.15,3.303,3.306,3.374
4.16666666666667,3.303,3.306,3.374
4.18333333333333,3.303,3.306,3.373303
4.2,3.303,3.306,3.374
4.21666666666667,3.303,3.306,3.373276
4.23333333333333,3.303,3.306,3.374
4.25,3.303,3.306,3.373
4.26666666666667,3.303,3.306,3.373
4.28333333333333,3.303,3.306,3.373
4.3,3.303,3.306,3.373
4.31666666666667,3.303,3.306,3.37383
4.33333333333333,3.303,3.306,3.373
4.35,3.303,3.306,3.373
4.36666666666667,3.303,3.306,3.373
4.38333333333333,3.303,3.306,3.373
4.4,3.303,3.306,3.373
4.41666666666667,3.303,3.306,3.372916
4.43333333333333,3.303,3.306,3.373
4.45,3.303,3.306,3.372055
4.46666666666667,3.303,3.306,3.372
4.48333333333333,3.303,3.306,3.372031
4.5,3.303,3.306,3.372
4.51666666666667,3.303,3.306,3.372
4.53333333333333,3.303,3.306,3.372
4.55,3.303,3.306,3.372
4.56666666666667,3.303,3.306,3.372
4.58333333333333,3.303,3.306,3.372
4.6,3.303,3.306,3.372
4.61666666666667,3.303,3.306,3.372
4.63333333333333,3.303,3.306,3.372
4.65,3.303,3.306,3.372
4.66666666666667,3.303,3.306,3.372
4.68333333333333,3.303,3.306,3.371845
4.7,3.303,3.306,3.371827
4.71666666666667,3.303,3.306,3.371812
4.73333333333333,3.303,3.306,3.371796
4.75,3.303,3.306,3.371215
4.76666666666667,3.303,3.306,3.371
4.78333333333333,3.303,3.306,3.371
4.8,3.302,3.306,3.371
4.81666666666667,3.303,3.306,3.371
4.83333333333333,3.303,3.306,3.371
4.85,3.303,3.306,3.371
4.86666666666667,3.303,3.306,3.371
4.88333333333333,3.303,3.306,3.371
4.9,3.302,3.306,3.371
4.91666666666667,3.303,3.306,3.371
4.93333333333333,3.303,3.306,3.371
4.95,3.303,3.306,3.371
4.96666666666667,3.303,3.306,3.371
4.98333333333333,3.303,3.306,3.370588
5,3.303,3.306,3.370572
5.01666666666667,3.303,3.306,3.371
5.03333333333333,3.303,3.306,3.370551
5.05,3.303,3.306,3.371
5.06666666666667,3.303,3.305,3.37
5.08333333333333,3.303,3.306,3.37
5.1,3.303,3.306,3.37
5.11666666666667,3.303,3.306,3.37
5.13333333333333,3.303,3.306,3.37
5.15,3.302,3.306,3.37
5.16666666666667,3.303,3.306,3.37
5.18333333333333,3.303,3.306,3.37
5.2,3.303,3.306,3.37
5.21666666666667,3.303,3.306,3.37
5.23333333333333,3.303,3.306,3.37
5.25,3.303,3.306,3.37
5.26666666666667,3.303,3.306,3.37
5.28333333333333,3.303,3.306,3.36935
5.3,3.303,3.306,3.369666
5.31666666666667,3.303,3.306,3.369
5.33333333333333,3.303,3.306,3.369312
5.35,3.303,3.306,3.3697
5.36666666666667,3.303,3.306,3.37
5.38333333333333,3.303,3.306,3.369
5.4,3.303,3.306,3.369255
5.41666666666667,3.303,3.306,3.369
5.43333333333333,3.303,3.306,3.369
5.45,3.303,3.306,3.369
5.46666666666667,3.303,3.306,3.369
5.48333333333333,3.302,3.306,3.369
5.5,3.303,3.306,3.369
5.51666666666667,3.303,3.306,3.369
5.53333333333333,3.303,3.306,3.369
5.55,3.303,3.306,3.369
5.56666666666667,3.302,3.306,3.368134
5.58333333333333,3.303,3.306,3.369
5.6,3.303,3.306,3.368897
5.61666666666667,3.302,3.306,3.369
5.63333333333333,3.302,3.306,3.368928
5.65,3.303,3.306,3.368057
5.66666666666667,3.303,3.306,3.36895
5.68333333333333,3.303,3.306,3.368959
5.7,3.303,3.306,3.368
5.71666666666667,3.303,3.306,3.368011
5.73333333333333,3.303,3.306,3.368998
5.75,3.303,3.306,3.368012
5.76666666666667,3.302,3.306,3.368
5.78333333333333,3.303,3.306,3.368
5.8,3.303,3.306,3.368
5.81666666666667,3.303,3.306,3.368
5.83333333333333,3.303,3.306,3.368
5.85,3.302,3.306,3.368
5.86666666666667,3.303,3.306,3.368
5.88333333333333,3.302,3.306,3.368
5.9,3.303,3.306,3.368
5.91666666666667,3.303,3.306,3.368
5.93333333333333,3.302,3.306,3.367163
5.95,3.303,3.306,3.367823
5.96666666666667,3.303,3.306,3.367194
5.98333333333333,3.303,3.306,3.368
6,3.303,3.306,3.367
6.01666666666667,3.303,3.306,3.367761
6.03333333333333,3.303,3.306,3.368
6.05,3.303,3.306,3.368
6.06666666666667,3.302,3.306,3.367
6.08333333333333,3.302,3.306,3.367
6.1,3.303,3.306,3.367
6.11666666666667,3.303,3.306,3.367
6.13333333333333,3.302,3.306,3.367
6.15,3.303,3.306,3.367
6.16666666666667,3.302,3.306,3.367
6.18333333333333,3.302,3.306,3.367
6.2,3.303,3.306,3.367
6.21666666666667,3.303,3.306,3.367
6.23333333333333,3.302,3.306,3.367
6.25,3.302,3.306,3.367
6.26666666666667,3.302,3.306,3.367
6.28333333333333,3.303,3.306,3.367
6.3,3.303,3.306,3.367
6.31666666666667,3.303,3.305,3.367
6.33333333333333,3.303,3.306,3.367
6.35,3.303,3.306,3.367
6.36666666666667,3.302,3.306,3.367
6.38333333333333,3.302,3.306,3.366553
6.4,3.303,3.306,3.367
6.41666666666667,3.302,3.306,3.367
6.43333333333333,3.302,3.306,3.36659
6.45,3.302,3.306,3.366
6.46666666666667,3.303,3.306,3.366622
6.48333333333333,3.303,3.306,3.367
6.5,3.303,3.306,3.366644
6.51666666666667,3.303,3.306,3.366338
6.53333333333333,3.302,3.306,3.366
6.55,3.302,3.306,3.366
6.56666666666667,3.302,3.306,3.366
6.58333333333333,3.303,3.306,3.366
6.6,3.303,3.305,3.366736
6.61666666666667,3.302,3.306,3.366
6.63333333333333,3.303,3.306,3.366
6.65,3.303,3.306,3.366
6.66666666666667,3.302,3.305,3.366
6.68333333333333,3.302,3.306,3.366
6.7,3.303,3.306,3.366
6.71666666666667,3.302,3.306,3.366
6.73333333333333,3.302,3.306,3.366
6.75,3.303,3.306,3.366
6.76666666666667,3.302,3.306,3.366
6.78333333333333,3.303,3.306,3.366
6.8,3.303,3.306,3.366
6.81666666666667,3.302,3.306,3.366
6.83333333333333,3.302,3.306,3.365925
6.85,3.302,3.306,3.365057
6.86666666666667,3.303,3.306,3.366
6.88333333333333,3.303,3.306,3.365962
6.9,3.303,3.305,3.365
6.91666666666667,3.302,3.306,3.366
6.93333333333333,3.302,3.306,3.365007
6.95,3.303,3.306,3.365982
6.96666666666667,3.303,3.306,3.365964
6.98333333333333,3.302,3.306,3.365
7,3.302,3.306,3.365062
7.01666666666667,3.302,3.306,3.365925
7.03333333333333,3.302,3.305,3.365
7.05,3.302,3.305,3.365097
7.06666666666667,3.303,3.305,3.365
7.08333333333333,3.302,3.306,3.365874
7.1,3.303,3.306,3.365
7.11666666666667,3.302,3.306,3.365
7.13333333333333,3.302,3.306,3.365
7.15,3.302,3.306,3.365
7.16666666666667,3.302,3.306,3.365
7.18333333333333,3.302,3.306,3.365
7.2,3.302,3.305,3.365
7.21666666666667,3.302,3.306,3.365
7.23333333333333,3.303,3.306,3.365
7.25,3.302,3.306,3.365
7.26666666666667,3.302,3.306,3.365
7.28333333333333,3.302,3.305,3.365
7.3,3.302,3.305,3.365
7.31666666666667,3.302,3.306,3.365
7.33333333333333,3.302,3.305,3.365
7.35,3.302,3.306,3.364665
7.36666666666667,3.303,3.306,3.365
7.38333333333333,3.302,3.305,3.364642
7.4,3.302,3.306,3.365
7.41666666666667,3.302,3.306,3.364382
7.43333333333333,3.302,3.305,3.364607
7.45,3.302,3.306,3.364
7.46666666666667,3.302,3.306,3.364
7.48333333333333,3.302,3.306,3.364549
7.5,3.303,3.306,3.364473
7.51666666666667,3.302,3.306,3.364
7.53333333333333,3.302,3.305,3.364482
7.55,3.302,3.306,3.364457
7.56666666666667,3.302,3.305,3.364441
7.58333333333333,3.302,3.306,3.364
7.6,3.302,3.305,3.364
7.61666666666667,3.302,3.306,3.364
7.63333333333333,3.302,3.305,3.364
7.65,3.302,3.306,3.364
7.66666666666667,3.302,3.306,3.364
7.68333333333333,3.303,3.305,3.364
7.7,3.302,3.306,3.364
7.71666666666667,3.302,3.306,3.364
7.73333333333333,3.302,3.306,3.364
7.75,3.302,3.306,3.364
7.76666666666667,3.302,3.306,3.363784
7.78333333333333,3.303,3.306,3.363202
7.8,3.303,3.305,3.364
7.81666666666667,3.302,3.306,3.364
7.83333333333333,3.302,3.306,3.364
7.85,3.302,3.305,3.364
7.86666666666667,3.302,3.305,3.363888
7.88333333333333,3.302,3.306,3.363907
7.9,3.303,3.305,3.363919
7.91666666666667,3.302,3.306,3.363068
7.93333333333333,3.302,3.305,3.364
7.95,3.302,3.306,3.363034
7.96666666666667,3.302,3.306,3.36302
7.98333333333333,3.302,3.306,3.363005
8,3.302,3.305,3.364
8.01666666666667,3.302,3.305,3.363
8.03333333333333,3.303,3.306,3.363
8.05,3.302,3.305,3.363
8.06666666666667,3.302,3.305,3.363
8.08333333333333,3.302,3.306,3.364
8.1,3.302,3.305,3.363
8.11666666666667,3.303,3.305,3.363
8.13333333333333,3.302,3.306,3.363
8.15,3.302,3.305,3.363
8.16666666666667,3.303,3.306,3.363
8.18333333333333,3.302,3.305,3.363
8.2,3.302,3.305,3.363
8.21666666666667,3.303,3.305,3.363
8.23333333333333,3.302,3.306,3.363
8.25,3.302,3.306,3.363
8.26666666666667,3.302,3.305,3.363
8.28333333333333,3.302,3.305,3.363
8.3,3.302,3.305,3.363
8.31666666666667,3.302,3.305,3.363
8.33333333333333,3.302,3.305,3.363
8.35,3.302,3.305,3.363
8.36666666666667,3.302,3.305,3.362392
8.38333333333333,3.302,3.305,3.363
8.4,3.302,3.306,3.363
8.41666666666667,3.302,3.305,3.363
8.43333333333333,3.302,3.305,3.363
8.45,3.302,3.305,3.363
8.46666666666667,3.303,3.305,3.363
8.48333333333333,3.302,3.305,3.362464
8.5,3.302,3.305,3.36244
8.51666666666667,3.302,3.305,3.362581
8.53333333333333,3.302,3.305,3.363
8.55,3.302,3.305,3.362
8.56666666666667,3.302,3.305,3.362363
8.58333333333333,3.302,3.306,3.362343
8.6,3.302,3.305,3.362
8.61666666666667,3.302,3.305,3.362
8.63333333333333,3.302,3.306,3.362278
8.65,3.302,3.305,3.362256
8.66666666666667,3.302,3.305,3.362758
8.68333333333333,3.302,3.305,3.362
8.7,3.302,3.305,3.362
8.71666666666667,3.302,3.305,3.362
8.73333333333333,3.302,3.305,3.362
8.75,3.302,3.305,3.362
8.76666666666667,3.302,3.305,3.362
8.78333333333333,3.302,3.305,3.362
8.8,3.302,3.306,3.362911
8.81666666666667,3.303,3.305,3.362
8.83333333333333,3.302,3.305,3.362
8.85,3.302,3.306,3.362
8.86666666666667,3.302,3.305,3.362
8.88333333333333,3.302,3.305,3.362988
8.9,3.302,3.305,3.362
8.91666666666667,3.302,3.305,3.362
8.93333333333333,3.302,3.305,3.362
8.95,3.302,3.305,3.362
8.96666666666667,3.302,3.305,3.362
8.98333333333333,3.302,3.305,3.362
9,3.302,3.305,3.362
9.01666666666667,3.302,3.305,3.362
9.03333333333333,3.302,3.305,3.362
9.05,3.302,3.305,3.362
9.06666666666667,3.302,3.305,3.362
9.08333333333333,3.302,3.305,3.362
9.1,3.302,3.305,3.361733
9.11666666666667,3.302,3.306,3.361712
9.13333333333333,3.302,3.305,3.36169
9.15,3.303,3.305,3.362
9.16666666666667,3.302,3.305,3.362
9.18333333333333,3.302,3.305,3.362
9.2,3.302,3.305,3.36163
9.21666666666667,3.302,3.305,3.362
9.23333333333333,3.302,3.306,3.36141
9.25,3.302,3.305,3.361
9.26666666666667,3.302,3.305,3.361555
9.28333333333333,3.302,3.305,3.361535
9.3,3.302,3.305,3.36152
9.31666666666667,3.302,3.305,3.361501
9.33333333333333,3.302,3.305,3.36148
9.35,3.302,3.305,3.361454
9.36666666666667,3.302,3.306,3.361565
9.38333333333333,3.302,3.305,3.36158
9.4,3.302,3.305,3.362
9.41666666666667,3.302,3.305,3.361617
9.43333333333333,3.302,3.306,3.361359
9.45,3.302,3.305,3.361
9.46666666666667,3.302,3.305,3.36168
9.48333333333333,3.302,3.306,3.361698
9.5,3.302,3.305,3.361
9.51666666666667,3.302,3.305,3.361
9.53333333333333,3.302,3.306,3.362
9.55,3.302,3.305,3.361
9.56666666666667,3.302,3.305,3.361
9.58333333333333,3.302,3.305,3.361
9.6,3.302,3.306,3.361
9.61666666666667,3.302,3.305,3.361
9.63333333333333,3.302,3.305,3.361
9.65,3.302,3.305,3.361
9.66666666666667,3.302,3.305,3.361
9.68333333333333,3.302,3.305,3.361
9.7,3.302,3.305,3.361
9.71666666666667,3.302,3.305,3.361
9.73333333333333,3.302,3.305,3.361
9.75,3.302,3.305,3.361
9.76666666666667,3.302,3.306,3.361
9.78333333333333,3.302,3.305,3.360971
9.8,3.302,3.305,3.361
9.81666666666667,3.302,3.305,3.361
9.83333333333333,3.302,3.305,3.361
9.85,3.302,3.305,3.361
9.86666666666667,3.302,3.305,3.361
9.88333333333333,3.302,3.305,3.361
9.9,3.302,3.305,3.361
9.91666666666667,3.302,3.305,3.361
9.93333333333333,3.302,3.305,3.361
9.95,3.302,3.305,3.360773
9.96666666666667,3.302,3.305,3.361
9.98333333333333,3.302,3.305,3.36027
10,3.302,3.305,3.361
10.0166666666667,3.302,3.306,3.36
10.0333333333333,3.302,3.306,3.360662
10.05,3.302,3.305,3.360637
10.0666666666667,3.302,3.305,3.36
10.0833333333333,3.302,3.306,3.360404
10.1,3.302,3.305,3.36
10.1166666666667,3.302,3.305,3.360453
10.1333333333333,3.302,3.305,3.36
10.15,3.302,3.305,3.360495
10.1666666666667,3.302,3.305,3.36
10.1833333333333,3.302,3.305,3.36
10.2,3.302,3.305,3.361
10.2166666666667,3.302,3.305,3.36
10.2333333333333,3.302,3.306,3.36
10.25,3.302,3.305,3.36
10.2666666666667,3.302,3.305,3.36
10.2833333333333,3.302,3.305,3.36
10.3,3.302,3.305,3.36
10.3166666666667,3.302,3.305,3.36
10.3333333333333,3.302,3.305,3.36
10.35,3.302,3.305,3.360724
10.3666666666667,3.302,3.306,3.36
10.3833333333333,3.302,3.305,3.36
10.4,3.302,3.305,3.36
10.4166666666667,3.302,3.305,3.36
10.4333333333333,3.302,3.305,3.36
10.45,3.302,3.305,3.36
10.4666666666667,3.302,3.305,3.36
10.4833333333333,3.302,3.305,3.36
10.5,3.302,3.305,3.360101
10.5166666666667,3.302,3.305,3.36
10.5333333333333,3.302,3.305,3.36
10.55,3.302,3.305,3.36
10.5666666666667,3.302,3.305,3.36
10.5833333333333,3.302,3.305,3.36
10.6,3.302,3.305,3.36
10.6166666666667,3.302,3.305,3.36
10.6333333333333,3.302,3.305,3.36
10.65,3.302,3.306,3.36
10.6666666666667,3.302,3.305,3.359101
10.6833333333333,3.302,3.305,3.36
10.7,3.302,3.305,3.36
10.7166666666667,3.302,3.305,3.36
10.7333333333333,3.302,3.305,3.36
10.75,3.302,3.306,3.359799
10.7666666666667,3.302,3.305,3.359212
10.7833333333333,3.302,3.305,3.36
10.8,3.302,3.305,3.36
10.8166666666667,3.302,3.305,3.359273
10.8333333333333,3.302,3.305,3.36
10.85,3.302,3.306,3.359684
10.8666666666667,3.302,3.305,3.36
10.8833333333333,3.302,3.305,3.359358
10.9,3.302,3.305,3.359372
10.9166666666667,3.302,3.305,3.36
10.9333333333333,3.302,3.305,3.359582
10.95,3.302,3.306,3.359
10.9666666666667,3.302,3.305,3.359544
10.9833333333333,3.302,3.305,3.359
11,3.302,3.305,3.359492
11.0166666666667,3.302,3.305,3.359
11.0333333333333,3.302,3.305,3.359
11.05,3.302,3.305,3.359
11.0666666666667,3.302,3.305,3.359569
11.0833333333333,3.302,3.305,3.359589
11.1,3.302,3.305,3.359
11.1166666666667,3.302,3.305,3.359
11.1333333333333,3.302,3.305,3.359
11.15,3.302,3.305,3.359
11.1666666666667,3.302,3.305,3.359
11.1833333333333,3.302,3.305,3.359
11.2,3.302,3.305,3.359
11.2166666666667,3.302,3.305,3.359
11.2333333333333,3.302,3.305,3.359
11.25,3.302,3.305,3.359
11.2666666666667,3.302,3.306,3.359
11.2833333333333,3.302,3.305,3.359
11.3,3.302,3.305,3.359
11.3166666666667,3.302,3.305,3.359
11.3333333333333,3.302,3.305,3.359
11.35,3.302,3.305,3.359
11.3666666666667,3.302,3.305,3.359
11.3833333333333,3.302,3.305,3.359
11.4,3.302,3.305,3.359
11.4166666666667,3.302,3.305,3.359
11.4333333333333,3.302,3.305,3.359
11.45,3.302,3.305,3.359
11.4666666666667,3.302,3.305,3.359
11.4833333333333,3.302,3.305,3.359
11.5,3.302,3.305,3.359
11.5166666666667,3.302,3.305,3.358903
11.5333333333333,3.302,3.306,3.359
11.55,3.302,3.305,3.359
11.5666666666667,3.302,3.305,3.358153
11.5833333333333,3.302,3.305,3.359
11.6,3.302,3.305,3.358191
11.6166666666667,3.302,3.305,3.359
11.6333333333333,3.302,3.305,3.358768
11.65,3.302,3.305,3.359
11.6666666666667,3.302,3.305,3.358262
11.6833333333333,3.302,3.305,3.359
11.7,3.302,3.305,3.358
11.7166666666667,3.302,3.305,3.358681
11.7333333333333,3.302,3.305,3.358336
11.75,3.302,3.305,3.358358
11.7666666666667,3.302,3.305,3.359
11.7833333333333,3.302,3.305,3.359
11.8,3.302,3.305,3.358411
11.8166666666667,3.302,3.305,3.358565
11.8333333333333,3.302,3.305,3.358454
11.85,3.302,3.305,3.358
11.8666666666667,3.302,3.305,3.358
11.8833333333333,3.302,3.305,3.358
11.9,3.302,3.305,3.358
11.9166666666667,3.302,3.305,3.358449
11.9333333333333,3.302,3.305,3.35843
11.95,3.302,3.305,3.358
11.9666666666667,3.302,3.305,3.358
11.9833333333333,3.302,3.305,3.359
12,3.302,3.305,3.358
12.0166666666667,3.302,3.305,3.358
12.0333333333333,3.302,3.305,3.358
12.05,3.302,3.305,3.358
12.0666666666667,3.302,3.305,3.358
12.0833333333333,3.302,3.305,3.358
12.1,3.302,3.305,3.358
12.1166666666667,3.302,3.305,3.358
12.1333333333333,3.302,3.305,3.358
12.15,3.302,3.305,3.358
12.1666666666667,3.302,3.306,3.358
12.1833333333333,3.302,3.305,3.358
12.2,3.302,3.305,3.358
12.2166666666667,3.302,3.305,3.358
12.2333333333333,3.302,3.305,3.358
12.25,3.302,3.305,3.357028
12.2666666666667,3.302,3.305,3.358
12.2833333333333,3.302,3.305,3.358
12.3,3.302,3.305,3.358
12.3166666666667,3.302,3.305,3.358
12.3333333333333,3.302,3.305,3.357067
12.35,3.302,3.305,3.358
12.3666666666667,3.302,3.305,3.358
12.3833333333333,3.302,3.305,3.358
12.4,3.302,3.305,3.358
12.4166666666667,3.302,3.305,3.357171
12.4333333333333,3.302,3.305,3.358
12.45,3.302,3.305,3.358
12.4666666666667,3.302,3.305,3.358
12.4833333333333,3.302,3.305,3.358
12.5,3.302,3.305,3.358
12.5166666666667,3.302,3.305,3.358
12.5333333333333,3.302,3.305,3.357299
12.55,3.302,3.305,3.357683
12.5666666666667,3.302,3.305,3.357654
12.5833333333333,3.302,3.305,3.357638
12.6,3.302,3.305,3.358
12.6166666666667,3.302,3.305,3.357604
12.6333333333333,3.302,3.305,3.358
12.65,3.302,3.305,3.357432
12.6666666666667,3.302,3.305,3.358
12.6833333333333,3.302,3.305,3.357461
12.7,3.302,3.305,3.357522
12.7166666666667,3.302,3.305,3.357491
12.7333333333333,3.302,3.305,3.357487
12.75,3.302,3.305,3.357469
12.7666666666667,3.302,3.305,3.35755
12.7833333333333,3.302,3.305,3.357569
12.8,3.302,3.305,3.357586
12.8166666666667,3.302,3.305,3.357599
12.8333333333333,3.302,3.305,3.357
12.85,3.302,3.305,3.35764
12.8666666666667,3.302,3.305,3.357663
12.8833333333333,3.302,3.305,3.357
12.9,3.302,3.305,3.357709
12.9166666666667,3.302,3.305,3.357728
12.9333333333333,3.302,3.305,3.357253
12.95,3.302,3.305,3.357
12.9666666666667,3.302,3.305,3.357
12.9833333333333,3.302,3.305,3.357
13,3.302,3.305,3.357
13.0166666666667,3.302,3.305,3.357
13.0333333333333,3.302,3.305,3.357
13.05,3.302,3.305,3.357
13.0666666666667,3.302,3.305,3.357
13.0833333333333,3.302,3.305,3.357915
13.1,3.302,3.305,3.357
13.1166666666667,3.302,3.305,3.357
13.1333333333333,3.302,3.305,3.357
13.15,3.302,3.305,3.357
13.1666666666667,3.302,3.305,3.357994
13.1833333333333,3.302,3.305,3.357
13.2,3.302,3.305,3.357
13.2166666666667,3.302,3.305,3.357
13.2333333333333,3.302,3.305,3.357
13.25,3.302,3.305,3.357
13.2666666666667,3.302,3.305,3.357
13.2833333333333,3.302,3.305,3.357
13.3,3.302,3.305,3.357
13.3166666666667,3.302,3.305,3.357
13.3333333333333,3.302,3.305,3.357
13.35,3.302,3.305,3.357
13.3666666666667,3.302,3.305,3.357
13.3833333333333,3.302,3.305,3.357753
13.4,3.302,3.305,3.357
13.4166666666667,3.302,3.305,3.357
13.4333333333333,3.302,3.305,3.357
13.45,3.302,3.305,3.357
13.4666666666667,3.302,3.305,3.357
13.4833333333333,3.302,3.305,3.357
13.5,3.302,3.305,3.357
13.5166666666667,3.302,3.305,3.357
13.5333333333333,3.302,3.305,3.357
13.55,3.302,3.305,3.357
13.5666666666667,3.302,3.305,3.357
13.5833333333333,3.302,3.305,3.357
13.6,3.302,3.305,3.357
13.6166666666667,3.302,3.305,3.357
13.6333333333333,3.302,3.305,3.357
13.65,3.302,3.305,3.357
13.6666666666667,3.302,3.305,3.357
13.6833333333333,3.302,3.305,3.357
13.7,3.302,3.305,3.357
13.7166666666667,3.302,3.305,3.357
13.7333333333333,3.302,3.305,3.357
13.75,3.302,3.305,3.357
13.7666666666667,3.302,3.305,3.357
13.7833333333333,3.302,3.305,3.357
13.8,3.302,3.305,3.357
13.8166666666667,3.302,3.305,3.357
13.8333333333333,3.302,3.305,3.357
13.85,3.302,3.305,3.357
13.8666666666667,3.302,3.305,3.357
13.8833333333333,3.302,3.305,3.357
13.9,3.302,3.305,3.357
13.9166666666667,3.302,3.305,3.356122
13.9333333333333,3.302,3.305,3.357
13.95,3.302,3.305,3.357
13.9666666666667,3.302,3.305,3.357
13.9833333333333,3.302,3.305,3.357
14,3.302,3.305,3.356988
14.0166666666667,3.302,3.305,3.356005
14.0333333333333,3.302,3.305,3.356972
14.05,3.302,3.305,3.356958
14.0666666666667,3.302,3.305,3.357
14.0833333333333,3.302,3.305,3.357
14.1,3.302,3.305,3.357
14.1166666666667,3.302,3.305,3.356887
14.1333333333333,3.302,3.305,3.357
14.15,3.302,3.306,3.356
14.1666666666667,3.302,3.305,3.356833
14.1833333333333,3.302,3.305,3.356
14.2,3.302,3.305,3.356
14.2166666666667,3.302,3.305,3.356218
14.2333333333333,3.302,3.305,3.356237
14.25,3.302,3.305,3.357
14.2666666666667,3.302,3.305,3.356719
14.2833333333333,3.302,3.305,3.356301
14.3,3.302,3.305,3.356685
14.3166666666667,3.302,3.305,3.356
14.3333333333333,3.302,3.305,3.356359
14.35,3.302,3.305,3.356625
14.3666666666667,3.302,3.305,3.356607
14.3833333333333,3.302,3.305,3.356
14.4,3.302,3.305,3.356569
14.4166666666667,3.302,3.305,3.356
14.4333333333333,3.302,3.305,3.356
14.45,3.302,3.305,3.356
14.4666666666667,3.302,3.305,3.356
14.4833333333333,3.302,3.305,3.356
14.5,3.302,3.305,3.356
14.5166666666667,3.302,3.305,3.356
14.5333333333333,3.302,3.305,3.356
14.55,3.302,3.305,3.356
14.5666666666667,3.302,3.305,3.356
14.5833333333333,3.302,3.305,3.356
14.6,3.302,3.305,3.356
14.6166666666667,3.302,3.305,3.356
14.6333333333333,3.302,3.305,3.356
14.65,3.302,3.305,3.356269
14.6666666666667,3.302,3.305,3.356
14.6833333333333,3.302,3.305,3.356
14.7,3.302,3.305,3.356
14.7166666666667,3.302,3.305,3.356
14.7333333333333,3.302,3.305,3.356831
14.75,3.302,3.305,3.356
14.7666666666667,3.302,3.305,3.356
14.7833333333333,3.302,3.305,3.356
14.8,3.302,3.305,3.356
14.8166666666667,3.302,3.305,3.356
14.8333333333333,3.302,3.305,3.356
14.85,3.302,3.305,3.356
14.8666666666667,3.302,3.305,3.356
14.8833333333333,3.302,3.305,3.356
14.9,3.302,3.305,3.356
14.9166666666667,3.302,3.305,3.356
14.9333333333333,3.302,3.305,3.356
14.95,3.302,3.305,3.355888
14.9666666666667,3.302,3.305,3.356
14.9833333333333,3.302,3.305,3.356
15,3.302,3.305,3.356
15.0166666666667,3.302,3.305,3.356
15.0333333333333,3.302,3.305,3.356
15.05,3.302,3.305,3.356
15.0666666666667,3.302,3.305,3.356
15.0833333333333,3.302,3.305,3.355269
15.1,3.302,3.305,3.355287
15.1166666666667,3.302,3.305,3.356
15.1333333333333,3.302,3.305,3.355675
15.15,3.302,3.305,3.356
15.1666666666667,3.302,3.305,3.356
15.1833333333333,3.302,3.305,3.356
15.2,3.302,3.305,3.356
15.2166666666667,3.302,3.305,3.356
15.2333333333333,3.302,3.305,3.356
15.25,3.302,3.305,3.355551
15.2666666666667,3.302,3.305,3.356
15.2833333333333,3.302,3.305,3.356
15.3,3.302,3.305,3.356
15.3166666666667,3.302,3.305,3.356
15.3333333333333,3.302,3.305,3.355449
15.35,3.302,3.305,3.355
15.3666666666667,3.302,3.305,3.355
15.3833333333333,3.302,3.305,3.355
15.4,3.302,3.305,3.355365
15.4166666666667,3.302,3.305,3.356
15.4333333333333,3.302,3.305,3.355
15.45,3.302,3.305,3.355303
15.4666666666667,3.302,3.305,3.355719
15.4833333333333,3.302,3.305,3.355733
15.5,3.302,3.305,3.355747
15.5166666666667,3.302,3.305,3.355768
15.5333333333333,3.302,3.305,3.355214
15.55,3.302,3.305,3.35581
15.5666666666667,3.302,3.305,3.356
15.5833333333333,3.302,3.305,3.355846
15.6,3.302,3.305,3.355
15.6166666666667,3.302,3.305,3.355
15.6333333333333,3.302,3.305,3.355909
15.65,3.302,3.305,3.355
15.6666666666667,3.302,3.305,3.355
15.6833333333333,3.302,3.305,3.355032
15.7,3.302,3.305,3.355
15.7166666666667,3.302,3.305,3.356
15.7333333333333,3.302,3.305,3.355
15.75,3.302,3.305,3.355
15.7666666666667,3.302,3.305,3.355063
15.7833333333333,3.302,3.305,3.35592
15.8,3.302,3.305,3.355
15.8166666666667,3.302,3.305,3.355125
15.8333333333333,3.302,3.305,3.355
15.85,3.302,3.305,3.355
15.8666666666667,3.302,3.305,3.355812
15.8833333333333,3.302,3.305,3.355
15.9,3.302,3.305,3.355
15.9166666666667,3.302,3.305,3.355
15.9333333333333,3.302,3.305,3.355
15.95,3.302,3.305,3.355
15.9666666666667,3.302,3.305,3.355
15.9833333333333,3.302,3.305,3.355
16,3.302,3.305,3.355
16.0166666666667,3.302,3.305,3.355
16.0333333333333,3.302,3.305,3.355
16.05,3.302,3.305,3.355
16.0666666666667,3.302,3.305,3.355
16.0833333333333,3.302,3.305,3.355
16.1,3.302,3.305,3.355477
16.1166666666667,3.302,3.305,3.355
16.1333333333333,3.302,3.305,3.355484
16.15,3.302,3.305,3.355
16.1666666666667,3.302,3.305,3.355
16.1833333333333,3.302,3.305,3.355
16.2,3.302,3.305,3.355
16.2166666666667,3.302,3.305,3.355
16.2333333333333,3.302,3.305,3.355
16.25,3.302,3.305,3.355
16.2666666666667,3.302,3.305,3.355
16.2833333333333,3.302,3.305,3.355
16.3,3.302,3.305,3.355
16.3166666666667,3.302,3.305,3.355
16.3333333333333,3.302,3.305,3.355
16.35,3.302,3.305,3.355
16.3666666666667,3.302,3.305,3.355
16.3833333333333,3.302,3.305,3.355
16.4,3.302,3.305,3.355
16.4166666666667,3.302,3.305,3.355
16.4333333333333,3.302,3.305,3.355
16.45,3.302,3.305,3.355
16.4666666666667,3.302,3.305,3.355
16.4833333333333,3.302,3.305,3.355
16.5,3.302,3.305,3.355
16.5166666666667,3.302,3.305,3.355
16.5333333333333,3.302,3.305,3.355
16.55,3.302,3.305,3.355
16.5666666666667,3.302,3.305,3.355
16.5833333333333,3.302,3.305,3.355
16.6,3.302,3.305,3.355
16.6166666666667,3.302,3.305,3.355
16.6333333333333,3.302,3.305,3.355
16.65,3.302,3.305,3.355
16.6666666666667,3.302,3.305,3.355
16.6833333333333,3.302,3.305,3.355
16.7,3.302,3.305,3.354218
16.7166666666667,3.302,3.305,3.355
16.7333333333333,3.302,3.305,3.355
16.75,3.302,3.305,3.354277
16.7666666666667,3.302,3.305,3.354706
16.7833333333333,3.302,3.305,3.354307
16.8,3.302,3.305,3.355
16.8166666666667,3.302,3.305,3.354654
16.8333333333333,3.302,3.305,3.355
16.85,3.302,3.305,3.355
16.8666666666667,3.302,3.305,3.354594
16.8833333333333,3.302,3.305,3.354572
16.9,3.302,3.305,3.354548
16.9166666666667,3.302,3.305,3.354525
16.9333333333333,3.302,3.305,3.355
16.95,3.302,3.305,3.355
16.9666666666667,3.302,3.305,3.354
16.9833333333333,3.302,3.305,3.354
17,3.302,3.305,3.354415
17.0166666666667,3.302,3.305,3.354605
17.0333333333333,3.302,3.305,3.354378
17.05,3.302,3.305,3.354
17.0666666666667,3.302,3.305,3.354662
17.0833333333333,3.302,3.305,3.355
17.1,3.302,3.305,3.354
17.1166666666667,3.302,3.305,3.354
17.1333333333333,3.302,3.305,3.354
17.15,3.302,3.305,3.354
17.1666666666667,3.302,3.305,3.354214
17.1833333333333,3.302,3.305,3.354
17.2,3.302,3.305,3.354
17.2166666666667,3.302,3.305,3.354
17.2333333333333,3.302,3.305,3.354
17.25,3.302,3.305,3.354884
17.2666666666667,3.302,3.305,3.355
17.2833333333333,3.302,3.305,3.354074
17.3,3.302,3.305,3.354949
17.3166666666667,3.302,3.305,3.354
17.3333333333333,3.302,3.305,3.354
17.35,3.302,3.305,3.354008
17.3666666666667,3.302,3.305,3.354
17.3833333333333,3.302,3.305,3.354045
17.4,3.302,3.305,3.354
17.4166666666667,3.302,3.305,3.354907
17.4333333333333,3.302,3.305,3.354884
17.45,3.302,3.305,3.354135
17.4666666666667,3.302,3.305,3.354
17.4833333333333,3.302,3.305,3.354
17.5,3.302,3.305,3.354
17.5166666666667,3.302,3.304,3.354
17.5333333333333,3.302,3.305,3.354
17.55,3.302,3.305,3.354
17.5666666666667,3.302,3.305,3.354286
17.5833333333333,3.302,3.305,3.354
17.6,3.302,3.305,3.354
17.6166666666667,3.302,3.305,3.354
17.6333333333333,3.302,3.305,3.354
17.65,3.302,3.305,3.354
17.6666666666667,3.302,3.305,3.354
17.6833333333333,3.302,3.305,3.354
17.7,3.302,3.305,3.354
17.7166666666667,3.302,3.305,3.354
17.7333333333333,3.302,3.305,3.354
17.75,3.302,3.305,3.354
17.7666666666667,3.302,3.305,3.354
17.7833333333333,3.302,3.305,3.354
17.8,3.302,3.305,3.354
17.8166666666667,3.302,3.305,3.354
17.8333333333333,3.302,3.305,3.354
17.85,3.302,3.305,3.354
17.8666666666667,3.302,3.305,3.354
17.8833333333333,3.302,3.305,3.354
17.9,3.302,3.305,3.354
17.9166666666667,3.302,3.305,3.354
17.9333333333333,3.302,3.305,3.354
17.95,3.302,3.305,3.354
17.9666666666667,3.302,3.305,3.354
17.9833333333333,3.302,3.305,3.354
18,3.302,3.304,3.354
18.0166666666667,3.302,3.305,3.354
18.0333333333333,3.302,3.305,3.353154
18.05,3.302,3.305,3.354
18.0666666666667,3.302,3.305,3.354
18.0833333333333,3.302,3.305,3.354
18.1,3.302,3.305,3.354
18.1166666666667,3.302,3.304,3.354
18.1333333333333,3.302,3.305,3.354
18.15,3.302,3.305,3.354
18.1666666666667,3.302,3.305,3.354
18.1833333333333,3.302,3.305,3.354
18.2,3.302,3.305,3.354
18.2166666666667,3.302,3.305,3.354
18.2333333333333,3.302,3.305,3.354
18.25,3.302,3.305,3.354
18.2666666666667,3.302,3.305,3.354
18.2833333333333,3.302,3.305,3.354
18.3,3.302,3.305,3.353165
18.3166666666667,3.302,3.305,3.353186
18.3333333333333,3.302,3.305,3.354
18.35,3.302,3.305,3.354
18.3666666666667,3.302,3.305,3.353759
18.3833333333333,3.302,3.305,3.354
18.4,3.302,3.305,3.354
18.4166666666667,3.302,3.305,3.354
18.4333333333333,3.302,3.305,3.353327
18.45,3.302,3.305,3.353647
18.4666666666667,3.302,3.305,3.354
18.4833333333333,3.302,3.305,3.353397
18.5,3.302,3.305,3.353419
18.5166666666667,3.302,3.305,3.353443
18.5333333333333,3.302,3.305,3.353462
18.55,3.302,3.305,3.354
18.5666666666667,3.302,3.305,3.353496
18.5833333333333,3.302,3.305,3.354
18.6,3.302,3.305,3.354
18.6166666666667,3.302,3.305,3.354
18.6333333333333,3.302,3.305,3.353
18.65,3.302,3.305,3.353604
18.6666666666667,3.302,3.305,3.353624
18.6833333333333,3.302,3.305,3.353648
18.7,3.302,3.305,3.353
18.7166666666667,3.302,3.305,3.353309
18.7333333333333,3.302,3.305,3.35371
18.75,3.302,3.305,3.353
18.7666666666667,3.302,3.305,3.353741
18.7833333333333,3.302,3.305,3.353
18.8,3.302,3.305,3.353
18.8166666666667,3.302,3.305,3.353
18.8333333333333,3.302,3.305,3.353185
18.85,3.302,3.305,3.353159
18.8666666666667,3.302,3.305,3.353
18.8833333333333,3.302,3.305,3.353
18.9,3.302,3.305,3.353897
18.9166666666667,3.302,3.305,3.354
18.9333333333333,3.302,3.305,3.353937
18.95,3.302,3.305,3.353
18.9666666666667,3.302,3.305,3.353977
18.9833333333333,3.302,3.305,3.353996
19,3.302,3.305,3.353
19.0166666666667,3.302,3.305,3.353
19.0333333333333,3.302,3.305,3.353
19.05,3.302,3.305,3.353
19.0666666666667,3.302,3.305,3.353
19.0833333333333,3.302,3.305,3.353
19.1,3.302,3.305,3.353
19.1166666666667,3.302,3.305,3.353842
19.1333333333333,3.302,3.305,3.353
19.15,3.302,3.305,3.353
19.1666666666667,3.302,3.305,3.353793
19.1833333333333,3.302,3.305,3.353
19.2,3.302,3.305,3.354
19.2166666666667,3.302,3.305,3.353
19.2333333333333,3.302,3.305,3.353288
19.25,3.302,3.305,3.353
19.2666666666667,3.302,3.305,3.353
19.2833333333333,3.302,3.305,3.353
19.3,3.302,3.305,3.353
19.3166666666667,3.302,3.305,3.353
19.3333333333333,3.302,3.305,3.353
19.35,3.302,3.305,3.353
19.3666666666667,3.302,3.305,3.353
19.3833333333333,3.302,3.305,3.353
19.4,3.302,3.305,3.353
19.4166666666667,3.302,3.305,3.353
19.4333333333333,3.302,3.305,3.353
19.45,3.302,3.305,3.353
19.4666666666667,3.302,3.305,3.353
19.4833333333333,3.302,3.305,3.353
19.5,3.302,3.305,3.353
19.5166666666667,3.302,3.305,3.353
19.5333333333333,3.302,3.305,3.353
19.55,3.302,3.305,3.353
19.5666666666667,3.302,3.305,3.353
19.5833333333333,3.302,3.305,3.353
19.6,3.302,3.304,3.353
19.6166666666667,3.302,3.305,3.353
19.6333333333333,3.302,3.304,3.353
19.65,3.302,3.305,3.353
19.6666666666667,3.302,3.305,3.353
19.6833333333333,3.302,3.305,3.353
19.7,3.302,3.305,3.353
19.7166666666667,3.302,3.305,3.353
19.7333333333333,3.302,3.305,3.353
19.75,3.302,3.305,3.353
19.7666666666667,3.302,3.305,3.353
19.7833333333333,3.302,3.305,3.353
19.8,3.302,3.304,3.353
19.8166666666667,3.302,3.305,3.353
19.8333333333333,3.302,3.305,3.353
19.85,3.302,3.305,3.353
19.8666666666667,3.302,3.305,3.353
19.8833333333333,3.302,3.305,3.353
19.9,3.302,3.305,3.353
19.9166666666667,3.302,3.305,3.353
19.9333333333333,3.302,3.305,3.353
19.95,3.302,3.305,3.353
19.9666666666667,3.302,3.305,3.352773
19.9833333333333,3.302,3.305,3.353
20,3.302,3.305,3.353
20.0166666666667,3.302,3.305,3.352705
20.0333333333333,3.302,3.305,3.353
20.05,3.302,3.305,3.353
20.0666666666667,3.302,3.305,3.353
20.0833333333333,3.302,3.305,3.353
20.1,3.302,3.305,3.353
20.1166666666667,3.302,3.305,3.353
20.1333333333333,3.302,3.305,3.353
20.15,3.302,3.305,3.353
20.1666666666667,3.302,3.305,3.353
20.1833333333333,3.302,3.305,3.353
20.2,3.302,3.305,3.352463
20.2166666666667,3.302,3.305,3.353
20.2333333333333,3.302,3.305,3.353
20.25,3.302,3.305,3.352409
20.2666666666667,3.302,3.305,3.353
20.2833333333333,3.302,3.305,3.353
20.3,3.302,3.305,3.353
20.3166666666667,3.302,3.305,3.353
20.3333333333333,3.302,3.305,3.353
20.35,3.302,3.305,3.352276
20.3666666666667,3.302,3.305,3.353
20.3833333333333,3.302,3.305,3.353
20.4,3.302,3.305,3.353
20.4166666666667,3.302,3.305,3.353
20.4333333333333,3.302,3.305,3.352172
20.45,3.302,3.305,3.353
20.4666666666667,3.302,3.305,3.352875
20.4833333333333,3.302,3.305,3.353
20.5,3.302,3.305,3.352927
20.5166666666667,3.302,3.305,3.353
20.5333333333333,3.302,3.305,3.352037
20.55,3.302,3.305,3.353
20.5666666666667,3.302,3.305,3.353
20.5833333333333,3.302,3.305,3.352
20.6,3.302,3.305,3.352054
20.6166666666667,3.302,3.305,3.352923
20.6333333333333,3.302,3.305,3.353
20.65,3.302,3.305,3.352112
20.6666666666667,3.302,3.305,3.352134
20.6833333333333,3.302,3.305,3.352163
20.7,3.302,3.305,3.353
20.7166666666667,3.302,3.305,3.352798
20.7333333333333,3.302,3.305,3.352773
20.75,3.302,3.305,3.352748
20.7666666666667,3.302,3.304,3.352
20.7833333333333,3.302,3.305,3.353
20.8,3.302,3.305,3.352
20.8166666666667,3.302,3.305,3.352663
20.8333333333333,3.302,3.305,3.352363
20.85,3.302,3.305,3.352615
20.8666666666667,3.302,3.305,3.352
20.8833333333333,3.302,3.305,3.352427
20.9,3.302,3.305,3.352546
20.9166666666667,3.302,3.305,3.352522
20.9333333333333,3.302,3.305,3.352
20.95,3.302,3.305,3.352477
20.9666666666667,3.302,3.305,3.352
20.9833333333333,3.302,3.305,3.352
21,3.302,3.305,3.353
21.0166666666667,3.302,3.305,3.352396
21.0333333333333,3.302,3.304,3.352625
21.05,3.302,3.305,3.352
21.0666666666667,3.302,3.305,3.352329
21.0833333333333,3.302,3.305,3.352691
21.1,3.302,3.305,3.352714
21.1166666666667,3.302,3.305,3.35227
21.1333333333333,3.302,3.305,3.352
21.15,3.302,3.305,3.352
21.1666666666667,3.302,3.305,3.352
21.1833333333333,3.302,3.305,3.352
21.2,3.302,3.305,3.352
21.2166666666667,3.302,3.305,3.352
21.2333333333333,3.302,3.305,3.352
21.25,3.302,3.304,3.352
21.2666666666667,3.302,3.304,3.352
21.2833333333333,3.302,3.305,3.352
21.3,3.302,3.305,3.352
21.3166666666667,3.302,3.304,3.352
21.3333333333333,3.302,3.305,3.352
21.35,3.302,3.305,3.352956
21.3666666666667,3.302,3.305,3.352076
21.3833333333333,3.302,3.305,3.352
21.4,3.302,3.305,3.352
21.4166666666667,3.302,3.305,3.352143
21.4333333333333,3.302,3.305,3.352834
21.45,3.302,3.305,3.352193
21.4666666666667,3.302,3.305,3.352
21.4833333333333,3.302,3.305,3.352771
21.5,3.302,3.305,3.352
21.5166666666667,3.302,3.305,3.352
21.5333333333333,3.302,3.305,3.352
21.55,3.302,3.305,3.352
21.5666666666667,3.302,3.305,3.352
21.5833333333333,3.302,3.305,3.352
21.6,3.302,3.305,3.352
21.6166666666667,3.302,3.304,3.352
21.6333333333333,3.302,3.305,3.352
21.65,3.302,3.305,3.352
21.6666666666667,3.302,3.305,3.352
21.6833333333333,3.302,3.305,3.352521
21.7,3.302,3.305,3.352
21.7166666666667,3.302,3.305,3.352
21.7333333333333,3.302,3.305,3.352
21.75,3.302,3.305,3.352
21.7666666666667,3.302,3.305,3.352
21.7833333333333,3.302,3.305,3.352
21.8,3.302,3.305,3.352
21.8166666666667,3.302,3.305,3.352
21.8333333333333,3.302,3.305,3.352
21.85,3.302,3.305,3.352
21.8666666666667,3.302,3.305,3.352
21.8833333333333,3.302,3.305,3.352
21.9,3.302,3.305,3.352
21.9166666666667,3.302,3.305,3.352
21.9333333333333,3.302,3.305,3.352
21.95,3.302,3.305,3.352
21.9666666666667,3.302,3.305,3.352
21.9833333333333,3.302,3.305,3.352
22,3.302,3.305,3.352
22.0166666666667,3.302,3.305,3.352
22.0333333333333,3.302,3.305,3.352
22.05,3.302,3.305,3.352009
22.0666666666667,3.302,3.305,3.352
22.0833333333333,3.302,3.305,3.352
22.1,3.302,3.305,3.352
22.1166666666667,3.302,3.305,3.352
22.1333333333333,3.302,3.305,3.352
22.15,3.302,3.305,3.352
22.1666666666667,3.302,3.305,3.352
22.1833333333333,3.302,3.305,3.352
22.2,3.302,3.305,3.352
22.2166666666667,3.302,3.305,3.352
22.2333333333333,3.302,3.305,3.351785
22.25,3.302,3.305,3.352
22.2666666666667,3.302,3.305,3.352
22.2833333333333,3.302,3.305,3.352
22.3,3.302,3.304,3.352
22.3166666666667,3.302,3.305,3.352
22.3333333333333,3.302,3.304,3.352
22.35,3.302,3.305,3.352
22.3666666666667,3.302,3.305,3.352
22.3833333333333,3.302,3.304,3.352
22.4,3.302,3.305,3.352
22.4166666666667,3.302,3.305,3.352
22.4333333333333,3.302,3.305,3.352
22.45,3.302,3.305,3.352
22.4666666666667,3.302,3.305,3.352
22.4833333333333,3.302,3.305,3.352
22.5,3.302,3.305,3.352
22.5166666666667,3.302,3.305,3.352
22.5333333333333,3.302,3.305,3.351602
22.55,3.302,3.304,3.352
22.5666666666667,3.302,3.305,3.351643
22.5833333333333,3.302,3.305,3.352
22.6,3.302,3.304,3.352
22.6166666666667,3.302,3.305,3.352
22.6333333333333,3.302,3.305,3.352
22.65,3.302,3.304,3.352
22.6666666666667,3.302,3.305,3.352
22.6833333333333,3.302,3.304,3.351194
22.7,3.302,3.305,3.352
22.7166666666667,3.302,3.305,3.352
22.7333333333333,3.302,3.305,3.352
22.75,3.302,3.304,3.352
22.7666666666667,3.302,3.305,3.351918
22.7833333333333,3.302,3.305,3.352
22.8,3.302,3.305,3.352
22.8166666666667,3.302,3.305,3.352
22.8333333333333,3.302,3.305,3.352
22.85,3.302,3.305,3.352
22.8666666666667,3.302,3.304,3.352
22.8833333333333,3.302,3.305,3.352
22.9,3.302,3.305,3.352
22.9166666666667,3.302,3.304,3.352
22.9333333333333,3.302,3.304,3.352
22.95,3.302,3.305,3.351165
22.9666666666667,3.302,3.305,3.352
22.9833333333333,3.302,3.305,3.352
23,3.302,3.305,3.351764
23.0166666666667,3.302,3.305,3.351258
23.0333333333333,3.302,3.305,3.352
23.05,3.302,3.305,3.351304
23.0666666666667,3.302,3.305,3.352
23.0833333333333,3.302,3.305,3.352
23.1,3.302,3.305,3.351385
23.1166666666667,3.302,3.305,3.352
23.1333333333333,3.302,3.305,3.352
23.15,3.302,3.305,3.352
23.1666666666667,3.302,3.305,3.352
23.1833333333333,3.302,3.305,3.351
23.2,3.302,3.305,3.352
23.2166666666667,3.302,3.305,3.352
23.2333333333333,3.302,3.305,3.351428
23.25,3.302,3.304,3.351608
23.2666666666667,3.302,3.304,3.35164
23.2833333333333,3.302,3.305,3.352
23.3,3.302,3.305,3.351705
23.3166666666667,3.302,3.305,3.352
23.3333333333333,3.302,3.305,3.351
23.35,3.302,3.305,3.351793
23.3666666666667,3.302,3.305,3.352
23.3833333333333,3.302,3.305,3.351836
23.4,3.302,3.305,3.352
23.4166666666667,3.302,3.305,3.352
23.4333333333333,3.302,3.304,3.351
23.45,3.302,3.305,3.351071
23.4666666666667,3.302,3.305,3.351954
23.4833333333333,3.302,3.305,3.351981
23.5,3.302,3.305,3.351995
23.5166666666667,3.302,3.305,3.351026
23.5333333333333,3.302,3.304,3.351049
23.55,3.302,3.305,3.351929
23.5666666666667,3.302,3.304,3.351
23.5833333333333,3.302,3.305,3.351115
23.6,3.302,3.305,3.351
23.6166666666667,3.302,3.304,3.352
23.6333333333333,3.302,3.305,3.351813
23.65,3.302,3.305,3.351215
23.6666666666667,3.302,3.305,3.352
23.6833333333333,3.302,3.305,3.351
23.7,3.302,3.304,3.351
23.7166666666667,3.302,3.305,3.351
23.7333333333333,3.302,3.305,3.351
23.75,3.302,3.305,3.351
23.7666666666667,3.302,3.305,3.351
23.7833333333333,3.302,3.305,3.351
23.8,3.302,3.305,3.351
23.8166666666667,3.302,3.305,3.351444
23.8333333333333,3.302,3.305,3.351
23.85,3.302,3.305,3.351509
23.8666666666667,3.302,3.305,3.351
23.8833333333333,3.302,3.304,3.351534
23.9,3.302,3.305,3.351
23.9166666666667,3.302,3.305,3.351412
23.9333333333333,3.302,3.305,3.351
23.95,3.302,3.304,3.351
23.9666666666667,3.302,3.305,3.351
23.9833333333333,3.302,3.305,3.351676
24,3.302,3.304,3.351
