Timestamp [h],BATT_006_OCV_V_100-SOC
0,4.151
0.0166666666666667,4.11
0.0333333333333333,4.108
0.05,4.107
0.0666666666666667,4.10604
0.0833333333333333,4.106
0.1,4.105
0.116666666666667,4.104
0.133333333333333,4.104
0.15,4.104
0.166666666666667,4.103853
0.183333333333333,4.103
0.2,4.10218
0.216666666666667,4.102804
0.233333333333333,4.102
0.25,4.101773
0.266666666666667,4.101755
0.283333333333333,4.101
0.3,4.101
0.316666666666667,4.101
0.333333333333333,4.100682
0.35,4.100667
0.366666666666667,4.1
0.383333333333333,4.1
0.4,4.099617
0.416666666666667,4.1
0.433333333333333,4.1
0.45,4.09943
0.466666666666667,4.099
0.483333333333333,4.099
0.5,4.099
0.516666666666667,4.099
0.533333333333333,4.099
0.55,4.099
0.566666666666667,4.099
0.583333333333333,4.099
0.6,4.098416
0.616666666666667,4.098602
0.633333333333333,4.098
0.65,4.098
0.666666666666667,4.098
0.683333333333333,4.098
0.7,4.098
0.716666666666667,4.098
0.733333333333333,4.098
0.75,4.098
0.766666666666667,4.098
0.783333333333333,4.098
0.8,4.097771
0.816666666666667,4.09721
0.833333333333333,4.097809
0.85,4.097175
0.866666666666667,4.097
0.883333333333333,4.097
0.9,4.097
0.916666666666667,4.097
0.933333333333333,4.097
0.95,4.097
0.966666666666667,4.097
0.983333333333333,4.097
1,4.097
1.01666666666667,4.097
1.03333333333333,4.097
1.05,4.097
1.06666666666667,4.097
1.08333333333333,4.097
1.1,4.096943
1.11666666666667,4.096928
1.13333333333333,4.096
1.15,4.096103
1.16666666666667,4.096885
1.18333333333333,4.096866
1.2,4.096851
1.21666666666667,4.096
1.23333333333333,4.096
1.25,4.096
1.26666666666667,4.096
1.28333333333333,4.096
1.3,4.096
1.31666666666667,4.096
1.33333333333333,4.096
1.35,4.096
1.36666666666667,4.096
1.38333333333333,4.096
1.4,4.096
1.41666666666667,4.096
1.43333333333333,4.096
1.45,4.096
1.46666666666667,4.096
1.48333333333333,4.096
1.5,4.09545
1.51666666666667,4.096
1.53333333333333,4.096
1.55,4.095514
1.56666666666667,4.095499
1.58333333333333,4.096
1.6,4.09546
1.61666666666667,4.096
1.63333333333333,4.095
1.65,4.095
1.66666666666667,4.095
1.68333333333333,4.095389
1.7,4.095
1.71666666666667,4.096
1.73333333333333,4.095
1.75,4.095313
1.76666666666667,4.095
1.78333333333333,4.095
1.8,4.095
1.81666666666667,4.095
1.83333333333333,4.095
1.85,4.095
1.86666666666667,4.095
1.88333333333333,4.095
1.9,4.095
1.91666666666667,4.095
1.93333333333333,4.095
1.95,4.095
1.96666666666667,4.095
1.98333333333333,4.095
2,4.095
2.01666666666667,4.095
2.03333333333333,4.095
2.05,4.095
2.06666666666667,4.095
2.08333333333333,4.095
2.1,4.095
2.11666666666667,4.095
2.13333333333333,4.095
2.15,4.095
2.16666666666667,4.095
2.18333333333333,4.095
2.2,4.095
2.21666666666667,4.095
2.23333333333333,4.095
2.25,4.095
2.26666666666667,4.095
2.28333333333333,4.095
2.3,4.095
2.31666666666667,4.095
2.33333333333333,4.095
2.35,4.095
2.36666666666667,4.095
2.38333333333333,4.095
2.4,4.095
2.41666666666667,4.095
2.43333333333333,4.095
2.45,4.094632
2.46666666666667,4.095
2.48333333333333,4.094393
2.5,4.094417
2.51666666666667,4.094432
2.53333333333333,4.094453
2.55,4.09453
2.56666666666667,4.094
2.58333333333333,4.094497
2.6,4.094487
2.61666666666667,4.094468
2.63333333333333,4.094
2.65,4.094432
2.66666666666667,4.094415
2.68333333333333,4.094604
2.7,4.094382
2.71666666666667,4.094637
2.73333333333333,4.094653
2.75,4.094
2.76666666666667,4.094
2.78333333333333,4.094
2.8,4.095
2.81666666666667,4.095
2.83333333333333,4.094236
2.85,4.094224
2.86666666666667,4.094208
2.88333333333333,4.094
2.9,4.094178
2.91666666666667,4.094162
2.93333333333333,4.094146
2.95,4.09413
2.96666666666667,4.094
2.98333333333333,4.0949
3,4.094
3.01666666666667,4.094068
3.03333333333333,4.094942
3.05,4.094
3.06666666666667,4.094021
3.08333333333333,4.094
3.1,4.094008
3.11666666666667,4.094
3.13333333333333,4.094
3.15,4.094
3.16666666666667,4.094
3.18333333333333,4.094
3.2,4.094
3.21666666666667,4.09412
3.23333333333333,4.094
3.25,4.094
3.26666666666667,4.094
3.28333333333333,4.094
3.3,4.094
3.31666666666667,4.094
3.33333333333333,4.094
3.35,4.094
3.36666666666667,4.094
3.38333333333333,4.094
3.4,4.094
3.41666666666667,4.094
3.43333333333333,4.094
3.45,4.094
3.46666666666667,4.094
3.48333333333333,4.094
3.5,4.094
3.51666666666667,4.094
3.53333333333333,4.094
3.55,4.094
3.56666666666667,4.094
3.58333333333333,4.094
3.6,4.094
3.61666666666667,4.094
3.63333333333333,4.094
3.65,4.094
3.66666666666667,4.094
3.68333333333333,4.094
3.7,4.094
3.71666666666667,4.093415
3.73333333333333,4.094
3.75,4.094
3.76666666666667,4.094
3.78333333333333,4.094
3.8,4.094
3.81666666666667,4.094
3.83333333333333,4.093308
3.85,4.094
3.86666666666667,4.094
3.88333333333333,4.09326
3.9,4.094
3.91666666666667,4.094
3.93333333333333,4.094
3.95,4.094
3.96666666666667,4.094
3.98333333333333,4.094
4,4.094
4.01666666666667,4.094
4.03333333333333,4.094
4.05,4.094
4.06666666666667,4.093088
4.08333333333333,4.094
4.1,4.093
4.11666666666667,4.093949
4.13333333333333,4.094
4.15,4.09301
4.16666666666667,4.094
4.18333333333333,4.094
4.2,4.09396
4.21666666666667,4.093053
4.23333333333333,4.094
4.25,4.093923
4.26666666666667,4.093906
4.28333333333333,4.093107
4.3,4.093874
4.31666666666667,4.093146
4.33333333333333,4.093835
4.35,4.093824
4.36666666666667,4.093
4.38333333333333,4.093
4.4,4.093
4.41666666666667,4.093
4.43333333333333,4.093
4.45,4.093274
4.46666666666667,4.093291
4.48333333333333,4.093
4.5,4.093
4.51666666666667,4.093337
4.53333333333333,4.093
4.55,4.093
4.56666666666667,4.093
4.58333333333333,4.093
4.6,4.093
4.61666666666667,4.09358
4.63333333333333,4.093
4.65,4.093454
4.66666666666667,4.093
4.68333333333333,4.093
4.7,4.093
4.71666666666667,4.093
4.73333333333333,4.093
4.75,4.093
4.76666666666667,4.093
4.78333333333333,4.093
4.8,4.093
4.81666666666667,4.093
4.83333333333333,4.093
4.85,4.093
4.86666666666667,4.093
4.88333333333333,4.093
4.9,4.093
4.91666666666667,4.093
4.93333333333333,4.093
4.95,4.093
4.96666666666667,4.093
4.98333333333333,4.093
5,4.093
5.01666666666667,4.093
5.03333333333333,4.093
5.05,4.093
5.06666666666667,4.093
5.08333333333333,4.093
5.1,4.093
5.11666666666667,4.093
5.13333333333333,4.093
5.15,4.093
5.16666666666667,4.093
5.18333333333333,4.093
5.2,4.093
5.21666666666667,4.093
5.23333333333333,4.093
5.25,4.093
5.26666666666667,4.093
5.28333333333333,4.093
5.3,4.093
5.31666666666667,4.093
5.33333333333333,4.093
5.35,4.093
5.36666666666667,4.093
5.38333333333333,4.093
5.4,4.093
5.41666666666667,4.093
5.43333333333333,4.093
5.45,4.093
5.46666666666667,4.093
5.48333333333333,4.093
5.5,4.093
5.51666666666667,4.093
5.53333333333333,4.093
5.55,4.093
5.56666666666667,4.093
5.58333333333333,4.093
5.6,4.093
5.61666666666667,4.093
5.63333333333333,4.093
5.65,4.093
5.66666666666667,4.093
5.68333333333333,4.093
5.7,4.093
5.71666666666667,4.093
5.73333333333333,4.093
5.75,4.093
5.76666666666667,4.093
5.78333333333333,4.093
5.8,4.093
5.81666666666667,4.093
5.83333333333333,4.093
5.85,4.093
5.86666666666667,4.093
5.88333333333333,4.093
5.9,4.093
5.91666666666667,4.093
5.93333333333333,4.093
5.95,4.093
5.96666666666667,4.093
5.98333333333333,4.093
6,4.093
6.01666666666667,4.093
6.03333333333333,4.093
6.05,4.093
6.06666666666667,4.093
6.08333333333333,4.093
6.1,4.093
6.11666666666667,4.092182
6.13333333333333,4.093
6.15,4.093
6.16666666666667,4.09286
6.18333333333333,4.093
6.2,4.093
6.21666666666667,4.092901
6.23333333333333,4.093
6.25,4.093
6.26666666666667,4.093
6.28333333333333,4.093
6.3,4.092023
6.31666666666667,4.092
6.33333333333333,4.093
6.35,4.093
6.36666666666667,4.092063
6.38333333333333,4.092073
6.4,4.093
6.41666666666667,4.093
6.43333333333333,4.092878
6.45,4.092142
6.46666666666667,4.093
6.48333333333333,4.092825
6.5,4.093
6.51666666666667,4.093
6.53333333333333,4.093
6.55,4.092755
6.56666666666667,4.093
6.58333333333333,4.092283
6.6,4.092296
6.61666666666667,4.092
6.63333333333333,4.093
6.65,4.093
6.66666666666667,4.093
6.68333333333333,4.092
6.7,4.092
6.71666666666667,4.092591
6.73333333333333,4.093
6.75,4.092553
6.76666666666667,4.093
6.78333333333333,4.092525
6.8,4.09251
6.81666666666667,4.092
6.83333333333333,4.092475
6.85,4.09254
6.86666666666667,4.092558
6.88333333333333,4.092419
6.9,4.092404
6.91666666666667,4.092389
6.93333333333333,4.092628
6.95,4.092649
6.96666666666667,4.092335
6.98333333333333,4.092
7,4.092
7.01666666666667,4.092
7.03333333333333,4.092
7.05,4.092
7.06666666666667,4.092764
7.08333333333333,4.092776
7.1,4.092212
7.11666666666667,4.092
7.13333333333333,4.092
7.15,4.092
7.16666666666667,4.092158
7.18333333333333,4.092
7.2,4.093
7.21666666666667,4.092
7.23333333333333,4.092911
7.25,4.092
7.26666666666667,4.092
7.28333333333333,4.092
7.3,4.092975
7.31666666666667,4.092
7.33333333333333,4.092003
7.35,4.092
7.36666666666667,4.092
7.38333333333333,4.092
7.4,4.092
7.41666666666667,4.092
7.43333333333333,4.092105
7.45,4.092
7.46666666666667,4.092
7.48333333333333,4.092
7.5,4.092
7.51666666666667,4.092
7.53333333333333,4.092
7.55,4.092
7.56666666666667,4.092
7.58333333333333,4.092
7.6,4.092
7.61666666666667,4.092
7.63333333333333,4.092
7.65,4.092
7.66666666666667,4.092
7.68333333333333,4.092
7.7,4.092
7.71666666666667,4.092
7.73333333333333,4.092
7.75,4.092
7.76666666666667,4.092
7.78333333333333,4.092
7.8,4.092
7.81666666666667,4.091461
7.83333333333333,4.092
7.85,4.092
7.86666666666667,4.092
7.88333333333333,4.092
7.9,4.092
7.91666666666667,4.092
7.93333333333333,4.092
7.95,4.092
7.96666666666667,4.092
7.98333333333333,4.092
8,4.092
8.01666666666667,4.092
8.03333333333333,4.092
8.05,4.092
8.06666666666667,4.092
8.08333333333333,4.092
8.1,4.092
8.11666666666667,4.092
8.13333333333333,4.092
8.15,4.092
8.16666666666667,4.092
8.18333333333333,4.092
8.2,4.092
8.21666666666667,4.092
8.23333333333333,4.092
8.25,4.092
8.26666666666667,4.092
8.28333333333333,4.092
8.3,4.092
8.31666666666667,4.092
8.33333333333333,4.092
8.35,4.092
8.36666666666667,4.092
8.38333333333333,4.092
8.4,4.092
8.41666666666667,4.092
8.43333333333333,4.092
8.45,4.092
8.46666666666667,4.092
8.48333333333333,4.092
8.5,4.092
8.51666666666667,4.092
8.53333333333333,4.092
8.55,4.092
8.56666666666667,4.092
8.58333333333333,4.092
8.6,4.092
8.61666666666667,4.092
8.63333333333333,4.092
8.65,4.092
8.66666666666667,4.092
8.68333333333333,4.092
8.7,4.092
8.71666666666667,4.092
8.73333333333333,4.092
8.75,4.092
8.76666666666667,4.092
8.78333333333333,4.092
8.8,4.092
8.81666666666667,4.092
8.83333333333333,4.092
8.85,4.092
8.86666666666667,4.092
8.88333333333333,4.092
8.9,4.092
8.91666666666667,4.092
8.93333333333333,4.092
8.95,4.092
8.96666666666667,4.092
8.98333333333333,4.092
9,4.092
9.01666666666667,4.092
9.03333333333333,4.092
9.05,4.092
9.06666666666667,4.092
9.08333333333333,4.092
9.1,4.092
9.11666666666667,4.092
9.13333333333333,4.091919
9.15,4.092
9.16666666666667,4.092
9.18333333333333,4.092
9.2,4.092
9.21666666666667,4.092
9.23333333333333,4.092
9.25,4.092
9.26666666666667,4.092
9.28333333333333,4.092
9.3,4.091266
9.31666666666667,4.092
9.33333333333333,4.092
9.35,4.092
9.36666666666667,4.092
9.38333333333333,4.092
9.4,4.092
9.41666666666667,4.0916
9.43333333333333,4.092
9.45,4.091565
9.46666666666667,4.092
9.48333333333333,4.092
9.5,4.092
9.51666666666667,4.092
9.53333333333333,4.091456
9.55,4.092
9.56666666666667,4.092
9.58333333333333,4.091
9.6,4.092
9.61666666666667,4.091635
9.63333333333333,4.091655
9.65,4.092
9.66666666666667,4.091702
9.68333333333333,4.092
9.7,4.091738
9.71666666666667,4.091243
9.73333333333333,4.091772
9.75,4.092
9.76666666666667,4.092
9.78333333333333,4.092
9.8,4.092
9.81666666666667,4.091863
9.83333333333333,4.092
9.85,4.091101
9.86666666666667,4.092
9.88333333333333,4.091928
9.9,4.092
9.91666666666667,4.091978
9.93333333333333,4.092
9.95,4.091988
9.96666666666667,4.09103
9.98333333333333,4.091048
10,4.092
10.0166666666667,4.091083
10.0333333333333,4.091106
10.05,4.092
10.0666666666667,4.09185
10.0833333333333,4.092
10.1,4.091807
10.1166666666667,4.092
10.1333333333333,4.092
10.15,4.09175
10.1666666666667,4.091734
10.1833333333333,4.091711
10.2,4.091695
10.2166666666667,4.092
10.2333333333333,4.091664
10.25,4.092
10.2666666666667,4.091622
10.2833333333333,4.091403
10.3,4.091577
10.3166666666667,4.092
10.3333333333333,4.091534
10.35,4.091
10.3666666666667,4.091
10.3833333333333,4.091476
10.4,4.091
10.4166666666667,4.09156
10.4333333333333,4.092
10.45,4.092
10.4666666666667,4.091
10.4833333333333,4.091
10.5,4.091
10.5166666666667,4.092
10.5333333333333,4.091708
10.55,4.091728
10.5666666666667,4.091748
10.5833333333333,4.091
10.6,4.091
10.6166666666667,4.091
10.6333333333333,4.091
10.65,4.09185
10.6666666666667,4.091
10.6833333333333,4.091107
10.7,4.091
10.7166666666667,4.091
10.7333333333333,4.09195
10.75,4.091975
10.7666666666667,4.092
10.7833333333333,4.091016
10.8,4.09196
10.8166666666667,4.091
10.8333333333333,4.091077
10.85,4.092
10.8666666666667,4.092
10.8833333333333,4.091
10.9,4.092
10.9166666666667,4.091
10.9333333333333,4.091
10.95,4.091776
10.9666666666667,4.091
10.9833333333333,4.091273
11,4.091708
11.0166666666667,4.091686
11.0333333333333,4.091328
11.05,4.091
11.0666666666667,4.091
11.0833333333333,4.091
11.1,4.091
11.1166666666667,4.091
11.1333333333333,4.091442
11.15,4.091
11.1666666666667,4.091
11.1833333333333,4.091
11.2,4.091
11.2166666666667,4.091
11.2333333333333,4.091
11.25,4.091
11.2666666666667,4.09141
11.2833333333333,4.091
11.3,4.091
11.3166666666667,4.091
11.3333333333333,4.091
11.35,4.091
11.3666666666667,4.091715
11.3833333333333,4.091
11.4,4.091
11.4166666666667,4.091
11.4333333333333,4.091
11.45,4.091
11.4666666666667,4.091
11.4833333333333,4.091
11.5,4.091
11.5166666666667,4.091
11.5333333333333,4.091
11.55,4.091
11.5666666666667,4.091
11.5833333333333,4.091
11.6,4.091
11.6166666666667,4.091
11.6333333333333,4.091
11.65,4.091
11.6666666666667,4.091
11.6833333333333,4.091
11.7,4.091
11.7166666666667,4.091
11.7333333333333,4.091
11.75,4.091
11.7666666666667,4.091
11.7833333333333,4.091
11.8,4.091
11.8166666666667,4.091
11.8333333333333,4.091
11.85,4.091
11.8666666666667,4.091
11.8833333333333,4.091329
11.9,4.091
11.9166666666667,4.091
11.9333333333333,4.091
11.95,4.091
11.9666666666667,4.091
11.9833333333333,4.091445
12,4.091
12.0166666666667,4.091
12.0333333333333,4.091
12.05,4.091
12.0666666666667,4.091
12.0833333333333,4.091
12.1,4.091
12.1166666666667,4.091
12.1333333333333,4.091
12.15,4.091
12.1666666666667,4.091
12.1833333333333,4.091
12.2,4.091
12.2166666666667,4.091
12.2333333333333,4.091
12.25,4.091
12.2666666666667,4.091
12.2833333333333,4.091
12.3,4.091
12.3166666666667,4.091
12.3333333333333,4.091
12.35,4.091
12.3666666666667,4.091
12.3833333333333,4.091
12.4,4.091
12.4166666666667,4.091
12.4333333333333,4.091
12.45,4.091
12.4666666666667,4.091
12.4833333333333,4.091
12.5,4.091
12.5166666666667,4.091
12.5333333333333,4.091
12.55,4.091
12.5666666666667,4.091
12.5833333333333,4.091
12.6,4.091
12.6166666666667,4.091
12.6333333333333,4.091
12.65,4.091
12.6666666666667,4.091
12.6833333333333,4.090704
12.7,4.091
12.7166666666667,4.091
12.7333333333333,4.091
12.75,4.091
12.7666666666667,4.091
12.7833333333333,4.091
12.8,4.091
12.8166666666667,4.091
12.8333333333333,4.091
12.85,4.091
12.8666666666667,4.091
12.8833333333333,4.091
12.9,4.091
12.9166666666667,4.091
12.9333333333333,4.091
12.95,4.091
12.9666666666667,4.091
12.9833333333333,4.091
13,4.091
13.0166666666667,4.091
13.0333333333333,4.091
13.05,4.091
13.0666666666667,4.091
13.0833333333333,4.091
13.1,4.090207
13.1166666666667,4.090188
13.1333333333333,4.091
13.15,4.091
13.1666666666667,4.090866
13.1833333333333,4.091
13.2,4.091
13.2166666666667,4.091
13.2333333333333,4.091
13.25,4.091
13.2666666666667,4.091
13.2833333333333,4.091
13.3,4.091
13.3166666666667,4.091
13.3333333333333,4.091
13.35,4.091
13.3666666666667,4.091
13.3833333333333,4.090131
13.4,4.091
13.4166666666667,4.091
13.4333333333333,4.091
13.45,4.091
13.4666666666667,4.091
13.4833333333333,4.091
13.5,4.091
13.5166666666667,4.091
13.5333333333333,4.091
13.55,4.091
13.5666666666667,4.091
13.5833333333333,4.091
13.6,4.091
13.6166666666667,4.091
13.6333333333333,4.091
13.65,4.091
13.6666666666667,4.091
13.6833333333333,4.091
13.7,4.091
13.7166666666667,4.091
13.7333333333333,4.091
13.75,4.091
13.7666666666667,4.091
13.7833333333333,4.091
13.8,4.091
13.8166666666667,4.091
13.8333333333333,4.091
13.85,4.091
13.8666666666667,4.091
13.8833333333333,4.091
13.9,4.091
13.9166666666667,4.091
13.9333333333333,4.091
13.95,4.09
13.9666666666667,4.091
13.9833333333333,4.091
14,4.090867
14.0166666666667,4.091
14.0333333333333,4.091
14.05,4.091
14.0666666666667,4.091
14.0833333333333,4.090973
14.1,4.091
14.1166666666667,4.091
14.1333333333333,4.091
14.15,4.091
14.1666666666667,4.090921
14.1833333333333,4.091
14.2,4.091
14.2166666666667,4.091
14.2333333333333,4.091
14.25,4.090815
14.2666666666667,4.091
14.2833333333333,4.091
14.3,4.091
14.3166666666667,4.091
14.3333333333333,4.090288
14.35,4.091
14.3666666666667,4.091
14.3833333333333,4.091
14.4,4.090369
14.4166666666667,4.091
14.4333333333333,4.091
14.45,4.091
14.4666666666667,4.091
14.4833333333333,4.091
14.5,4.091
14.5166666666667,4.091
14.5333333333333,4.091
14.55,4.090446
14.5666666666667,4.091
14.5833333333333,4.091
14.6,4.091
14.6166666666667,4.090358
14.6333333333333,4.090655
14.65,4.09
14.6666666666667,4.091
14.6833333333333,4.091
14.7,4.090739
14.7166666666667,4.090759
14.7333333333333,4.091
14.75,4.090203
14.7666666666667,4.091
14.7833333333333,4.091
14.8,4.090867
14.8166666666667,4.091
14.8333333333333,4.091
14.85,4.091
14.8666666666667,4.09
14.8833333333333,4.091
14.9,4.090019
14.9166666666667,4.091
14.9333333333333,4.09098
14.95,4.091
14.9666666666667,4.091
14.9833333333333,4.090087
15,4.090115
15.0166666666667,4.09
15.0333333333333,4.090851
15.05,4.090832
15.0666666666667,4.091
15.0833333333333,4.090779
15.1,4.091
15.1166666666667,4.090743
15.1333333333333,4.090277
15.15,4.0907
15.1666666666667,4.090328
15.1833333333333,4.091
15.2,4.090634
15.2166666666667,4.09061
15.2333333333333,4.091
15.25,4.091
15.2666666666667,4.090539
15.2833333333333,4.090521
15.3,4.091
15.3166666666667,4.090476
15.3333333333333,4.090541
15.35,4.091
15.3666666666667,4.090418
15.3833333333333,4.091
15.4,4.090627
15.4166666666667,4.091
15.4333333333333,4.090661
15.45,4.09
15.4666666666667,4.090298
15.4833333333333,4.09028
15.5,4.091
15.5166666666667,4.090232
15.5333333333333,4.090783
15.55,4.090198
15.5666666666667,4.091
15.5833333333333,4.090841
15.6,4.09
15.6166666666667,4.091
15.6333333333333,4.090897
15.65,4.091
15.6666666666667,4.090943
15.6833333333333,4.09
15.7,4.090986
15.7166666666667,4.090001
15.7333333333333,4.090019
15.75,4.09004
15.7666666666667,4.090059
15.7833333333333,4.090081
15.8,4.091
15.8166666666667,4.09
15.8333333333333,4.09
15.85,4.090838
15.8666666666667,4.091
15.8833333333333,4.090201
15.9,4.09
15.9166666666667,4.09
15.9333333333333,4.09
15.95,4.091
15.9666666666667,4.090297
15.9833333333333,4.090312
16,4.090668
16.0166666666667,4.09
16.0333333333333,4.09
16.05,4.090601
16.0666666666667,4.09
16.0833333333333,4.09043
16.1,4.091
16.1166666666667,4.090532
16.1333333333333,4.090488
16.15,4.09
16.1666666666667,4.090479
16.1833333333333,4.09
16.2,4.090564
16.2166666666667,4.090418
16.2333333333333,4.090391
16.25,4.09
16.2666666666667,4.09
16.2833333333333,4.09
16.3,4.090694
16.3166666666667,4.09071
16.3333333333333,4.09
16.35,4.09
16.3666666666667,4.090772
16.3833333333333,4.09
16.4,4.09
16.4166666666667,4.09
16.4333333333333,4.091
16.45,4.090127
16.4666666666667,4.09
16.4833333333333,4.09
16.5,4.090938
16.5166666666667,4.09
16.5333333333333,4.09
16.55,4.090998
16.5666666666667,4.09
16.5833333333333,4.090037
16.6,4.09
16.6166666666667,4.09
16.6333333333333,4.09
16.65,4.090109
16.6666666666667,4.09
16.6833333333333,4.09
16.7,4.090167
16.7166666666667,4.09
16.7333333333333,4.09
16.75,4.09
16.7666666666667,4.09
16.7833333333333,4.090274
16.8,4.09
16.8166666666667,4.09
16.8333333333333,4.09
16.85,4.090361
16.8666666666667,4.091
16.8833333333333,4.09
16.9,4.09
16.9166666666667,4.090446
16.9333333333333,4.090466
16.95,4.09
16.9666666666667,4.09
16.9833333333333,4.09
17,4.09
17.0166666666667,4.09
17.0333333333333,4.09
17.05,4.09
17.0666666666667,4.090628
17.0833333333333,4.09
17.1,4.09
17.1166666666667,4.09
17.1333333333333,4.09
17.15,4.09
17.1666666666667,4.09
17.1833333333333,4.090777
17.2,4.09
17.2166666666667,4.090816
17.2333333333333,4.09
17.25,4.090144
17.2666666666667,4.09
17.2833333333333,4.09
17.3,4.09
17.3166666666667,4.09
17.3333333333333,4.09
17.35,4.09
17.3666666666667,4.09
17.3833333333333,4.09
17.4,4.09
17.4166666666667,4.09
17.4333333333333,4.09
17.45,4.090877
17.4666666666667,4.09
17.4833333333333,4.090168
17.5,4.09
17.5166666666667,4.09
17.5333333333333,4.09
17.55,4.09
17.5666666666667,4.09
17.5833333333333,4.09
17.6,4.09069
17.6166666666667,4.09
17.6333333333333,4.09
17.65,4.09
17.6666666666667,4.09
17.6833333333333,4.09
17.7,4.09
17.7166666666667,4.09
17.7333333333333,4.09
17.75,4.090507
17.7666666666667,4.09
17.7833333333333,4.09
17.8,4.09
17.8166666666667,4.09
17.8333333333333,4.09
17.85,4.09
17.8666666666667,4.09
17.8833333333333,4.09
17.9,4.09
17.9166666666667,4.09
17.9333333333333,4.09
17.95,4.09
17.9666666666667,4.09
17.9833333333333,4.09
18,4.09
18.0166666666667,4.09
18.0333333333333,4.09
18.05,4.09
18.0666666666667,4.09
18.0833333333333,4.09
18.1,4.09
18.1166666666667,4.09
18.1333333333333,4.09
18.15,4.09
18.1666666666667,4.09
18.1833333333333,4.09
18.2,4.09
18.2166666666667,4.09
18.2333333333333,4.09
18.25,4.09
18.2666666666667,4.09
18.2833333333333,4.09
18.3,4.09
18.3166666666667,4.09
18.3333333333333,4.09
18.35,4.09
18.3666666666667,4.09
18.3833333333333,4.09
18.4,4.09
18.4166666666667,4.09
18.4333333333333,4.09
18.45,4.09
18.4666666666667,4.09
18.4833333333333,4.09
18.5,4.09
18.5166666666667,4.09
18.5333333333333,4.09
18.55,4.09
18.5666666666667,4.09
18.5833333333333,4.09
18.6,4.09
18.6166666666667,4.09
18.6333333333333,4.09
18.65,4.09
18.6666666666667,4.09
18.6833333333333,4.09
18.7,4.09
18.7166666666667,4.09
18.7333333333333,4.09
18.75,4.09
18.7666666666667,4.09
18.7833333333333,4.09
18.8,4.090826
18.8166666666667,4.09
18.8333333333333,4.09
18.85,4.09
18.8666666666667,4.089911
18.8833333333333,4.09
18.9,4.09
18.9166666666667,4.09
18.9333333333333,4.09
18.95,4.09
18.9666666666667,4.09
18.9833333333333,4.09
19,4.09
19.0166666666667,4.09
19.0333333333333,4.09
19.05,4.09
19.0666666666667,4.090831
19.0833333333333,4.09
19.1,4.09
19.1166666666667,4.09
19.1333333333333,4.09
19.15,4.09
19.1666666666667,4.09
19.1833333333333,4.09
19.2,4.09
19.2166666666667,4.09
19.2333333333333,4.09
19.25,4.09
19.2666666666667,4.09
19.2833333333333,4.09
19.3,4.09
19.3166666666667,4.09
19.3333333333333,4.09
19.35,4.09
19.3666666666667,4.09
19.3833333333333,4.09
19.4,4.09
19.4166666666667,4.09
19.4333333333333,4.09
19.45,4.09
19.4666666666667,4.09
19.4833333333333,4.09
19.5,4.09
19.5166666666667,4.09
19.5333333333333,4.09
19.55,4.09
19.5666666666667,4.09
19.5833333333333,4.09
19.6,4.09
19.6166666666667,4.09
19.6333333333333,4.09
19.65,4.09
19.6666666666667,4.089049
19.6833333333333,4.09
19.7,4.09
19.7166666666667,4.09
19.7333333333333,4.09
19.75,4.09
19.7666666666667,4.09
19.7833333333333,4.09
19.8,4.09
19.8166666666667,4.09
19.8333333333333,4.089173
19.85,4.09
19.8666666666667,4.09
19.8833333333333,4.09
19.9,4.09
19.9166666666667,4.09
19.9333333333333,4.09
19.95,4.09
19.9666666666667,4.09
19.9833333333333,4.09
20,4.09
20.0166666666667,4.09
20.0333333333333,4.09
20.05,4.09
20.0666666666667,4.09
20.0833333333333,4.09
20.1,4.09
20.1166666666667,4.09
20.1333333333333,4.09
20.15,4.09
20.1666666666667,4.09
20.1833333333333,4.09
20.2,4.09
20.2166666666667,4.09
20.2333333333333,4.09
20.25,4.09
20.2666666666667,4.09
20.2833333333333,4.09
20.3,4.09
20.3166666666667,4.09
20.3333333333333,4.09
20.35,4.09
20.3666666666667,4.09
20.3833333333333,4.09
20.4,4.09
20.4166666666667,4.09
20.4333333333333,4.09
20.45,4.09
20.4666666666667,4.09
20.4833333333333,4.09
20.5,4.09
20.5166666666667,4.09
20.5333333333333,4.09
20.55,4.09
20.5666666666667,4.09
20.5833333333333,4.089147
20.6,4.09
20.6166666666667,4.09
20.6333333333333,4.09
20.65,4.089769
20.6666666666667,4.09
20.6833333333333,4.09
20.7,4.09
20.7166666666667,4.09
20.7333333333333,4.09
20.75,4.09
20.7666666666667,4.09
20.7833333333333,4.09
20.8,4.09
20.8166666666667,4.09
20.8333333333333,4.089475
20.85,4.089503
20.8666666666667,4.09
20.8833333333333,4.09
20.9,4.089433
20.9166666666667,4.09
20.9333333333333,4.09
20.95,4.089632
20.9666666666667,4.09
20.9833333333333,4.09
21,4.09
21.0166666666667,4.09
21.0333333333333,4.09
21.05,4.089225
21.0666666666667,4.089209
21.0833333333333,4.09
21.1,4.09
21.1166666666667,4.09
21.1333333333333,4.09
21.15,4.089905
21.1666666666667,4.09
21.1833333333333,4.09
21.2,4.09
21.2166666666667,4.09
21.2333333333333,4.09
21.25,4.09
21.2666666666667,4.09
21.2833333333333,4.09
21.3,4.09
21.3166666666667,4.09
21.3333333333333,4.09
21.35,4.09
21.3666666666667,4.089185
21.3833333333333,4.09
21.4,4.09
21.4166666666667,4.09
21.4333333333333,4.089732
21.45,4.09
21.4666666666667,4.09
21.4833333333333,4.09
21.5,4.09
21.5166666666667,4.09
21.5333333333333,4.09
21.55,4.09
21.5666666666667,4.09
21.5833333333333,4.089451
21.6,4.09
21.6166666666667,4.09
21.6333333333333,4.089509
21.65,4.09
21.6666666666667,4.09
21.6833333333333,4.09
21.7,4.09
21.7166666666667,4.09
21.7333333333333,4.09
21.75,4.09
21.7666666666667,4.09
21.7833333333333,4.09
21.8,4.09
21.8166666666667,4.089233
21.8333333333333,4.089209
21.85,4.089191
21.8666666666667,4.09
21.8833333333333,4.09
21.9,4.09
21.9166666666667,4.09
21.9333333333333,4.09
21.95,4.09
21.9666666666667,4.089042
21.9833333333333,4.089979
22,4.09
22.0166666666667,4.089016
22.0333333333333,4.09
22.05,4.089946
22.0666666666667,4.09
22.0833333333333,4.09
22.1,4.09
22.1166666666667,4.09
22.1333333333333,4.089836
22.15,4.089813
22.1666666666667,4.09
22.1833333333333,4.09
22.2,4.09
22.2166666666667,4.09
22.2333333333333,4.08969
22.25,4.09
22.2666666666667,4.09
22.2833333333333,4.09
22.3,4.09
22.3166666666667,4.09
22.3333333333333,4.09
22.35,4.089466
22.3666666666667,4.09
22.3833333333333,4.08949
22.4,4.089468
22.4166666666667,4.08945
22.4333333333333,4.089569
22.45,4.089412
22.4666666666667,4.09
22.4833333333333,4.08963
22.5,4.09
22.5166666666667,4.089315
22.5333333333333,4.089709
22.55,4.09
22.5666666666667,4.09
22.5833333333333,4.09
22.6,4.089788
22.6166666666667,4.09
22.6333333333333,4.09
22.65,4.09
22.6666666666667,4.089102
22.6833333333333,4.09
22.7,4.089942
22.7166666666667,4.09
22.7333333333333,4.08999
22.75,4.09
22.7666666666667,4.089969
22.7833333333333,4.089
22.8,4.089
22.8166666666667,4.09
22.8333333333333,4.09
22.85,4.09
22.8666666666667,4.09
22.8833333333333,4.09
22.9,4.089804
22.9166666666667,4.089772
22.9333333333333,4.09
22.95,4.089
22.9666666666667,4.089697
22.9833333333333,4.089674
23,4.089346
23.0166666666667,4.089
23.0333333333333,4.089388
23.05,4.089414
23.0666666666667,4.08944
23.0833333333333,4.089535
23.1,4.09
23.1166666666667,4.09
23.1333333333333,4.08946
23.15,4.09
23.1666666666667,4.09
23.1833333333333,4.09
23.2,4.08935
23.2166666666667,4.09
23.2333333333333,4.09
23.25,4.09
23.2666666666667,4.09
23.2833333333333,4.089224
23.3,4.089201
23.3166666666667,4.089822
23.3333333333333,4.09
23.35,4.09
23.3666666666667,4.09
23.3833333333333,4.089078
23.4,4.09
23.4166666666667,4.09
23.4333333333333,4.09
23.45,4.089983
23.4666666666667,4.09
23.4833333333333,4.089064
23.5,4.089
23.5166666666667,4.089107
23.5333333333333,4.09
23.55,4.09
23.5666666666667,4.089182
23.5833333333333,4.09
23.6,4.09
23.6166666666667,4.09
23.6333333333333,4.089
23.65,4.089303
23.6666666666667,4.09
23.6833333333333,4.09
23.7,4.09
23.7166666666667,4.089609
23.7333333333333,4.089417
23.75,4.089437
23.7666666666667,4.09
23.7833333333333,4.089508
23.8,4.09
23.8166666666667,4.089461
23.8333333333333,4.09
23.85,4.09
23.8666666666667,4.09
23.8833333333333,4.089642
23.9,4.089332
23.9166666666667,4.089313
23.9333333333333,4.09
23.95,4.09
23.9666666666667,4.09
23.9833333333333,4.09
24,4.09
